beach,DOW,date,ecoli_1dGM,ecoli_30dGM,units,closureYN,closure_reason
Gervais,62000700,2024-08-27,13.8,11.6,mpn/100mL,N,NA
Gervais,62000700,2024-08-27,13.8,11.6,mpn/100mL,N,NA
Gervais,62000700,2024-08-20,5.1,11.7,mpn/100mL,N,NA
Gervais,62000700,2024-08-20,5.1,11.7,mpn/100mL,N,NA
Gervais,62000700,2024-08-13,3.6,9.1,mpn/100mL,N,NA
Gervais,62000700,2024-08-13,3.6,9.1,mpn/100mL,N,NA
Gervais,62000700,2024-08-06,40.1,11.8,mpn/100mL,N,NA
Gervais,62000700,2024-08-06,40.1,11.8,mpn/100mL,N,NA
Gervais,62000700,2024-07-30,21.3,5.7,mpn/100mL,N,NA
Gervais,62000700,2024-07-30,21.3,5.7,mpn/100mL,N,NA
Gervais,62000700,2024-07-23,14.3,10.1,mpn/100mL,N,NA
Gervais,62000700,2024-07-23,14.3,10.1,mpn/100mL,N,NA
Gervais,62000700,2024-07-16,1.4,13,mpn/100mL,N,NA
Gervais,62000700,2024-07-16,1.4,13,mpn/100mL,N,NA
Gervais,62000700,2024-07-09,13.5,18.4,mpn/100mL,N,NA
Gervais,62000700,2024-07-09,13.5,18.4,mpn/100mL,N,NA
Gervais,62000700,2024-07-02,1,26.2,mpn/100mL,N,NA
Gervais,62000700,2024-07-02,1,26.2,mpn/100mL,N,NA
Gervais,62000700,2024-06-25,388.4,49.4,mpn/100mL,N,NA
Gervais,62000700,2024-06-25,388.4,49.4,mpn/100mL,N,NA
Gervais,62000700,2024-06-18,50.2,21.6,mpn/100mL,N,NA
Gervais,62000700,2024-06-18,50.2,21.6,mpn/100mL,N,NA
Gervais,62000700,2024-06-11,8,17.5,mpn/100mL,N,NA
Gervais,62000700,2024-06-11,8,17.5,mpn/100mL,N,NA
Gervais,62000700,2024-06-04,79.4,22.7,mpn/100mL,N,NA
Gervais,62000700,2024-06-04,79.4,22.7,mpn/100mL,N,NA
Gervais,62000700,2024-05-28,23.7,12.2,mpn/100mL,N,NA
Gervais,62000700,2024-05-28,23.7,12.2,mpn/100mL,N,NA
Gervais,62000700,2024-05-21,6.2,6.2,mpn/100mL,N,NA
Gervais,62000700,2024-05-21,6.2,6.2,mpn/100mL,N,NA
Gervais,62000700,2023-08-29,6.2,3.5,mpn/100mL,N,NA
Gervais,62000700,2023-08-29,6.2,3.5,mpn/100mL,N,NA
Gervais,62000700,2023-08-22,2,2.7,mpn/100mL,N,NA
Gervais,62000700,2023-08-22,2,2.7,mpn/100mL,N,NA
Gervais,62000700,2023-08-15,12.7,2.6,mpn/100mL,N,NA
Gervais,62000700,2023-08-15,12.7,2.6,mpn/100mL,N,NA
Gervais,62000700,2023-08-08,1.4,2,mpn/100mL,N,NA
Gervais,62000700,2023-08-08,1.4,2,mpn/100mL,N,NA
Gervais,62000700,2023-08-01,2.3,2.9,mpn/100mL,N,NA
Gervais,62000700,2023-08-01,2.3,2.9,mpn/100mL,N,NA
Gervais,62000700,2023-07-25,1.7,3.7,mpn/100mL,N,NA
Gervais,62000700,2023-07-25,1.7,3.7,mpn/100mL,N,NA
Gervais,62000700,2023-07-18,1.7,3.8,mpn/100mL,N,NA
Gervais,62000700,2023-07-18,1.7,3.8,mpn/100mL,N,NA
Gervais,62000700,2023-07-11,3.6,3.7,mpn/100mL,N,NA
Gervais,62000700,2023-07-11,3.6,3.7,mpn/100mL,N,NA
Gervais,62000700,2023-07-06,8.9,5.8,mpn/100mL,N,NA
Gervais,62000700,2023-07-06,8.9,5.8,mpn/100mL,N,NA
Gervais,62000700,2023-06-27,7.3,4.2,mpn/100mL,N,NA
Gervais,62000700,2023-06-27,7.3,4.2,mpn/100mL,N,NA
Gervais,62000700,2023-06-20,2,2.8,mpn/100mL,N,NA
Gervais,62000700,2023-06-20,2,2.8,mpn/100mL,N,NA
Gervais,62000700,2023-06-13,1.4,3.1,mpn/100mL,N,NA
Gervais,62000700,2023-06-13,1.4,3.1,mpn/100mL,N,NA
Gervais,62000700,2023-06-06,35.1,4,mpn/100mL,N,NA
Gervais,62000700,2023-06-06,35.1,4,mpn/100mL,N,NA
Gervais,62000700,2023-05-30,1.8,1.3,mpn/100mL,N,NA
Gervais,62000700,2023-05-30,1.8,1.3,mpn/100mL,N,NA
Gervais,62000700,2023-05-23,1,1,mpn/100mL,N,NA
Gervais,62000700,2023-05-23,1,1,mpn/100mL,N,NA
Gervais,62000700,2022-08-30,44.9,5.2,mpn/100mL,N,NA
Gervais,62000700,2022-08-30,44.9,5.2,mpn/100mL,N,NA
Gervais,62000700,2022-08-23,13.1,2.6,mpn/100mL,N,NA
Gervais,62000700,2022-08-23,13.1,2.6,mpn/100mL,N,NA
Gervais,62000700,2022-08-16,1.4,3,mpn/100mL,N,NA
Gervais,62000700,2022-08-16,1.4,3,mpn/100mL,N,NA
Gervais,62000700,2022-08-09,1.4,3.3,mpn/100mL,N,NA
Gervais,62000700,2022-08-09,1.4,3.3,mpn/100mL,N,NA
Gervais,62000700,2022-08-02,3.2,3.6,mpn/100mL,N,NA
Gervais,62000700,2022-08-02,3.2,3.6,mpn/100mL,N,NA
Gervais,62000700,2022-07-26,1.4,3,mpn/100mL,N,NA
Gervais,62000700,2022-07-26,1.4,3,mpn/100mL,N,NA
Gervais,62000700,2022-07-19,25,3.6,mpn/100mL,N,NA
Gervais,62000700,2022-07-19,25,3.6,mpn/100mL,N,NA
Gervais,62000700,2022-07-12,2.5,3,mpn/100mL,N,NA
Gervais,62000700,2022-07-12,2.5,3,mpn/100mL,N,NA
Gervais,62000700,2022-07-05,2,3.8,mpn/100mL,N,NA
Gervais,62000700,2022-07-05,2,3.8,mpn/100mL,N,NA
Gervais,62000700,2022-06-28,1.4,5.2,mpn/100mL,N,NA
Gervais,62000700,2022-06-28,1.4,5.2,mpn/100mL,N,NA
Gervais,62000700,2022-06-21,3.6,6.8,mpn/100mL,N,NA
Gervais,62000700,2022-06-21,3.6,6.8,mpn/100mL,N,NA
Gervais,62000700,2022-06-14,9,8,mpn/100mL,N,NA
Gervais,62000700,2022-06-14,9,8,mpn/100mL,N,NA
Gervais,62000700,2022-06-07,8.4,7.7,mpn/100mL,N,NA
Gervais,62000700,2022-06-07,8.4,7.7,mpn/100mL,N,NA
Gervais,62000700,2022-05-31,9.5,7.4,mpn/100mL,N,NA
Gervais,62000700,2022-05-31,9.5,7.4,mpn/100mL,N,NA
Gervais,62000700,2022-05-24,5.7,5.7,mpn/100mL,N,NA
Gervais,62000700,2022-05-24,5.7,5.7,mpn/100mL,N,NA
Gervais,62000700,2021-08-31,8.3,5.3,mpn/100mL,N,NA
Gervais,62000700,2021-08-31,8.3,5.3,mpn/100mL,N,NA
Gervais,62000700,2021-08-24,128.9,5.8,mpn/100mL,N,NA
Gervais,62000700,2021-08-24,128.9,5.8,mpn/100mL,N,NA
Gervais,62000700,2021-08-17,1,2.5,mpn/100mL,N,NA
Gervais,62000700,2021-08-17,1,2.5,mpn/100mL,N,NA
Gervais,62000700,2021-08-10,4,2.7,mpn/100mL,N,NA
Gervais,62000700,2021-08-10,4,2.7,mpn/100mL,N,NA
Gervais,62000700,2021-08-03,1,2.2,mpn/100mL,N,NA
Gervais,62000700,2021-08-03,1,2.2,mpn/100mL,N,NA
Gervais,62000700,2021-07-27,12.3,4.2,mpn/100mL,N,NA
Gervais,62000700,2021-07-27,12.3,4.2,mpn/100mL,N,NA
Gervais,62000700,2021-07-20,2,2.8,mpn/100mL,N,NA
Gervais,62000700,2021-07-20,2,2.8,mpn/100mL,N,NA
Gervais,62000700,2021-07-13,1.4,2.5,mpn/100mL,N,NA
Gervais,62000700,2021-07-13,1.4,2.5,mpn/100mL,N,NA
Gervais,62000700,2021-07-06,1.4,4.9,mpn/100mL,N,NA
Gervais,62000700,2021-07-06,1.4,4.9,mpn/100mL,N,NA
Gervais,62000700,2021-06-29,25.5,6.5,mpn/100mL,N,NA
Gervais,62000700,2021-06-29,25.5,6.5,mpn/100mL,N,NA
Gervais,62000700,2021-06-22,1.8,8.7,mpn/100mL,N,NA
Gervais,62000700,2021-06-22,1.8,8.7,mpn/100mL,N,NA
Gervais,62000700,2021-06-15,1,13,mpn/100mL,N,NA
Gervais,62000700,2021-06-15,1,13,mpn/100mL,N,NA
Gervais,62000700,2021-06-08,44.7,30.4,mpn/100mL,N,NA
Gervais,62000700,2021-06-08,44.7,30.4,mpn/100mL,N,NA
Gervais,62000700,2021-06-01,5.7,25.1,mpn/100mL,N,NA
Gervais,62000700,2021-06-01,5.7,25.1,mpn/100mL,N,NA
Gervais,62000700,2021-05-25,111.2,111.2,mpn/100mL,N,NA
Gervais,62000700,2021-05-25,111.2,111.2,mpn/100mL,N,NA
Gervais,62000700,2015-09-01,13.5,9.4,mpn/100mL,N,NA
Gervais,62000700,2015-09-01,13.5,9.4,mpn/100mL,N,NA
Gervais,62000700,2015-08-25,36.8,8.2,mpn/100mL,N,NA
Gervais,62000700,2015-08-25,36.8,8.2,mpn/100mL,N,NA
Gervais,62000700,2015-08-18,12.1,4,mpn/100mL,N,NA
Gervais,62000700,2015-08-18,12.1,4,mpn/100mL,N,NA
Gervais,62000700,2015-08-11,12.4,7.3,mpn/100mL,N,NA
Gervais,62000700,2015-08-11,12.4,7.3,mpn/100mL,N,NA
Gervais,62000700,2015-08-04,1,11.6,mpn/100mL,N,NA
Gervais,62000700,2015-08-04,1,11.6,mpn/100mL,N,NA
Gervais,62000700,2015-07-28,6.6,27.4,mpn/100mL,N,NA
Gervais,62000700,2015-07-28,6.6,27.4,mpn/100mL,N,NA
Gervais,62000700,2015-07-21,1,31.1,mpn/100mL,N,NA
Gervais,62000700,2015-07-21,1,31.1,mpn/100mL,N,NA
Gervais,62000700,2015-07-14,249.7,42.3,mpn/100mL,N,NA
Gervais,62000700,2015-07-14,249.7,42.3,mpn/100mL,N,NA
Gervais,62000700,2015-07-07,125.4,31.7,mpn/100mL,N,NA
Gervais,62000700,2015-07-07,125.4,31.7,mpn/100mL,N,NA
Gervais,62000700,2015-06-30,74.4,20.9,mpn/100mL,N,NA
Gervais,62000700,2015-06-30,74.4,20.9,mpn/100mL,N,NA
Gervais,62000700,2015-06-23,12.6,13.4,mpn/100mL,N,NA
Gervais,62000700,2015-06-23,12.6,13.4,mpn/100mL,N,NA
Gervais,62000700,2015-06-16,4.6,22.7,mpn/100mL,N,NA
Gervais,62000700,2015-06-16,4.6,22.7,mpn/100mL,N,NA
Gervais,62000700,2015-06-09,59.5,33.9,mpn/100mL,N,NA
Gervais,62000700,2015-06-09,59.5,33.9,mpn/100mL,N,NA
Gervais,62000700,2015-06-02,15.6,28.1,mpn/100mL,N,NA
Gervais,62000700,2015-06-02,15.6,28.1,mpn/100mL,N,NA
Gervais,62000700,2015-05-26,8.1,37.7,mpn/100mL,N,NA
Gervais,62000700,2015-05-26,8.1,37.7,mpn/100mL,N,NA
Gervais,62000700,2015-05-19,175.4,175.4,mpn/100mL,Y,ecoli_30dayGM
Gervais,62000700,2015-05-19,175.4,175.4,mpn/100mL,Y,ecoli_30dayGM
Gervais,62000700,2014-08-26,1.4,1.1,mpn/100mL,N,NA
Gervais,62000700,2014-08-26,1.4,1.1,mpn/100mL,N,NA
Gervais,62000700,2014-08-19,1,1.8,mpn/100mL,N,NA
Gervais,62000700,2014-08-19,1,1.8,mpn/100mL,N,NA
Gervais,62000700,2014-08-12,1.4,1.8,mpn/100mL,N,NA
Gervais,62000700,2014-08-12,1.4,1.8,mpn/100mL,N,NA
Gervais,62000700,2014-08-05,1,2.2,mpn/100mL,N,NA
Gervais,62000700,2014-08-05,1,2.2,mpn/100mL,N,NA
Gervais,62000700,2014-07-29,1,3.7,mpn/100mL,N,NA
Gervais,62000700,2014-07-29,1,3.7,mpn/100mL,N,NA
Gervais,62000700,2014-07-22,15.2,5.3,mpn/100mL,N,NA
Gervais,62000700,2014-07-22,15.2,5.3,mpn/100mL,N,NA
Gervais,62000700,2014-07-15,1,8.3,mpn/100mL,N,NA
Gervais,62000700,2014-07-15,1,8.3,mpn/100mL,N,NA
Gervais,62000700,2014-07-08,3.6,11,mpn/100mL,N,NA
Gervais,62000700,2014-07-08,3.6,11,mpn/100mL,N,NA
Gervais,62000700,2014-07-01,12.1,22.7,mpn/100mL,N,NA
Gervais,62000700,2014-07-01,12.1,22.7,mpn/100mL,N,NA
Gervais,62000700,2014-06-24,6.2,37.3,mpn/100mL,N,NA
Gervais,62000700,2014-06-24,6.2,37.3,mpn/100mL,N,NA
Gervais,62000700,2014-06-20,33.8,53.3,mpn/100mL,N,NA
Gervais,62000700,2014-06-20,33.8,53.3,mpn/100mL,N,NA
Gervais,62000700,2014-06-17,35.6,44.1,mpn/100mL,N,NA
Gervais,62000700,2014-06-17,35.6,44.1,mpn/100mL,N,NA
Gervais,62000700,2014-06-10,5.5,46.5,mpn/100mL,N,NA
Gervais,62000700,2014-06-10,5.5,46.5,mpn/100mL,N,NA
Gervais,62000700,2014-06-03,276.3,94.9,mpn/100mL,N,NA
Gervais,62000700,2014-06-03,276.3,94.9,mpn/100mL,N,NA
Gervais,62000700,2014-05-27,235.6,55.6,mpn/100mL,N,NA
Gervais,62000700,2014-05-27,235.6,55.6,mpn/100mL,N,NA
Gervais,62000700,2014-05-20,13.1,13.1,mpn/100mL,N,NA
Gervais,62000700,2014-05-20,13.1,13.1,mpn/100mL,N,NA
Gervais,62000700,2013-08-27,39.4,10.2,mpn/100mL,N,NA
Gervais,62000700,2013-08-27,39.4,10.2,mpn/100mL,N,NA
Gervais,62000700,2013-08-20,4.3,4.9,mpn/100mL,N,NA
Gervais,62000700,2013-08-20,4.3,4.9,mpn/100mL,N,NA
Gervais,62000700,2013-08-13,19.7,5.4,mpn/100mL,N,NA
Gervais,62000700,2013-08-13,19.7,5.4,mpn/100mL,N,NA
Gervais,62000700,2013-08-06,9.1,11.1,mpn/100mL,N,NA
Gervais,62000700,2013-08-06,9.1,11.1,mpn/100mL,N,NA
Gervais,62000700,2013-07-30,3.6,10.8,mpn/100mL,N,NA
Gervais,62000700,2013-07-30,3.6,10.8,mpn/100mL,N,NA
Gervais,62000700,2013-07-23,1,19.8,mpn/100mL,N,NA
Gervais,62000700,2013-07-23,1,19.8,mpn/100mL,N,NA
Gervais,62000700,2013-07-16,7,42.7,mpn/100mL,N,NA
Gervais,62000700,2013-07-16,7,42.7,mpn/100mL,N,NA
Gervais,62000700,2013-07-09,749.7,130.7,mpn/100mL,Y,ecoli_30dayGM
Gervais,62000700,2013-07-09,749.7,130.7,mpn/100mL,Y,ecoli_30dayGM
Gervais,62000700,2013-07-02,7.9,66.1,mpn/100mL,N,NA
Gervais,62000700,2013-07-02,7.9,66.1,mpn/100mL,N,NA
Gervais,62000700,2013-06-25,73.5,46.8,mpn/100mL,N,NA
Gervais,62000700,2013-06-25,73.5,46.8,mpn/100mL,N,NA
Gervais,62000700,2013-06-18,45.9,30.6,mpn/100mL,N,NA
Gervais,62000700,2013-06-18,45.9,30.6,mpn/100mL,N,NA
Gervais,62000700,2013-06-13,148.3,28.2,mpn/100mL,N,NA
Gervais,62000700,2013-06-13,148.3,28.2,mpn/100mL,N,NA
Gervais,62000700,2013-06-11,1675.7,18.6,mpn/100mL,N,NA
Gervais,62000700,2013-06-11,1675.7,18.6,mpn/100mL,N,NA
Gervais,62000700,2013-06-04,12.6,4.2,mpn/100mL,N,NA
Gervais,62000700,2013-06-04,12.6,4.2,mpn/100mL,N,NA
Gervais,62000700,2013-05-28,1,2.4,mpn/100mL,N,NA
Gervais,62000700,2013-05-28,1,2.4,mpn/100mL,N,NA
Gervais,62000700,2013-05-21,5.7,5.7,mpn/100mL,N,NA
Gervais,62000700,2013-05-21,5.7,5.7,mpn/100mL,N,NA
Gervais,62000700,2012-08-29,24.9,3,mpn/100mL,N,NA
Gervais,62000700,2012-08-29,24.9,3,mpn/100mL,N,NA
Gervais,62000700,2012-08-21,1.8,2.5,mpn/100mL,N,NA
Gervais,62000700,2012-08-21,1.8,2.5,mpn/100mL,N,NA
Gervais,62000700,2012-08-14,1.4,3.3,mpn/100mL,N,NA
Gervais,62000700,2012-08-14,1.4,3.3,mpn/100mL,N,NA
Gervais,62000700,2012-08-07,2,3.1,mpn/100mL,N,NA
Gervais,62000700,2012-08-07,2,3.1,mpn/100mL,N,NA
Gervais,62000700,2012-07-31,2,3.5,mpn/100mL,N,NA
Gervais,62000700,2012-07-31,2,3.5,mpn/100mL,N,NA
Gervais,62000700,2012-07-24,8.9,4.5,mpn/100mL,N,NA
Gervais,62000700,2012-07-24,8.9,4.5,mpn/100mL,N,NA
Gervais,62000700,2012-07-17,7.4,6.7,mpn/100mL,N,NA
Gervais,62000700,2012-07-17,7.4,6.7,mpn/100mL,N,NA
Gervais,62000700,2012-07-10,1,7.4,mpn/100mL,N,NA
Gervais,62000700,2012-07-10,1,7.4,mpn/100mL,N,NA
Gervais,62000700,2012-07-05,4,12.9,mpn/100mL,N,NA
Gervais,62000700,2012-07-05,4,12.9,mpn/100mL,N,NA
Gervais,62000700,2012-06-26,6.8,16.9,mpn/100mL,N,NA
Gervais,62000700,2012-06-26,6.8,16.9,mpn/100mL,N,NA
Gervais,62000700,2012-06-19,67.3,21.2,mpn/100mL,N,NA
Gervais,62000700,2012-06-19,67.3,21.2,mpn/100mL,N,NA
Gervais,62000700,2012-06-12,12.2,14.5,mpn/100mL,N,NA
Gervais,62000700,2012-06-12,12.2,14.5,mpn/100mL,N,NA
Gervais,62000700,2012-06-05,15.6,15.7,mpn/100mL,N,NA
Gervais,62000700,2012-06-05,15.6,15.7,mpn/100mL,N,NA
Gervais,62000700,2012-05-29,15.9,15.9,mpn/100mL,N,NA
Gervais,62000700,2012-05-29,15.9,15.9,mpn/100mL,N,NA
Gervais,62000700,2011-08-30,3,4.1,mpn/100mL,N,NA
Gervais,62000700,2011-08-30,3,4.1,mpn/100mL,N,NA
Gervais,62000700,2011-08-23,1,8.1,mpn/100mL,N,NA
Gervais,62000700,2011-08-23,1,8.1,mpn/100mL,N,NA
Gervais,62000700,2011-08-16,1,21.4,mpn/100mL,N,NA
Gervais,62000700,2011-08-16,1,21.4,mpn/100mL,N,NA
Gervais,62000700,2011-08-09,1.8,33.3,mpn/100mL,N,NA
Gervais,62000700,2011-08-09,1.8,33.3,mpn/100mL,N,NA
Gervais,62000700,2011-08-02,223.9,50,mpn/100mL,N,NA
Gervais,62000700,2011-08-02,223.9,50,mpn/100mL,N,NA
Gervais,62000700,2011-07-26,88,36,mpn/100mL,N,NA
Gervais,62000700,2011-07-26,88,36,mpn/100mL,N,NA
Gervais,62000700,2011-07-19,129.8,39.7,mpn/100mL,N,NA
Gervais,62000700,2011-07-19,129.8,39.7,mpn/100mL,N,NA
Gervais,62000700,2011-07-12,9.1,24.9,mpn/100mL,N,NA
Gervais,62000700,2011-07-12,9.1,24.9,mpn/100mL,N,NA
Gervais,62000700,2011-07-05,13.4,44.7,mpn/100mL,N,NA
Gervais,62000700,2011-07-05,13.4,44.7,mpn/100mL,N,NA
Gervais,62000700,2011-06-28,43.4,28.5,mpn/100mL,N,NA
Gervais,62000700,2011-06-28,43.4,28.5,mpn/100mL,N,NA
Gervais,62000700,2011-06-21,142.6,26.7,mpn/100mL,N,NA
Gervais,62000700,2011-06-21,142.6,26.7,mpn/100mL,N,NA
Gervais,62000700,2011-06-14,12.7,17.6,mpn/100mL,N,NA
Gervais,62000700,2011-06-14,12.7,17.6,mpn/100mL,N,NA
Gervais,62000700,2011-06-07,169.8,19.6,mpn/100mL,N,NA
Gervais,62000700,2011-06-07,169.8,19.6,mpn/100mL,N,NA
Gervais,62000700,2011-05-31,1.4,6.6,mpn/100mL,N,NA
Gervais,62000700,2011-05-31,1.4,6.6,mpn/100mL,N,NA
Gervais,62000700,2011-05-24,31.2,31.2,mpn/100mL,N,NA
Gervais,62000700,2011-05-24,31.2,31.2,mpn/100mL,N,NA
Gervais,62000700,2010-08-31,1,9.9,mpn/100mL,N,NA
Gervais,62000700,2010-08-31,1,9.9,mpn/100mL,N,NA
Gervais,62000700,2010-08-24,1,9.9,mpn/100mL,N,NA
Gervais,62000700,2010-08-24,1,9.9,mpn/100mL,N,NA
Gervais,62000700,2010-08-17,10.8,24.7,mpn/100mL,N,NA
Gervais,62000700,2010-08-17,10.8,24.7,mpn/100mL,N,NA
Gervais,62000700,2010-08-12,267.8,19.4,mpn/100mL,N,NA
Gervais,62000700,2010-08-12,267.8,19.4,mpn/100mL,N,NA
Gervais,62000700,2010-08-10,21.4,11.5,mpn/100mL,N,NA
Gervais,62000700,2010-08-10,21.4,11.5,mpn/100mL,N,NA
Gervais,62000700,2010-08-03,15.4,14.3,mpn/100mL,N,NA
Gervais,62000700,2010-08-03,15.4,14.3,mpn/100mL,N,NA
Gervais,62000700,2010-07-27,1,14.2,mpn/100mL,N,NA
Gervais,62000700,2010-07-27,1,14.2,mpn/100mL,N,NA
Gervais,62000700,2010-07-20,240,44.5,mpn/100mL,N,NA
Gervais,62000700,2010-07-20,240,44.5,mpn/100mL,N,NA
Gervais,62000700,2010-07-13,2.5,49.3,mpn/100mL,N,NA
Gervais,62000700,2010-07-13,2.5,49.3,mpn/100mL,N,NA
Gervais,62000700,2010-07-06,64.1,81.1,mpn/100mL,N,NA
Gervais,62000700,2010-07-06,64.1,81.1,mpn/100mL,N,NA
Gervais,62000700,2010-06-30,15.1,84.1,mpn/100mL,N,NA
Gervais,62000700,2010-06-30,15.1,84.1,mpn/100mL,N,NA
Gervais,62000700,2010-06-22,300,68,mpn/100mL,N,NA
Gervais,62000700,2010-06-22,300,68,mpn/100mL,N,NA
Gervais,62000700,2010-06-15,402.6,46.9,mpn/100mL,N,NA
Gervais,62000700,2010-06-15,402.6,46.9,mpn/100mL,N,NA
Gervais,62000700,2010-06-08,30.1,22.9,mpn/100mL,N,NA
Gervais,62000700,2010-06-08,30.1,22.9,mpn/100mL,N,NA
Gervais,62000700,2010-06-02,76.7,20,mpn/100mL,N,NA
Gervais,62000700,2010-06-02,76.7,20,mpn/100mL,N,NA
Gervais,62000700,2010-05-25,5.2,5.2,mpn/100mL,N,NA
Gervais,62000700,2010-05-25,5.2,5.2,mpn/100mL,N,NA
Gervais,62000700,2009-09-01,40,22.6,mpn/100mL,N,NA
Gervais,62000700,2009-09-01,40,22.6,mpn/100mL,N,NA
Gervais,62000700,2009-08-25,382.2,22.4,mpn/100mL,N,NA
Gervais,62000700,2009-08-25,382.2,22.4,mpn/100mL,N,NA
Gervais,62000700,2009-08-18,3.6,60.7,mpn/100mL,N,NA
Gervais,62000700,2009-08-18,3.6,60.7,mpn/100mL,N,NA
Gervais,62000700,2009-08-11,11.3,104.4,mpn/100mL,N,NA
Gervais,62000700,2009-08-11,11.3,104.4,mpn/100mL,N,NA
Gervais,62000700,2009-08-04,9.6,172,mpn/100mL,Y,ecoli_30dayGM
Gervais,62000700,2009-08-04,9.6,172,mpn/100mL,Y,ecoli_30dayGM
Gervais,62000700,2009-07-28,38.2,243.8,mpn/100mL,Y,ecoli_30dayGM
Gervais,62000700,2009-07-28,38.2,243.8,mpn/100mL,Y,ecoli_30dayGM
Gervais,62000700,2009-07-22,1986.3,229.5,mpn/100mL,Y,ecoli_30dayGM
Gervais,62000700,2009-07-22,1986.3,229.5,mpn/100mL,Y,ecoli_30dayGM
Gervais,62000700,2009-07-21,1706.3,149.1,mpn/100mL,Y,ecoli_30dayGM
Gervais,62000700,2009-07-21,1706.3,149.1,mpn/100mL,Y,ecoli_30dayGM
Gervais,62000700,2009-07-14,92.5,40.5,mpn/100mL,N,NA
Gervais,62000700,2009-07-14,92.5,40.5,mpn/100mL,N,NA
Gervais,62000700,2009-07-07,226.4,18.3,mpn/100mL,N,NA
Gervais,62000700,2009-07-07,226.4,18.3,mpn/100mL,N,NA
Gervais,62000700,2009-06-30,77.4,7.4,mpn/100mL,N,NA
Gervais,62000700,2009-06-30,77.4,7.4,mpn/100mL,N,NA
Gervais,62000700,2009-06-23,26.6,3.7,mpn/100mL,N,NA
Gervais,62000700,2009-06-23,26.6,3.7,mpn/100mL,N,NA
Gervais,62000700,2009-06-16,2.5,4.7,mpn/100mL,N,NA
Gervais,62000700,2009-06-16,2.5,4.7,mpn/100mL,N,NA
Gervais,62000700,2009-06-09,1.7,5.5,mpn/100mL,N,NA
Gervais,62000700,2009-06-09,1.7,5.5,mpn/100mL,N,NA
Gervais,62000700,2009-06-02,2.5,8,mpn/100mL,N,NA
Gervais,62000700,2009-06-02,2.5,8,mpn/100mL,N,NA
Gervais,62000700,2009-05-26,2.4,14.4,mpn/100mL,N,NA
Gervais,62000700,2009-05-26,2.4,14.4,mpn/100mL,N,NA
Gervais,62000700,2009-05-19,85.1,85.1,mpn/100mL,N,NA
Gervais,62000700,2009-05-19,85.1,85.1,mpn/100mL,N,NA
Gervais,62000700,2008-08-26,2,7.7,mpn/100mL,N,NA
Gervais,62000700,2008-08-19,5,16,mpn/100mL,N,NA
Gervais,62000700,2008-08-19,5,16,mpn/100mL,N,NA
Gervais,62000700,2008-08-19,5,16,mpn/100mL,N,NA
Gervais,62000700,2008-08-12,3.1,19.8,mpn/100mL,N,NA
Gervais,62000700,2008-08-12,3.1,19.8,mpn/100mL,N,NA
Gervais,62000700,2008-08-05,21.2,20.8,mpn/100mL,N,NA
Gervais,62000700,2008-08-05,21.2,20.8,mpn/100mL,N,NA
Gervais,62000700,2008-07-30,26.5,16.7,mpn/100mL,N,NA
Gervais,62000700,2008-07-30,26.5,16.7,mpn/100mL,N,NA
Gervais,62000700,2008-07-22,217.6,17.1,mpn/100mL,N,NA
Gervais,62000700,2008-07-22,217.6,17.1,mpn/100mL,N,NA
Gervais,62000700,2008-07-15,8,7.7,mpn/100mL,N,NA
Gervais,62000700,2008-07-15,8,7.7,mpn/100mL,N,NA
Gervais,62000700,2008-07-08,3.9,7.4,mpn/100mL,N,NA
Gervais,62000700,2008-07-08,3.9,7.4,mpn/100mL,N,NA
Gervais,62000700,2008-07-01,7.1,9,mpn/100mL,N,NA
Gervais,62000700,2008-07-01,7.1,9,mpn/100mL,N,NA
Gervais,62000700,2008-06-24,29.5,9.1,mpn/100mL,N,NA
Gervais,62000700,2008-06-24,29.5,9.1,mpn/100mL,N,NA
Gervais,62000700,2008-06-17,4,6.7,mpn/100mL,N,NA
Gervais,62000700,2008-06-17,4,6.7,mpn/100mL,N,NA
Gervais,62000700,2008-06-10,6.6,8,mpn/100mL,N,NA
Gervais,62000700,2008-06-10,6.6,8,mpn/100mL,N,NA
Gervais,62000700,2008-06-03,10.8,8.8,mpn/100mL,N,NA
Gervais,62000700,2008-06-03,10.8,8.8,mpn/100mL,N,NA
Gervais,62000700,2008-05-27,7.1,7.1,mpn/100mL,N,NA
Gervais,62000700,2008-05-27,7.1,7.1,mpn/100mL,N,NA
Gervais,62000700,2007-08-28,156.9,63.1,mpn/100mL,N,NA
Gervais,62000700,2007-08-28,156.9,63.1,mpn/100mL,N,NA
Gervais,62000700,2007-08-21,46.8,24.6,mpn/100mL,N,NA
Gervais,62000700,2007-08-21,46.8,24.6,mpn/100mL,N,NA
Gervais,62000700,2007-08-14,106.4,14.1,mpn/100mL,N,NA
Gervais,62000700,2007-08-14,106.4,14.1,mpn/100mL,N,NA
Gervais,62000700,2007-08-06,36.2,9.7,mpn/100mL,N,NA
Gervais,62000700,2007-08-06,36.2,9.7,mpn/100mL,N,NA
Gervais,62000700,2007-07-31,35.5,6.4,mpn/100mL,N,NA
Gervais,62000700,2007-07-31,35.5,6.4,mpn/100mL,N,NA
Gervais,62000700,2007-07-24,1.4,3.5,mpn/100mL,N,NA
Gervais,62000700,2007-07-24,1.4,3.5,mpn/100mL,N,NA
Gervais,62000700,2007-07-17,2.9,4.2,mpn/100mL,N,NA
Gervais,62000700,2007-07-17,2.9,4.2,mpn/100mL,N,NA
Gervais,62000700,2007-07-09,16.3,4,mpn/100mL,N,NA
Gervais,62000700,2007-07-09,16.3,4,mpn/100mL,N,NA
Gervais,62000700,2007-07-02,4.6,2.3,mpn/100mL,N,NA
Gervais,62000700,2007-07-02,4.6,2.3,mpn/100mL,N,NA
Gervais,62000700,2007-06-26,1.8,1.9,mpn/100mL,N,NA
Gervais,62000700,2007-06-26,1.8,1.9,mpn/100mL,N,NA
Gervais,62000700,2007-06-19,3.6,3,mpn/100mL,N,NA
Gervais,62000700,2007-06-19,3.6,3,mpn/100mL,N,NA
Gervais,62000700,2007-06-12,2.3,2.9,mpn/100mL,N,NA
Gervais,62000700,2007-06-12,2.3,2.9,mpn/100mL,N,NA
Gervais,62000700,2007-06-05,1,3.1,mpn/100mL,N,NA
Gervais,62000700,2007-06-05,1,3.1,mpn/100mL,N,NA
Gervais,62000700,2007-05-21,5.4,5.4,mpn/100mL,N,NA
Gervais,62000700,2007-05-21,5.4,5.4,mpn/100mL,N,NA
Gervais,62000700,2007-05-21,5.4,5.4,mpn/100mL,N,NA
Gervais,62000700,2007-05-21,5.4,5.4,mpn/100mL,N,NA
Gervais,62000700,2006-08-29,10.8,4,mpn/100mL,N,NA
Gervais,62000700,2006-08-29,10.8,4,mpn/100mL,N,NA
Gervais,62000700,2006-08-22,4,4.3,mpn/100mL,N,NA
Gervais,62000700,2006-08-22,4,4.3,mpn/100mL,N,NA
Gervais,62000700,2006-08-15,3.2,3.3,mpn/100mL,N,NA
Gervais,62000700,2006-08-15,3.2,3.3,mpn/100mL,N,NA
Gervais,62000700,2006-08-08,4.1,2.8,mpn/100mL,N,NA
Gervais,62000700,2006-08-08,4.1,2.8,mpn/100mL,N,NA
Gervais,62000700,2006-08-01,1.8,2.6,mpn/100mL,N,NA
Gervais,62000700,2006-08-01,1.8,2.6,mpn/100mL,N,NA
Gervais,62000700,2006-07-25,16.2,4.1,mpn/100mL,N,NA
Gervais,62000700,2006-07-25,16.2,4.1,mpn/100mL,N,NA
Gervais,62000700,2006-07-18,1,3.9,mpn/100mL,N,NA
Gervais,62000700,2006-07-18,1,3.9,mpn/100mL,N,NA
Gervais,62000700,2006-07-11,1.4,3.9,mpn/100mL,N,NA
Gervais,62000700,2006-07-11,1.4,3.9,mpn/100mL,N,NA
Gervais,62000700,2006-07-05,3.2,5.5,mpn/100mL,N,NA
Gervais,62000700,2006-07-05,3.2,5.5,mpn/100mL,N,NA
Gervais,62000700,2006-06-27,15.3,7.3,mpn/100mL,N,NA
Gervais,62000700,2006-06-27,15.3,7.3,mpn/100mL,N,NA
Gervais,62000700,2006-06-20,12.5,6.1,mpn/100mL,N,NA
Gervais,62000700,2006-06-20,12.5,6.1,mpn/100mL,N,NA
Gervais,62000700,2006-06-13,1,5.1,mpn/100mL,N,NA
Gervais,62000700,2006-06-13,1,5.1,mpn/100mL,N,NA
Gervais,62000700,2006-06-06,8.3,8.8,mpn/100mL,N,NA
Gervais,62000700,2006-06-06,8.3,8.8,mpn/100mL,N,NA
Gervais,62000700,2006-05-30,13.1,9.1,mpn/100mL,N,NA
Gervais,62000700,2006-05-30,13.1,9.1,mpn/100mL,N,NA
Gervais,62000700,2006-05-23,6.3,6.3,mpn/100mL,N,NA
Gervais,62000700,2006-05-23,6.3,6.3,mpn/100mL,N,NA
Gervais,62000700,2005-08-30,6.4,2.3,mpn/100mL,N,NA
Gervais,62000700,2005-08-30,6.4,2.3,mpn/100mL,N,NA
Gervais,62000700,2005-08-23,1.4,3.8,mpn/100mL,N,NA
Gervais,62000700,2005-08-23,1.4,3.8,mpn/100mL,N,NA
Gervais,62000700,2005-08-16,1,4.3,mpn/100mL,N,NA
Gervais,62000700,2005-08-16,1,4.3,mpn/100mL,N,NA
Gervais,62000700,2005-08-09,1.8,4.8,mpn/100mL,N,NA
Gervais,62000700,2005-08-09,1.8,4.8,mpn/100mL,N,NA
Gervais,62000700,2005-08-02,3.9,6.2,mpn/100mL,N,NA
Gervais,62000700,2005-08-02,3.9,6.2,mpn/100mL,N,NA
Gervais,62000700,2005-07-26,81.9,8.2,mpn/100mL,N,NA
Gervais,62000700,2005-07-26,81.9,8.2,mpn/100mL,N,NA
Gervais,62000700,2005-07-19,2.7,4.8,mpn/100mL,N,NA
Gervais,62000700,2005-07-19,2.7,4.8,mpn/100mL,N,NA
Gervais,62000700,2005-07-12,1.7,7.4,mpn/100mL,N,NA
Gervais,62000700,2005-07-12,1.7,7.4,mpn/100mL,N,NA
Gervais,62000700,2005-07-05,5.9,10.6,mpn/100mL,N,NA
Gervais,62000700,2005-07-05,5.9,10.6,mpn/100mL,N,NA
Gervais,62000700,2005-06-28,16.3,12.8,mpn/100mL,N,NA
Gervais,62000700,2005-06-28,16.3,12.8,mpn/100mL,N,NA
Gervais,62000700,2005-06-21,5.5,11.4,mpn/100mL,N,NA
Gervais,62000700,2005-06-21,5.5,11.4,mpn/100mL,N,NA
Gervais,62000700,2005-06-14,23.3,23.3,mpn/100mL,N,NA
Gervais,62000700,2005-06-14,23.3,23.3,mpn/100mL,N,NA
Gervais,62000700,2004-08-31,2.9,3.7,mpn/100mL,N,NA
Gervais,62000700,2004-08-31,2.9,3.7,mpn/100mL,N,NA
Gervais,62000700,2004-08-24,2.9,4.3,mpn/100mL,N,NA
Gervais,62000700,2004-08-24,2.9,4.3,mpn/100mL,N,NA
Gervais,62000700,2004-08-17,2.3,6.3,mpn/100mL,N,NA
Gervais,62000700,2004-08-17,2.3,6.3,mpn/100mL,N,NA
Gervais,62000700,2004-08-10,4.6,10.2,mpn/100mL,N,NA
Gervais,62000700,2004-08-10,4.6,10.2,mpn/100mL,N,NA
Gervais,62000700,2004-08-03,7.9,11.7,mpn/100mL,N,NA
Gervais,62000700,2004-08-03,7.9,11.7,mpn/100mL,N,NA
Gervais,62000700,2004-07-27,6.2,12.2,mpn/100mL,N,NA
Gervais,62000700,2004-07-27,6.2,12.2,mpn/100mL,N,NA
Gervais,62000700,2004-07-20,18.5,10.9,mpn/100mL,N,NA
Gervais,62000700,2004-07-20,18.5,10.9,mpn/100mL,N,NA
Gervais,62000700,2004-07-13,26.1,7.3,mpn/100mL,N,NA
Gervais,62000700,2004-07-13,26.1,7.3,mpn/100mL,N,NA
Gervais,62000700,2004-07-06,9,5.3,mpn/100mL,N,NA
Gervais,62000700,2004-07-06,9,5.3,mpn/100mL,N,NA
Gervais,62000700,2004-06-29,9.8,4.4,mpn/100mL,N,NA
Gervais,62000700,2004-06-29,9.8,4.4,mpn/100mL,N,NA
Gervais,62000700,2004-06-22,3.6,3,mpn/100mL,N,NA
Gervais,62000700,2004-06-22,3.6,3,mpn/100mL,N,NA
Gervais,62000700,2004-06-15,2.5,2.5,mpn/100mL,N,NA
Gervais,62000700,2004-06-15,2.5,2.5,mpn/100mL,N,NA
Johanna,62007800,2024-08-27,8.5,17,mpn/100mL,N,NA
Johanna,62007800,2024-08-27,8.5,17,mpn/100mL,N,NA
Johanna,62007800,2024-08-20,85.6,14.1,mpn/100mL,N,NA
Johanna,62007800,2024-08-20,85.6,14.1,mpn/100mL,N,NA
Johanna,62007800,2024-08-13,11.9,6.2,mpn/100mL,N,NA
Johanna,62007800,2024-08-13,11.9,6.2,mpn/100mL,N,NA
Johanna,62007800,2024-08-06,73.2,6,mpn/100mL,N,NA
Johanna,62007800,2024-08-06,73.2,6,mpn/100mL,N,NA
Johanna,62007800,2024-07-30,2.3,2.8,mpn/100mL,N,NA
Johanna,62007800,2024-07-30,2.3,2.8,mpn/100mL,N,NA
Johanna,62007800,2024-07-23,3.3,3.1,mpn/100mL,N,NA
Johanna,62007800,2024-07-23,3.3,3.1,mpn/100mL,N,NA
Johanna,62007800,2024-07-16,1.4,6.3,mpn/100mL,N,NA
Johanna,62007800,2024-07-16,1.4,6.3,mpn/100mL,N,NA
Johanna,62007800,2024-07-09,10.1,10.4,mpn/100mL,N,NA
Johanna,62007800,2024-07-09,10.1,10.4,mpn/100mL,N,NA
Johanna,62007800,2024-07-02,1.7,22.2,mpn/100mL,N,NA
Johanna,62007800,2024-07-02,1.7,22.2,mpn/100mL,N,NA
Johanna,62007800,2024-06-25,3.2,35.2,mpn/100mL,N,NA
Johanna,62007800,2024-06-25,3.2,35.2,mpn/100mL,N,NA
Johanna,62007800,2024-06-18,129.6,81.3,mpn/100mL,N,NA
Johanna,62007800,2024-06-18,129.6,81.3,mpn/100mL,N,NA
Johanna,62007800,2024-06-11,16.8,74,mpn/100mL,N,NA
Johanna,62007800,2024-06-11,16.8,74,mpn/100mL,N,NA
Johanna,62007800,2024-06-05,52,107.2,mpn/100mL,N,NA
Johanna,62007800,2024-06-05,52,107.2,mpn/100mL,N,NA
Johanna,62007800,2024-06-04,187.1,136.4,mpn/100mL,Y,ecoli_30dayGM
Johanna,62007800,2024-06-04,187.1,136.4,mpn/100mL,Y,ecoli_30dayGM
Johanna,62007800,2024-05-28,27.8,116.5,mpn/100mL,N,NA
Johanna,62007800,2024-05-28,27.8,116.5,mpn/100mL,N,NA
Johanna,62007800,2024-05-21,488.2,488.2,mpn/100mL,Y,ecoli_30dayGM
Johanna,62007800,2024-05-21,488.2,488.2,mpn/100mL,Y,ecoli_30dayGM
Johanna,62007800,2023-08-29,31.8,54.9,mpn/100mL,N,NA
Johanna,62007800,2023-08-29,31.8,54.9,mpn/100mL,N,NA
Johanna,62007800,2023-08-22,54.9,45.4,mpn/100mL,N,NA
Johanna,62007800,2023-08-22,54.9,45.4,mpn/100mL,N,NA
Johanna,62007800,2023-08-15,68.3,24.5,mpn/100mL,N,NA
Johanna,62007800,2023-08-15,68.3,24.5,mpn/100mL,N,NA
Johanna,62007800,2023-08-08,468.6,21,mpn/100mL,N,NA
Johanna,62007800,2023-08-08,468.6,21,mpn/100mL,N,NA
Johanna,62007800,2023-08-01,8.9,8.5,mpn/100mL,N,NA
Johanna,62007800,2023-08-01,8.9,8.5,mpn/100mL,N,NA
Johanna,62007800,2023-07-25,12.3,9.6,mpn/100mL,N,NA
Johanna,62007800,2023-07-25,12.3,9.6,mpn/100mL,N,NA
Johanna,62007800,2023-07-18,2.5,11.2,mpn/100mL,N,NA
Johanna,62007800,2023-07-18,2.5,11.2,mpn/100mL,N,NA
Johanna,62007800,2023-07-11,31.6,10.4,mpn/100mL,N,NA
Johanna,62007800,2023-07-11,31.6,10.4,mpn/100mL,N,NA
Johanna,62007800,2023-07-06,5.1,10.7,mpn/100mL,N,NA
Johanna,62007800,2023-07-06,5.1,10.7,mpn/100mL,N,NA
Johanna,62007800,2023-06-27,16.2,24.9,mpn/100mL,N,NA
Johanna,62007800,2023-06-27,16.2,24.9,mpn/100mL,N,NA
Johanna,62007800,2023-06-20,26.9,17,mpn/100mL,N,NA
Johanna,62007800,2023-06-20,26.9,17,mpn/100mL,N,NA
Johanna,62007800,2023-06-13,1.8,15.5,mpn/100mL,N,NA
Johanna,62007800,2023-06-13,1.8,15.5,mpn/100mL,N,NA
Johanna,62007800,2023-06-06,36.2,26.6,mpn/100mL,N,NA
Johanna,62007800,2023-06-06,36.2,26.6,mpn/100mL,N,NA
Johanna,62007800,2023-05-30,346.3,24,mpn/100mL,N,NA
Johanna,62007800,2023-05-30,346.3,24,mpn/100mL,N,NA
Johanna,62007800,2023-05-23,6.3,6.3,mpn/100mL,N,NA
Johanna,62007800,2023-05-23,6.3,6.3,mpn/100mL,N,NA
Johanna,62007800,2023-05-23,6.3,6.3,mpn/100mL,N,NA
Johanna,62007800,2023-05-23,6.3,6.3,mpn/100mL,N,NA
Johanna,62007800,2022-08-31,562.9,123.6,mpn/100mL,N,NA
Johanna,62007800,2022-08-31,562.9,123.6,mpn/100mL,N,NA
Johanna,62007800,2022-08-30,2400,91.3,mpn/100mL,N,NA
Johanna,62007800,2022-08-30,2400,91.3,mpn/100mL,N,NA
Johanna,62007800,2022-08-23,117.1,26.6,mpn/100mL,N,NA
Johanna,62007800,2022-08-23,117.1,26.6,mpn/100mL,N,NA
Johanna,62007800,2022-08-16,71.4,15.3,mpn/100mL,N,NA
Johanna,62007800,2022-08-16,71.4,15.3,mpn/100mL,N,NA
Johanna,62007800,2022-08-09,11,12.4,mpn/100mL,N,NA
Johanna,62007800,2022-08-09,11,12.4,mpn/100mL,N,NA
Johanna,62007800,2022-08-02,28.6,13.7,mpn/100mL,N,NA
Johanna,62007800,2022-08-02,28.6,13.7,mpn/100mL,N,NA
Johanna,62007800,2022-07-26,5.1,10.7,mpn/100mL,N,NA
Johanna,62007800,2022-07-26,5.1,10.7,mpn/100mL,N,NA
Johanna,62007800,2022-07-19,7.3,17.8,mpn/100mL,N,NA
Johanna,62007800,2022-07-19,7.3,17.8,mpn/100mL,N,NA
Johanna,62007800,2022-07-12,24.6,32.4,mpn/100mL,N,NA
Johanna,62007800,2022-07-12,24.6,32.4,mpn/100mL,N,NA
Johanna,62007800,2022-07-05,18.2,54.9,mpn/100mL,N,NA
Johanna,62007800,2022-07-05,18.2,54.9,mpn/100mL,N,NA
Johanna,62007800,2022-06-28,8.3,47.7,mpn/100mL,N,NA
Johanna,62007800,2022-06-28,8.3,47.7,mpn/100mL,N,NA
Johanna,62007800,2022-06-21,65.6,62.3,mpn/100mL,N,NA
Johanna,62007800,2022-06-21,65.6,62.3,mpn/100mL,N,NA
Johanna,62007800,2022-06-14,144.8,61.5,mpn/100mL,N,NA
Johanna,62007800,2022-06-14,144.8,61.5,mpn/100mL,N,NA
Johanna,62007800,2022-06-07,345.8,46.2,mpn/100mL,N,NA
Johanna,62007800,2022-06-07,345.8,46.2,mpn/100mL,N,NA
Johanna,62007800,2022-05-31,9,16.9,mpn/100mL,N,NA
Johanna,62007800,2022-05-31,9,16.9,mpn/100mL,N,NA
Johanna,62007800,2022-05-24,31.6,31.6,mpn/100mL,N,NA
Johanna,62007800,2022-05-24,31.6,31.6,mpn/100mL,N,NA
Johanna,62007800,2021-08-31,32.1,46.6,mpn/100mL,N,NA
Johanna,62007800,2021-08-31,32.1,46.6,mpn/100mL,N,NA
Johanna,62007800,2021-08-24,208.4,75.6,mpn/100mL,N,NA
Johanna,62007800,2021-08-24,208.4,75.6,mpn/100mL,N,NA
Johanna,62007800,2021-08-17,19.9,54.7,mpn/100mL,N,NA
Johanna,62007800,2021-08-17,19.9,54.7,mpn/100mL,N,NA
Johanna,62007800,2021-08-10,212.4,66.5,mpn/100mL,N,NA
Johanna,62007800,2021-08-10,212.4,66.5,mpn/100mL,N,NA
Johanna,62007800,2021-08-03,7.7,26.8,mpn/100mL,N,NA
Johanna,62007800,2021-08-03,7.7,26.8,mpn/100mL,N,NA
Johanna,62007800,2021-07-27,362.2,30.4,mpn/100mL,N,NA
Johanna,62007800,2021-07-27,362.2,30.4,mpn/100mL,N,NA
Johanna,62007800,2021-07-20,41.3,15.1,mpn/100mL,N,NA
Johanna,62007800,2021-07-20,41.3,15.1,mpn/100mL,N,NA
Johanna,62007800,2021-07-13,52.8,14.1,mpn/100mL,N,NA
Johanna,62007800,2021-07-13,52.8,14.1,mpn/100mL,N,NA
Johanna,62007800,2021-07-06,2.3,20.1,mpn/100mL,N,NA
Johanna,62007800,2021-07-06,2.3,20.1,mpn/100mL,N,NA
Johanna,62007800,2021-06-29,14.4,39.6,mpn/100mL,N,NA
Johanna,62007800,2021-06-29,14.4,39.6,mpn/100mL,N,NA
Johanna,62007800,2021-06-22,10.8,48.1,mpn/100mL,N,NA
Johanna,62007800,2021-06-22,10.8,48.1,mpn/100mL,N,NA
Johanna,62007800,2021-06-15,30,69.8,mpn/100mL,N,NA
Johanna,62007800,2021-06-15,30,69.8,mpn/100mL,N,NA
Johanna,62007800,2021-06-08,308.5,92.5,mpn/100mL,N,NA
Johanna,62007800,2021-06-08,308.5,92.5,mpn/100mL,N,NA
Johanna,62007800,2021-06-01,67.4,50.6,mpn/100mL,N,NA
Johanna,62007800,2021-06-01,67.4,50.6,mpn/100mL,N,NA
Johanna,62007800,2021-05-25,38,38,mpn/100mL,N,NA
Johanna,62007800,2021-05-25,38,38,mpn/100mL,N,NA
Johanna,62007800,2015-09-01,29.5,13.3,mpn/100mL,N,NA
Johanna,62007800,2015-09-01,29.5,13.3,mpn/100mL,N,NA
Johanna,62007800,2015-08-25,23.9,25.3,mpn/100mL,N,NA
Johanna,62007800,2015-08-25,23.9,25.3,mpn/100mL,N,NA
Johanna,62007800,2015-08-18,9.6,17.4,mpn/100mL,N,NA
Johanna,62007800,2015-08-18,9.6,17.4,mpn/100mL,N,NA
Johanna,62007800,2015-08-11,5,19.9,mpn/100mL,N,NA
Johanna,62007800,2015-08-11,5,19.9,mpn/100mL,N,NA
Johanna,62007800,2015-08-04,12.1,20,mpn/100mL,N,NA
Johanna,62007800,2015-08-04,12.1,20,mpn/100mL,N,NA
Johanna,62007800,2015-07-30,10,22.7,mpn/100mL,N,NA
Johanna,62007800,2015-07-30,10,22.7,mpn/100mL,N,NA
Johanna,62007800,2015-07-28,1849.4,26.7,mpn/100mL,N,NA
Johanna,62007800,2015-07-28,1849.4,26.7,mpn/100mL,N,NA
Johanna,62007800,2015-07-21,2.5,6.4,mpn/100mL,N,NA
Johanna,62007800,2015-07-21,2.5,6.4,mpn/100mL,N,NA
Johanna,62007800,2015-07-14,21.7,5.3,mpn/100mL,N,NA
Johanna,62007800,2015-07-14,21.7,5.3,mpn/100mL,N,NA
Johanna,62007800,2015-07-07,5.2,2.9,mpn/100mL,N,NA
Johanna,62007800,2015-07-07,5.2,2.9,mpn/100mL,N,NA
Johanna,62007800,2015-06-30,26,2.5,mpn/100mL,N,NA
Johanna,62007800,2015-06-30,26,2.5,mpn/100mL,N,NA
Johanna,62007800,2015-06-23,1.4,1.4,mpn/100mL,N,NA
Johanna,62007800,2015-06-23,1.4,1.4,mpn/100mL,N,NA
Johanna,62007800,2015-06-16,1,1.3,mpn/100mL,N,NA
Johanna,62007800,2015-06-16,1,1.3,mpn/100mL,N,NA
Johanna,62007800,2015-06-09,1,1.4,mpn/100mL,N,NA
Johanna,62007800,2015-06-09,1,1.4,mpn/100mL,N,NA
Johanna,62007800,2015-06-02,2.7,1.6,mpn/100mL,N,NA
Johanna,62007800,2015-06-02,2.7,1.6,mpn/100mL,N,NA
Johanna,62007800,2015-05-26,1.4,1.2,mpn/100mL,N,NA
Johanna,62007800,2015-05-26,1.4,1.2,mpn/100mL,N,NA
Johanna,62007800,2015-05-19,1,1,mpn/100mL,N,NA
Johanna,62007800,2015-05-19,1,1,mpn/100mL,N,NA
Johanna,62007800,2014-08-26,4,3,mpn/100mL,N,NA
Johanna,62007800,2014-08-26,4,3,mpn/100mL,N,NA
Johanna,62007800,2014-08-19,17.1,2.3,mpn/100mL,N,NA
Johanna,62007800,2014-08-19,17.1,2.3,mpn/100mL,N,NA
Johanna,62007800,2014-08-12,2.5,1.3,mpn/100mL,N,NA
Johanna,62007800,2014-08-12,2.5,1.3,mpn/100mL,N,NA
Johanna,62007800,2014-08-05,1,1.3,mpn/100mL,N,NA
Johanna,62007800,2014-08-05,1,1.3,mpn/100mL,N,NA
Johanna,62007800,2014-07-29,1.4,1.4,mpn/100mL,N,NA
Johanna,62007800,2014-07-29,1.4,1.4,mpn/100mL,N,NA
Johanna,62007800,2014-07-22,1,1.9,mpn/100mL,N,NA
Johanna,62007800,2014-07-22,1,1.9,mpn/100mL,N,NA
Johanna,62007800,2014-07-15,1,3.1,mpn/100mL,N,NA
Johanna,62007800,2014-07-15,1,3.1,mpn/100mL,N,NA
Johanna,62007800,2014-07-08,3.1,5.9,mpn/100mL,N,NA
Johanna,62007800,2014-07-08,3.1,5.9,mpn/100mL,N,NA
Johanna,62007800,2014-07-01,1.4,9.8,mpn/100mL,N,NA
Johanna,62007800,2014-07-01,1.4,9.8,mpn/100mL,N,NA
Johanna,62007800,2014-06-24,5.9,19.1,mpn/100mL,N,NA
Johanna,62007800,2014-06-24,5.9,19.1,mpn/100mL,N,NA
Johanna,62007800,2014-06-17,12,16.7,mpn/100mL,N,NA
Johanna,62007800,2014-06-17,12,16.7,mpn/100mL,N,NA
Johanna,62007800,2014-06-10,22.6,18.2,mpn/100mL,N,NA
Johanna,62007800,2014-06-10,22.6,18.2,mpn/100mL,N,NA
Johanna,62007800,2014-06-03,39.6,16.9,mpn/100mL,N,NA
Johanna,62007800,2014-06-03,39.6,16.9,mpn/100mL,N,NA
Johanna,62007800,2014-05-27,40,11,mpn/100mL,N,NA
Johanna,62007800,2014-05-27,40,11,mpn/100mL,N,NA
Johanna,62007800,2014-05-20,3,3,mpn/100mL,N,NA
Johanna,62007800,2014-05-20,3,3,mpn/100mL,N,NA
Johanna,62007800,2013-08-27,60.8,32.1,mpn/100mL,N,NA
Johanna,62007800,2013-08-27,60.8,32.1,mpn/100mL,N,NA
Johanna,62007800,2013-08-20,206.7,24.1,mpn/100mL,N,NA
Johanna,62007800,2013-08-20,206.7,24.1,mpn/100mL,N,NA
Johanna,62007800,2013-08-13,6.2,12.8,mpn/100mL,N,NA
Johanna,62007800,2013-08-13,6.2,12.8,mpn/100mL,N,NA
Johanna,62007800,2013-08-06,9,17.6,mpn/100mL,N,NA
Johanna,62007800,2013-08-06,9,17.6,mpn/100mL,N,NA
Johanna,62007800,2013-07-30,48.5,18.2,mpn/100mL,N,NA
Johanna,62007800,2013-07-30,48.5,18.2,mpn/100mL,N,NA
Johanna,62007800,2013-07-23,14.6,16.5,mpn/100mL,N,NA
Johanna,62007800,2013-07-23,14.6,16.5,mpn/100mL,N,NA
Johanna,62007800,2013-07-16,8.7,11.1,mpn/100mL,N,NA
Johanna,62007800,2013-07-16,8.7,11.1,mpn/100mL,N,NA
Johanna,62007800,2013-07-09,30.7,10.2,mpn/100mL,N,NA
Johanna,62007800,2013-07-09,30.7,10.2,mpn/100mL,N,NA
Johanna,62007800,2013-07-02,10.7,8,mpn/100mL,N,NA
Johanna,62007800,2013-07-02,10.7,8,mpn/100mL,N,NA
Johanna,62007800,2013-06-25,29.7,6.3,mpn/100mL,N,NA
Johanna,62007800,2013-06-25,29.7,6.3,mpn/100mL,N,NA
Johanna,62007800,2013-06-18,2,6.7,mpn/100mL,N,NA
Johanna,62007800,2013-06-18,2,6.7,mpn/100mL,N,NA
Johanna,62007800,2013-06-11,5.7,9,mpn/100mL,N,NA
Johanna,62007800,2013-06-11,5.7,9,mpn/100mL,N,NA
Johanna,62007800,2013-06-04,9,10.5,mpn/100mL,N,NA
Johanna,62007800,2013-06-04,9,10.5,mpn/100mL,N,NA
Johanna,62007800,2013-05-28,3.2,11.4,mpn/100mL,N,NA
Johanna,62007800,2013-05-28,3.2,11.4,mpn/100mL,N,NA
Johanna,62007800,2013-05-21,40,40,mpn/100mL,N,NA
Johanna,62007800,2013-05-21,40,40,mpn/100mL,N,NA
Johanna,62007800,2012-08-29,299.1,88.8,mpn/100mL,N,NA
Johanna,62007800,2012-08-29,299.1,88.8,mpn/100mL,N,NA
Johanna,62007800,2012-08-21,902.3,44.6,mpn/100mL,N,NA
Johanna,62007800,2012-08-21,902.3,44.6,mpn/100mL,N,NA
Johanna,62007800,2012-08-14,17.5,19.2,mpn/100mL,N,NA
Johanna,62007800,2012-08-14,17.5,19.2,mpn/100mL,N,NA
Johanna,62007800,2012-08-07,20.6,27.2,mpn/100mL,N,NA
Johanna,62007800,2012-08-07,20.6,27.2,mpn/100mL,N,NA
Johanna,62007800,2012-07-31,56.5,26.2,mpn/100mL,N,NA
Johanna,62007800,2012-07-31,56.5,26.2,mpn/100mL,N,NA
Johanna,62007800,2012-07-24,9.6,23.3,mpn/100mL,N,NA
Johanna,62007800,2012-07-24,9.6,23.3,mpn/100mL,N,NA
Johanna,62007800,2012-07-17,13.4,27.3,mpn/100mL,N,NA
Johanna,62007800,2012-07-17,13.4,27.3,mpn/100mL,N,NA
Johanna,62007800,2012-07-10,99.4,21.5,mpn/100mL,N,NA
Johanna,62007800,2012-07-10,99.4,21.5,mpn/100mL,N,NA
Johanna,62007800,2012-07-05,17.2,8.6,mpn/100mL,N,NA
Johanna,62007800,2012-07-05,17.2,8.6,mpn/100mL,N,NA
Johanna,62007800,2012-06-26,30.8,5.6,mpn/100mL,N,NA
Johanna,62007800,2012-06-26,30.8,5.6,mpn/100mL,N,NA
Johanna,62007800,2012-06-19,21.3,3.6,mpn/100mL,N,NA
Johanna,62007800,2012-06-19,21.3,3.6,mpn/100mL,N,NA
Johanna,62007800,2012-06-12,4.1,2,mpn/100mL,N,NA
Johanna,62007800,2012-06-12,4.1,2,mpn/100mL,N,NA
Johanna,62007800,2012-06-05,1,1.4,mpn/100mL,N,NA
Johanna,62007800,2012-06-05,1,1.4,mpn/100mL,N,NA
Johanna,62007800,2012-05-29,2,2,mpn/100mL,N,NA
Johanna,62007800,2012-05-29,2,2,mpn/100mL,N,NA
Johanna,62007800,2011-08-30,2.5,3.3,mpn/100mL,N,NA
Johanna,62007800,2011-08-30,2.5,3.3,mpn/100mL,N,NA
Johanna,62007800,2011-08-23,4.6,5,mpn/100mL,N,NA
Johanna,62007800,2011-08-23,4.6,5,mpn/100mL,N,NA
Johanna,62007800,2011-08-16,2.9,6.9,mpn/100mL,N,NA
Johanna,62007800,2011-08-16,2.9,6.9,mpn/100mL,N,NA
Johanna,62007800,2011-08-09,1.7,11.4,mpn/100mL,N,NA
Johanna,62007800,2011-08-09,1.7,11.4,mpn/100mL,N,NA
Johanna,62007800,2011-08-02,6.9,13.8,mpn/100mL,N,NA
Johanna,62007800,2011-08-02,6.9,13.8,mpn/100mL,N,NA
Johanna,62007800,2011-07-26,19.2,10.8,mpn/100mL,N,NA
Johanna,62007800,2011-07-26,19.2,10.8,mpn/100mL,N,NA
Johanna,62007800,2011-07-19,24.1,14.2,mpn/100mL,N,NA
Johanna,62007800,2011-07-19,24.1,14.2,mpn/100mL,N,NA
Johanna,62007800,2011-07-12,35.6,12,mpn/100mL,N,NA
Johanna,62007800,2011-07-12,35.6,12,mpn/100mL,N,NA
Johanna,62007800,2011-07-05,4.4,13.1,mpn/100mL,N,NA
Johanna,62007800,2011-07-05,4.4,13.1,mpn/100mL,N,NA
Johanna,62007800,2011-06-28,2,11.7,mpn/100mL,N,NA
Johanna,62007800,2011-06-28,2,11.7,mpn/100mL,N,NA
Johanna,62007800,2011-06-21,74.8,20.2,mpn/100mL,N,NA
Johanna,62007800,2011-06-21,74.8,20.2,mpn/100mL,N,NA
Johanna,62007800,2011-06-14,10.6,14.6,mpn/100mL,N,NA
Johanna,62007800,2011-06-14,10.6,14.6,mpn/100mL,N,NA
Johanna,62007800,2011-06-07,55.3,16.3,mpn/100mL,N,NA
Johanna,62007800,2011-06-07,55.3,16.3,mpn/100mL,N,NA
Johanna,62007800,2011-05-31,2.5,8.8,mpn/100mL,N,NA
Johanna,62007800,2011-05-31,2.5,8.8,mpn/100mL,N,NA
Johanna,62007800,2011-05-24,31.2,31.2,mpn/100mL,N,NA
Johanna,62007800,2011-05-24,31.2,31.2,mpn/100mL,N,NA
Johanna,62007800,2010-08-31,16.2,10.8,mpn/100mL,N,NA
Johanna,62007800,2010-08-31,16.2,10.8,mpn/100mL,N,NA
Johanna,62007800,2010-08-24,23.6,6.2,mpn/100mL,N,NA
Johanna,62007800,2010-08-24,23.6,6.2,mpn/100mL,N,NA
Johanna,62007800,2010-08-17,6.9,4.2,mpn/100mL,N,NA
Johanna,62007800,2010-08-17,6.9,4.2,mpn/100mL,N,NA
Johanna,62007800,2010-08-10,31.7,5.8,mpn/100mL,N,NA
Johanna,62007800,2010-08-10,31.7,5.8,mpn/100mL,N,NA
Johanna,62007800,2010-08-03,1.7,3.4,mpn/100mL,N,NA
Johanna,62007800,2010-08-03,1.7,3.4,mpn/100mL,N,NA
Johanna,62007800,2010-07-27,1,7.3,mpn/100mL,N,NA
Johanna,62007800,2010-07-27,1,7.3,mpn/100mL,N,NA
Johanna,62007800,2010-07-20,3.5,14.3,mpn/100mL,N,NA
Johanna,62007800,2010-07-20,3.5,14.3,mpn/100mL,N,NA
Johanna,62007800,2010-07-13,34.2,21,mpn/100mL,N,NA
Johanna,62007800,2010-07-13,34.2,21,mpn/100mL,N,NA
Johanna,62007800,2010-07-06,2.3,21.3,mpn/100mL,N,NA
Johanna,62007800,2010-07-06,2.3,21.3,mpn/100mL,N,NA
Johanna,62007800,2010-06-30,75.2,18.1,mpn/100mL,N,NA
Johanna,62007800,2010-06-30,75.2,18.1,mpn/100mL,N,NA
Johanna,62007800,2010-06-22,29.2,10.8,mpn/100mL,N,NA
Johanna,62007800,2010-06-22,29.2,10.8,mpn/100mL,N,NA
Johanna,62007800,2010-06-15,24,8.4,mpn/100mL,N,NA
Johanna,62007800,2010-06-15,24,8.4,mpn/100mL,N,NA
Johanna,62007800,2010-06-08,36.5,5.9,mpn/100mL,N,NA
Johanna,62007800,2010-06-08,36.5,5.9,mpn/100mL,N,NA
Johanna,62007800,2010-06-02,1,2.4,mpn/100mL,N,NA
Johanna,62007800,2010-06-02,1,2.4,mpn/100mL,N,NA
Johanna,62007800,2010-05-25,5.7,5.7,mpn/100mL,N,NA
Johanna,62007800,2010-05-25,5.7,5.7,mpn/100mL,N,NA
Johanna,62007800,2009-09-01,19.1,13.4,mpn/100mL,N,NA
Johanna,62007800,2009-09-01,19.1,13.4,mpn/100mL,N,NA
Johanna,62007800,2009-08-25,12.1,11.1,mpn/100mL,N,NA
Johanna,62007800,2009-08-25,12.1,11.1,mpn/100mL,N,NA
Johanna,62007800,2009-08-18,2,11.3,mpn/100mL,N,NA
Johanna,62007800,2009-08-18,2,11.3,mpn/100mL,N,NA
Johanna,62007800,2009-08-11,49,12.6,mpn/100mL,N,NA
Johanna,62007800,2009-08-11,49,12.6,mpn/100mL,N,NA
Johanna,62007800,2009-08-04,18.9,5.8,mpn/100mL,N,NA
Johanna,62007800,2009-08-04,18.9,5.8,mpn/100mL,N,NA
Johanna,62007800,2009-07-28,7.5,4.2,mpn/100mL,N,NA
Johanna,62007800,2009-07-28,7.5,4.2,mpn/100mL,N,NA
Johanna,62007800,2009-07-21,13,4.9,mpn/100mL,N,NA
Johanna,62007800,2009-07-21,13,4.9,mpn/100mL,N,NA
Johanna,62007800,2009-07-14,3.5,4.3,mpn/100mL,N,NA
Johanna,62007800,2009-07-14,3.5,4.3,mpn/100mL,N,NA
Johanna,62007800,2009-07-07,1,3.9,mpn/100mL,N,NA
Johanna,62007800,2009-07-07,1,3.9,mpn/100mL,N,NA
Johanna,62007800,2009-06-30,3.6,6.6,mpn/100mL,N,NA
Johanna,62007800,2009-06-30,3.6,6.6,mpn/100mL,N,NA
Johanna,62007800,2009-06-23,17,5.9,mpn/100mL,N,NA
Johanna,62007800,2009-06-23,17,5.9,mpn/100mL,N,NA
Johanna,62007800,2009-06-16,6.6,3.3,mpn/100mL,N,NA
Johanna,62007800,2009-06-16,6.6,3.3,mpn/100mL,N,NA
Johanna,62007800,2009-06-09,2.3,2.8,mpn/100mL,N,NA
Johanna,62007800,2009-06-09,2.3,2.8,mpn/100mL,N,NA
Johanna,62007800,2009-06-02,13.7,3,mpn/100mL,N,NA
Johanna,62007800,2009-06-02,13.7,3,mpn/100mL,N,NA
Johanna,62007800,2009-05-26,2,1.4,mpn/100mL,N,NA
Johanna,62007800,2009-05-26,2,1.4,mpn/100mL,N,NA
Johanna,62007800,2009-05-19,1,1,mpn/100mL,N,NA
Johanna,62007800,2009-05-19,1,1,mpn/100mL,N,NA
Johanna,62007800,2008-08-26,4.9,4,mpn/100mL,N,NA
Johanna,62007800,2008-08-26,4.9,4,mpn/100mL,N,NA
Johanna,62007800,2008-08-19,14.5,4.4,mpn/100mL,N,NA
Johanna,62007800,2008-08-19,14.5,4.4,mpn/100mL,N,NA
Johanna,62007800,2008-08-12,13.6,3.7,mpn/100mL,N,NA
Johanna,62007800,2008-08-12,13.6,3.7,mpn/100mL,N,NA
Johanna,62007800,2008-08-05,1,2.9,mpn/100mL,N,NA
Johanna,62007800,2008-08-05,1,2.9,mpn/100mL,N,NA
Johanna,62007800,2008-07-30,1,4.6,mpn/100mL,N,NA
Johanna,62007800,2008-07-30,1,4.6,mpn/100mL,N,NA
Johanna,62007800,2008-07-22,8.4,4.6,mpn/100mL,N,NA
Johanna,62007800,2008-07-22,8.4,4.6,mpn/100mL,N,NA
Johanna,62007800,2008-07-15,6.2,3,mpn/100mL,N,NA
Johanna,62007800,2008-07-15,6.2,3,mpn/100mL,N,NA
Johanna,62007800,2008-07-08,4,2.6,mpn/100mL,N,NA
Johanna,62007800,2008-07-08,4,2.6,mpn/100mL,N,NA
Johanna,62007800,2008-07-01,9.5,4.1,mpn/100mL,N,NA
Johanna,62007800,2008-07-01,9.5,4.1,mpn/100mL,N,NA
Johanna,62007800,2008-06-24,1,3.3,mpn/100mL,N,NA
Johanna,62007800,2008-06-24,1,3.3,mpn/100mL,N,NA
Johanna,62007800,2008-06-17,1,4.4,mpn/100mL,N,NA
Johanna,62007800,2008-06-17,1,4.4,mpn/100mL,N,NA
Johanna,62007800,2008-06-10,3.2,7.2,mpn/100mL,N,NA
Johanna,62007800,2008-06-10,3.2,7.2,mpn/100mL,N,NA
Johanna,62007800,2008-06-03,39.8,10.7,mpn/100mL,N,NA
Johanna,62007800,2008-06-03,39.8,10.7,mpn/100mL,N,NA
Johanna,62007800,2008-05-27,2.9,2.9,mpn/100mL,N,NA
Johanna,62007800,2008-05-27,2.9,2.9,mpn/100mL,N,NA
Johanna,62007800,2007-08-28,41.7,8,mpn/100mL,N,NA
Johanna,62007800,2007-08-28,41.7,8,mpn/100mL,N,NA
Johanna,62007800,2007-08-21,24.2,3.8,mpn/100mL,N,NA
Johanna,62007800,2007-08-21,24.2,3.8,mpn/100mL,N,NA
Johanna,62007800,2007-08-14,1.8,2,mpn/100mL,N,NA
Johanna,62007800,2007-08-14,1.8,2,mpn/100mL,N,NA
Johanna,62007800,2007-08-06,4.3,2.1,mpn/100mL,N,NA
Johanna,62007800,2007-08-06,4.3,2.1,mpn/100mL,N,NA
Johanna,62007800,2007-07-31,4.2,2.3,mpn/100mL,N,NA
Johanna,62007800,2007-07-31,4.2,2.3,mpn/100mL,N,NA
Johanna,62007800,2007-07-24,1,1.7,mpn/100mL,N,NA
Johanna,62007800,2007-07-24,1,1.7,mpn/100mL,N,NA
Johanna,62007800,2007-07-17,1,1.9,mpn/100mL,N,NA
Johanna,62007800,2007-07-17,1,1.9,mpn/100mL,N,NA
Johanna,62007800,2007-07-09,2.5,3.2,mpn/100mL,N,NA
Johanna,62007800,2007-07-09,2.5,3.2,mpn/100mL,N,NA
Johanna,62007800,2007-07-02,6.3,4.2,mpn/100mL,N,NA
Johanna,62007800,2007-07-02,6.3,4.2,mpn/100mL,N,NA
Johanna,62007800,2007-06-26,1,3.3,mpn/100mL,N,NA
Johanna,62007800,2007-06-26,1,3.3,mpn/100mL,N,NA
Johanna,62007800,2007-06-19,1.4,8.2,mpn/100mL,N,NA
Johanna,62007800,2007-06-19,1.4,8.2,mpn/100mL,N,NA
Johanna,62007800,2007-06-12,14.2,12.7,mpn/100mL,N,NA
Johanna,62007800,2007-06-12,14.2,12.7,mpn/100mL,N,NA
Johanna,62007800,2007-06-05,10.5,12.2,mpn/100mL,N,NA
Johanna,62007800,2007-06-05,10.5,12.2,mpn/100mL,N,NA
Johanna,62007800,2007-05-29,1.8,13.2,mpn/100mL,N,NA
Johanna,62007800,2007-05-29,1.8,13.2,mpn/100mL,N,NA
Johanna,62007800,2007-05-21,99,99,mpn/100mL,N,NA
Johanna,62007800,2007-05-21,99,99,mpn/100mL,N,NA
Johanna,62007800,2006-08-29,10.8,1.6,mpn/100mL,N,NA
Johanna,62007800,2006-08-29,10.8,1.6,mpn/100mL,N,NA
Johanna,62007800,2006-08-22,1,1.5,mpn/100mL,N,NA
Johanna,62007800,2006-08-22,1,1.5,mpn/100mL,N,NA
Johanna,62007800,2006-08-15,1,1.7,mpn/100mL,N,NA
Johanna,62007800,2006-08-15,1,1.7,mpn/100mL,N,NA
Johanna,62007800,2006-08-08,1,2.6,mpn/100mL,N,NA
Johanna,62007800,2006-08-08,1,2.6,mpn/100mL,N,NA
Johanna,62007800,2006-08-01,1,3.6,mpn/100mL,N,NA
Johanna,62007800,2006-08-01,1,3.6,mpn/100mL,N,NA
Johanna,62007800,2006-07-25,7.5,4.1,mpn/100mL,N,NA
Johanna,62007800,2006-07-25,7.5,4.1,mpn/100mL,N,NA
Johanna,62007800,2006-07-18,2,3.5,mpn/100mL,N,NA
Johanna,62007800,2006-07-18,2,3.5,mpn/100mL,N,NA
Johanna,62007800,2006-07-11,7.7,3.3,mpn/100mL,N,NA
Johanna,62007800,2006-07-11,7.7,3.3,mpn/100mL,N,NA
Johanna,62007800,2006-07-05,5.6,3.2,mpn/100mL,N,NA
Johanna,62007800,2006-07-05,5.6,3.2,mpn/100mL,N,NA
Johanna,62007800,2006-06-27,1.8,2.3,mpn/100mL,N,NA
Johanna,62007800,2006-06-27,1.8,2.3,mpn/100mL,N,NA
Johanna,62007800,2006-06-20,3.5,3.3,mpn/100mL,N,NA
Johanna,62007800,2006-06-20,3.5,3.3,mpn/100mL,N,NA
Johanna,62007800,2006-06-13,1.4,3.3,mpn/100mL,N,NA
Johanna,62007800,2006-06-13,1.4,3.3,mpn/100mL,N,NA
Johanna,62007800,2006-06-06,6.7,4.3,mpn/100mL,N,NA
Johanna,62007800,2006-06-06,6.7,4.3,mpn/100mL,N,NA
Johanna,62007800,2006-05-30,1,3.5,mpn/100mL,N,NA
Johanna,62007800,2006-05-30,1,3.5,mpn/100mL,N,NA
Johanna,62007800,2006-05-23,12.1,12.1,mpn/100mL,N,NA
Johanna,62007800,2006-05-23,12.1,12.1,mpn/100mL,N,NA
Johanna,62007800,2005-08-30,8.8,2.4,mpn/100mL,N,NA
Johanna,62007800,2005-08-30,8.8,2.4,mpn/100mL,N,NA
Johanna,62007800,2005-08-23,2.5,6.5,mpn/100mL,N,NA
Johanna,62007800,2005-08-23,2.5,6.5,mpn/100mL,N,NA
Johanna,62007800,2005-08-16,1,9.9,mpn/100mL,N,NA
Johanna,62007800,2005-08-16,1,9.9,mpn/100mL,N,NA
Johanna,62007800,2005-08-09,1,11.4,mpn/100mL,N,NA
Johanna,62007800,2005-08-09,1,11.4,mpn/100mL,N,NA
Johanna,62007800,2005-08-02,3.5,12.8,mpn/100mL,N,NA
Johanna,62007800,2005-08-02,3.5,12.8,mpn/100mL,N,NA
Johanna,62007800,2005-07-28,8.7,17.1,mpn/100mL,N,NA
Johanna,62007800,2005-07-28,8.7,17.1,mpn/100mL,N,NA
Johanna,62007800,2005-07-26,991.1,19.6,mpn/100mL,N,NA
Johanna,62007800,2005-07-26,991.1,19.6,mpn/100mL,N,NA
Johanna,62007800,2005-07-19,31.6,6.3,mpn/100mL,N,NA
Johanna,62007800,2005-07-19,31.6,6.3,mpn/100mL,N,NA
Johanna,62007800,2005-07-12,2.3,4.5,mpn/100mL,N,NA
Johanna,62007800,2005-07-12,2.3,4.5,mpn/100mL,N,NA
Johanna,62007800,2005-07-05,2,5.4,mpn/100mL,N,NA
Johanna,62007800,2005-07-05,2,5.4,mpn/100mL,N,NA
Johanna,62007800,2005-06-28,20.2,7.5,mpn/100mL,N,NA
Johanna,62007800,2005-06-28,20.2,7.5,mpn/100mL,N,NA
Johanna,62007800,2005-06-21,3.5,4.6,mpn/100mL,N,NA
Johanna,62007800,2005-06-21,3.5,4.6,mpn/100mL,N,NA
Johanna,62007800,2005-06-14,5.9,5.9,mpn/100mL,N,NA
Johanna,62007800,2005-06-14,5.9,5.9,mpn/100mL,N,NA
Johanna,62007800,2004-08-31,2,5.3,mpn/100mL,N,NA
Johanna,62007800,2004-08-31,2,5.3,mpn/100mL,N,NA
Johanna,62007800,2004-08-24,5.7,12,mpn/100mL,N,NA
Johanna,62007800,2004-08-24,5.7,12,mpn/100mL,N,NA
Johanna,62007800,2004-08-17,7.4,13.3,mpn/100mL,N,NA
Johanna,62007800,2004-08-17,7.4,13.3,mpn/100mL,N,NA
Johanna,62007800,2004-08-10,8.5,18.3,mpn/100mL,N,NA
Johanna,62007800,2004-08-10,8.5,18.3,mpn/100mL,N,NA
Johanna,62007800,2004-08-03,5.8,18.7,mpn/100mL,N,NA
Johanna,62007800,2004-08-03,5.8,18.7,mpn/100mL,N,NA
Johanna,62007800,2004-07-27,118.1,13.1,mpn/100mL,N,NA
Johanna,62007800,2004-07-27,118.1,13.1,mpn/100mL,N,NA
Johanna,62007800,2004-07-20,9.3,5.8,mpn/100mL,N,NA
Johanna,62007800,2004-07-20,9.3,5.8,mpn/100mL,N,NA
Johanna,62007800,2004-07-13,37.2,6.7,mpn/100mL,N,NA
Johanna,62007800,2004-07-13,37.2,6.7,mpn/100mL,N,NA
Johanna,62007800,2004-07-06,9.4,4.4,mpn/100mL,N,NA
Johanna,62007800,2004-07-06,9.4,4.4,mpn/100mL,N,NA
Johanna,62007800,2004-06-29,1,3.4,mpn/100mL,N,NA
Johanna,62007800,2004-06-29,1,3.4,mpn/100mL,N,NA
Johanna,62007800,2004-06-22,2,6.2,mpn/100mL,N,NA
Johanna,62007800,2004-06-22,2,6.2,mpn/100mL,N,NA
Johanna,62007800,2004-06-15,19,19,mpn/100mL,N,NA
Johanna,62007800,2004-06-15,19,19,mpn/100mL,N,NA
Josephine,62005700,2024-08-27,2.4,17,mpn/100mL,N,NA
Josephine,62005700,2024-08-27,2.4,17,mpn/100mL,N,NA
Josephine,62005700,2024-08-20,5.1,19.6,mpn/100mL,N,NA
Josephine,62005700,2024-08-20,5.1,19.6,mpn/100mL,N,NA
Josephine,62005700,2024-08-13,5.7,19.6,mpn/100mL,N,NA
Josephine,62005700,2024-08-13,5.7,19.6,mpn/100mL,N,NA
Josephine,62005700,2024-08-06,468.6,16.6,mpn/100mL,N,NA
Josephine,62005700,2024-08-06,468.6,16.6,mpn/100mL,N,NA
Josephine,62005700,2024-07-30,42.2,4.9,mpn/100mL,N,NA
Josephine,62005700,2024-07-30,42.2,4.9,mpn/100mL,N,NA
Josephine,62005700,2024-07-23,5,2.8,mpn/100mL,N,NA
Josephine,62005700,2024-07-23,5,2.8,mpn/100mL,N,NA
Josephine,62005700,2024-07-16,5.2,2.9,mpn/100mL,N,NA
Josephine,62005700,2024-07-16,5.2,2.9,mpn/100mL,N,NA
Josephine,62005700,2024-07-09,2.5,2.6,mpn/100mL,N,NA
Josephine,62005700,2024-07-09,2.5,2.6,mpn/100mL,N,NA
Josephine,62005700,2024-07-02,1,2.8,mpn/100mL,N,NA
Josephine,62005700,2024-07-02,1,2.8,mpn/100mL,N,NA
Josephine,62005700,2024-06-25,2.9,5.2,mpn/100mL,N,NA
Josephine,62005700,2024-06-25,2.9,5.2,mpn/100mL,N,NA
Josephine,62005700,2024-06-18,5.5,13,mpn/100mL,N,NA
Josephine,62005700,2024-06-18,5.5,13,mpn/100mL,N,NA
Josephine,62005700,2024-06-11,3.1,16.1,mpn/100mL,N,NA
Josephine,62005700,2024-06-11,3.1,16.1,mpn/100mL,N,NA
Josephine,62005700,2024-06-04,3.2,28,mpn/100mL,N,NA
Josephine,62005700,2024-06-04,3.2,28,mpn/100mL,N,NA
Josephine,62005700,2024-05-28,25,82.5,mpn/100mL,N,NA
Josephine,62005700,2024-05-28,25,82.5,mpn/100mL,N,NA
Josephine,62005700,2024-05-21,271.7,271.7,mpn/100mL,Y,ecoli_30dayGM
Josephine,62005700,2024-05-21,271.7,271.7,mpn/100mL,Y,ecoli_30dayGM
Josephine,62005700,2023-08-29,10,5.6,mpn/100mL,N,NA
Josephine,62005700,2023-08-29,10,5.6,mpn/100mL,N,NA
Josephine,62005700,2023-08-22,5.7,5.5,mpn/100mL,N,NA
Josephine,62005700,2023-08-22,5.7,5.5,mpn/100mL,N,NA
Josephine,62005700,2023-08-15,3.1,4.5,mpn/100mL,N,NA
Josephine,62005700,2023-08-15,3.1,4.5,mpn/100mL,N,NA
Josephine,62005700,2023-08-08,2.5,4.9,mpn/100mL,N,NA
Josephine,62005700,2023-08-08,2.5,4.9,mpn/100mL,N,NA
Josephine,62005700,2023-08-01,12.1,4.4,mpn/100mL,N,NA
Josephine,62005700,2023-08-01,12.1,4.4,mpn/100mL,N,NA
Josephine,62005700,2023-07-25,9.1,3.7,mpn/100mL,N,NA
Josephine,62005700,2023-07-25,9.1,3.7,mpn/100mL,N,NA
Josephine,62005700,2023-07-18,2.3,3.9,mpn/100mL,N,NA
Josephine,62005700,2023-07-18,2.3,3.9,mpn/100mL,N,NA
Josephine,62005700,2023-07-11,4.4,3.9,mpn/100mL,N,NA
Josephine,62005700,2023-07-11,4.4,3.9,mpn/100mL,N,NA
Josephine,62005700,2023-07-06,1.4,4.5,mpn/100mL,N,NA
Josephine,62005700,2023-07-06,1.4,4.5,mpn/100mL,N,NA
Josephine,62005700,2023-06-27,5.1,6.1,mpn/100mL,N,NA
Josephine,62005700,2023-06-27,5.1,6.1,mpn/100mL,N,NA
Josephine,62005700,2023-06-20,13.3,6.4,mpn/100mL,N,NA
Josephine,62005700,2023-06-20,13.3,6.4,mpn/100mL,N,NA
Josephine,62005700,2023-06-13,2,5,mpn/100mL,N,NA
Josephine,62005700,2023-06-13,2,5,mpn/100mL,N,NA
Josephine,62005700,2023-06-06,10,7.8,mpn/100mL,N,NA
Josephine,62005700,2023-06-06,10,7.8,mpn/100mL,N,NA
Josephine,62005700,2023-05-30,6.1,6.1,mpn/100mL,N,NA
Josephine,62005700,2023-05-30,6.1,6.1,mpn/100mL,N,NA
Josephine,62005700,2022-08-30,5.1,2.5,mpn/100mL,N,NA
Josephine,62005700,2022-08-30,5.1,2.5,mpn/100mL,N,NA
Josephine,62005700,2022-08-23,7.4,4,mpn/100mL,N,NA
Josephine,62005700,2022-08-23,7.4,4,mpn/100mL,N,NA
Josephine,62005700,2022-08-16,1,3.4,mpn/100mL,N,NA
Josephine,62005700,2022-08-16,1,3.4,mpn/100mL,N,NA
Josephine,62005700,2022-08-09,1.4,3.4,mpn/100mL,N,NA
Josephine,62005700,2022-08-09,1.4,3.4,mpn/100mL,N,NA
Josephine,62005700,2022-08-02,2,8,mpn/100mL,N,NA
Josephine,62005700,2022-08-02,2,8,mpn/100mL,N,NA
Josephine,62005700,2022-07-26,46.8,9.3,mpn/100mL,N,NA
Josephine,62005700,2022-07-26,46.8,9.3,mpn/100mL,N,NA
Josephine,62005700,2022-07-19,3.6,5.1,mpn/100mL,N,NA
Josephine,62005700,2022-07-19,3.6,5.1,mpn/100mL,N,NA
Josephine,62005700,2022-07-12,1,10.5,mpn/100mL,N,NA
Josephine,62005700,2022-07-12,1,10.5,mpn/100mL,N,NA
Josephine,62005700,2022-07-05,99.7,15.1,mpn/100mL,N,NA
Josephine,62005700,2022-07-05,99.7,15.1,mpn/100mL,N,NA
Josephine,62005700,2022-06-28,4.1,9.5,mpn/100mL,N,NA
Josephine,62005700,2022-06-28,4.1,9.5,mpn/100mL,N,NA
Josephine,62005700,2022-06-21,2.4,7.1,mpn/100mL,N,NA
Josephine,62005700,2022-06-21,2.4,7.1,mpn/100mL,N,NA
Josephine,62005700,2022-06-14,125.9,9.3,mpn/100mL,N,NA
Josephine,62005700,2022-06-14,125.9,9.3,mpn/100mL,N,NA
Josephine,62005700,2022-06-07,6.2,3.9,mpn/100mL,N,NA
Josephine,62005700,2022-06-07,6.2,3.9,mpn/100mL,N,NA
Josephine,62005700,2022-05-31,9.7,3.1,mpn/100mL,N,NA
Josephine,62005700,2022-05-31,9.7,3.1,mpn/100mL,N,NA
Josephine,62005700,2022-05-24,1,1,mpn/100mL,N,NA
Josephine,62005700,2022-05-24,1,1,mpn/100mL,N,NA
Josephine,62005700,2021-08-31,2,5.6,mpn/100mL,N,NA
Josephine,62005700,2021-08-31,2,5.6,mpn/100mL,N,NA
Josephine,62005700,2021-08-24,44.6,6.4,mpn/100mL,N,NA
Josephine,62005700,2021-08-24,44.6,6.4,mpn/100mL,N,NA
Josephine,62005700,2021-08-17,1.8,5.2,mpn/100mL,N,NA
Josephine,62005700,2021-08-17,1.8,5.2,mpn/100mL,N,NA
Josephine,62005700,2021-08-10,33.6,15.7,mpn/100mL,N,NA
Josephine,62005700,2021-08-10,33.6,15.7,mpn/100mL,N,NA
Josephine,62005700,2021-08-03,1,15.8,mpn/100mL,N,NA
Josephine,62005700,2021-08-03,1,15.8,mpn/100mL,N,NA
Josephine,62005700,2021-07-27,4,26.3,mpn/100mL,N,NA
Josephine,62005700,2021-07-27,4,26.3,mpn/100mL,N,NA
Josephine,62005700,2021-07-20,15.6,34.2,mpn/100mL,N,NA
Josephine,62005700,2021-07-20,15.6,34.2,mpn/100mL,N,NA
Josephine,62005700,2021-07-13,459.5,27.8,mpn/100mL,N,NA
Josephine,62005700,2021-07-13,459.5,27.8,mpn/100mL,N,NA
Josephine,62005700,2021-07-06,34.6,10.3,mpn/100mL,N,NA
Josephine,62005700,2021-07-06,34.6,10.3,mpn/100mL,N,NA
Josephine,62005700,2021-06-29,12.6,8.2,mpn/100mL,N,NA
Josephine,62005700,2021-06-29,12.6,8.2,mpn/100mL,N,NA
Josephine,62005700,2021-06-22,14.9,7.8,mpn/100mL,N,NA
Josephine,62005700,2021-06-22,14.9,7.8,mpn/100mL,N,NA
Josephine,62005700,2021-06-15,5.6,6.6,mpn/100mL,N,NA
Josephine,62005700,2021-06-15,5.6,6.6,mpn/100mL,N,NA
Josephine,62005700,2021-06-08,3.2,7,mpn/100mL,N,NA
Josephine,62005700,2021-06-08,3.2,7,mpn/100mL,N,NA
Josephine,62005700,2021-06-01,10.8,10.2,mpn/100mL,N,NA
Josephine,62005700,2021-06-01,10.8,10.2,mpn/100mL,N,NA
Josephine,62005700,2021-05-25,9.7,9.7,mpn/100mL,N,NA
Josephine,62005700,2021-05-25,9.7,9.7,mpn/100mL,N,NA
Josephine,62005700,2015-09-01,502.4,12.5,mpn/100mL,N,NA
Josephine,62005700,2015-09-01,502.4,12.5,mpn/100mL,N,NA
Josephine,62005700,2015-08-25,5.2,13.5,mpn/100mL,N,NA
Josephine,62005700,2015-08-25,5.2,13.5,mpn/100mL,N,NA
Josephine,62005700,2015-08-18,11.4,15.3,mpn/100mL,N,NA
Josephine,62005700,2015-08-18,11.4,15.3,mpn/100mL,N,NA
Josephine,62005700,2015-08-11,4.1,18.9,mpn/100mL,N,NA
Josephine,62005700,2015-08-11,4.1,18.9,mpn/100mL,N,NA
Josephine,62005700,2015-08-04,2.5,21.5,mpn/100mL,N,NA
Josephine,62005700,2015-08-04,2.5,21.5,mpn/100mL,N,NA
Josephine,62005700,2015-07-28,751.4,23.1,mpn/100mL,N,NA
Josephine,62005700,2015-07-28,751.4,23.1,mpn/100mL,N,NA
Josephine,62005700,2015-07-21,9.7,8.8,mpn/100mL,N,NA
Josephine,62005700,2015-07-21,9.7,8.8,mpn/100mL,N,NA
Josephine,62005700,2015-07-14,32.2,6,mpn/100mL,N,NA
Josephine,62005700,2015-07-14,32.2,6,mpn/100mL,N,NA
Josephine,62005700,2015-07-07,8,4.8,mpn/100mL,N,NA
Josephine,62005700,2015-07-07,8,4.8,mpn/100mL,N,NA
Josephine,62005700,2015-06-30,3.6,4.4,mpn/100mL,N,NA
Josephine,62005700,2015-06-30,3.6,4.4,mpn/100mL,N,NA
Josephine,62005700,2015-06-23,5.9,6.3,mpn/100mL,N,NA
Josephine,62005700,2015-06-23,5.9,6.3,mpn/100mL,N,NA
Josephine,62005700,2015-06-16,1.4,6.1,mpn/100mL,N,NA
Josephine,62005700,2015-06-16,1.4,6.1,mpn/100mL,N,NA
Josephine,62005700,2015-06-09,11.1,8.8,mpn/100mL,N,NA
Josephine,62005700,2015-06-09,11.1,8.8,mpn/100mL,N,NA
Josephine,62005700,2015-06-02,5.1,8.1,mpn/100mL,N,NA
Josephine,62005700,2015-06-02,5.1,8.1,mpn/100mL,N,NA
Josephine,62005700,2015-05-26,20.9,10.2,mpn/100mL,N,NA
Josephine,62005700,2015-05-26,20.9,10.2,mpn/100mL,N,NA
Josephine,62005700,2015-05-19,5,5,mpn/100mL,N,NA
Josephine,62005700,2015-05-19,5,5,mpn/100mL,N,NA
Josephine,62005700,2014-08-26,2.9,10,mpn/100mL,N,NA
Josephine,62005700,2014-08-26,2.9,10,mpn/100mL,N,NA
Josephine,62005700,2014-08-19,111.4,13.2,mpn/100mL,N,NA
Josephine,62005700,2014-08-19,111.4,13.2,mpn/100mL,N,NA
Josephine,62005700,2014-08-12,158.4,8.5,mpn/100mL,N,NA
Josephine,62005700,2014-08-12,158.4,8.5,mpn/100mL,N,NA
Josephine,62005700,2014-08-05,2,4.4,mpn/100mL,N,NA
Josephine,62005700,2014-08-05,2,4.4,mpn/100mL,N,NA
Josephine,62005700,2014-07-29,1,6.8,mpn/100mL,N,NA
Josephine,62005700,2014-07-29,1,6.8,mpn/100mL,N,NA
Josephine,62005700,2014-07-22,11.4,9.4,mpn/100mL,N,NA
Josephine,62005700,2014-07-22,11.4,9.4,mpn/100mL,N,NA
Josephine,62005700,2014-07-15,12.1,8.5,mpn/100mL,N,NA
Josephine,62005700,2014-07-15,12.1,8.5,mpn/100mL,N,NA
Josephine,62005700,2014-07-08,5.8,7,mpn/100mL,N,NA
Josephine,62005700,2014-07-08,5.8,7,mpn/100mL,N,NA
Josephine,62005700,2014-07-01,17.5,8.5,mpn/100mL,N,NA
Josephine,62005700,2014-07-01,17.5,8.5,mpn/100mL,N,NA
Josephine,62005700,2014-06-24,5.1,6.4,mpn/100mL,N,NA
Josephine,62005700,2014-06-24,5.1,6.4,mpn/100mL,N,NA
Josephine,62005700,2014-06-17,7,6.3,mpn/100mL,N,NA
Josephine,62005700,2014-06-17,7,6.3,mpn/100mL,N,NA
Josephine,62005700,2014-06-10,4.7,6.2,mpn/100mL,N,NA
Josephine,62005700,2014-06-10,4.7,6.2,mpn/100mL,N,NA
Josephine,62005700,2014-06-03,14.5,6.8,mpn/100mL,N,NA
Josephine,62005700,2014-06-03,14.5,6.8,mpn/100mL,N,NA
Josephine,62005700,2014-05-27,4.4,4.6,mpn/100mL,N,NA
Josephine,62005700,2014-05-27,4.4,4.6,mpn/100mL,N,NA
Josephine,62005700,2014-05-20,4.8,4.8,mpn/100mL,N,NA
Josephine,62005700,2014-05-20,4.8,4.8,mpn/100mL,N,NA
Josephine,62005700,2013-08-27,4,2,mpn/100mL,N,NA
Josephine,62005700,2013-08-27,4,2,mpn/100mL,N,NA
Josephine,62005700,2013-08-20,1,1.7,mpn/100mL,N,NA
Josephine,62005700,2013-08-20,1,1.7,mpn/100mL,N,NA
Josephine,62005700,2013-08-13,6.2,3.4,mpn/100mL,N,NA
Josephine,62005700,2013-08-13,6.2,3.4,mpn/100mL,N,NA
Josephine,62005700,2013-08-06,1.4,9.8,mpn/100mL,N,NA
Josephine,62005700,2013-08-06,1.4,9.8,mpn/100mL,N,NA
Josephine,62005700,2013-07-30,1,12.4,mpn/100mL,N,NA
Josephine,62005700,2013-07-30,1,12.4,mpn/100mL,N,NA
Josephine,62005700,2013-07-23,1.4,28.8,mpn/100mL,N,NA
Josephine,62005700,2013-07-23,1.4,28.8,mpn/100mL,N,NA
Josephine,62005700,2013-07-16,35.6,57.4,mpn/100mL,N,NA
Josephine,62005700,2013-07-16,35.6,57.4,mpn/100mL,N,NA
Josephine,62005700,2013-07-09,1250.6,61.8,mpn/100mL,N,NA
Josephine,62005700,2013-07-09,1250.6,61.8,mpn/100mL,N,NA
Josephine,62005700,2013-07-02,4.7,21.7,mpn/100mL,N,NA
Josephine,62005700,2013-07-02,4.7,21.7,mpn/100mL,N,NA
Josephine,62005700,2013-06-25,66.9,31.5,mpn/100mL,N,NA
Josephine,62005700,2013-06-25,66.9,31.5,mpn/100mL,N,NA
Josephine,62005700,2013-06-18,44.8,30,mpn/100mL,N,NA
Josephine,62005700,2013-06-18,44.8,30,mpn/100mL,N,NA
Josephine,62005700,2013-06-11,51.2,27.1,mpn/100mL,N,NA
Josephine,62005700,2013-06-11,51.2,27.1,mpn/100mL,N,NA
Josephine,62005700,2013-06-04,6.6,21.9,mpn/100mL,N,NA
Josephine,62005700,2013-06-04,6.6,21.9,mpn/100mL,N,NA
Josephine,62005700,2013-05-28,30.6,39.8,mpn/100mL,N,NA
Josephine,62005700,2013-05-28,30.6,39.8,mpn/100mL,N,NA
Josephine,62005700,2013-05-21,51.6,51.6,mpn/100mL,N,NA
Josephine,62005700,2013-05-21,51.6,51.6,mpn/100mL,N,NA
Josephine,62005700,2012-08-29,70.1,16.2,mpn/100mL,N,NA
Josephine,62005700,2012-08-29,70.1,16.2,mpn/100mL,N,NA
Josephine,62005700,2012-08-21,4.6,14.4,mpn/100mL,N,NA
Josephine,62005700,2012-08-21,4.6,14.4,mpn/100mL,N,NA
Josephine,62005700,2012-08-14,7.5,17.1,mpn/100mL,N,NA
Josephine,62005700,2012-08-14,7.5,17.1,mpn/100mL,N,NA
Josephine,62005700,2012-08-07,26.3,11.4,mpn/100mL,N,NA
Josephine,62005700,2012-08-07,26.3,11.4,mpn/100mL,N,NA
Josephine,62005700,2012-07-31,17.5,6.8,mpn/100mL,N,NA
Josephine,62005700,2012-07-31,17.5,6.8,mpn/100mL,N,NA
Josephine,62005700,2012-07-24,39.3,6.5,mpn/100mL,N,NA
Josephine,62005700,2012-07-24,39.3,6.5,mpn/100mL,N,NA
Josephine,62005700,2012-07-17,10.8,6.5,mpn/100mL,N,NA
Josephine,62005700,2012-07-17,10.8,6.5,mpn/100mL,N,NA
Josephine,62005700,2012-07-10,1,5.4,mpn/100mL,N,NA
Josephine,62005700,2012-07-10,1,5.4,mpn/100mL,N,NA
Josephine,62005700,2012-07-05,2,5.8,mpn/100mL,N,NA
Josephine,62005700,2012-07-05,2,5.8,mpn/100mL,N,NA
Josephine,62005700,2012-06-26,14,10.6,mpn/100mL,N,NA
Josephine,62005700,2012-06-26,14,10.6,mpn/100mL,N,NA
Josephine,62005700,2012-06-19,38.4,10,mpn/100mL,N,NA
Josephine,62005700,2012-06-19,38.4,10,mpn/100mL,N,NA
Josephine,62005700,2012-06-12,4.4,6.3,mpn/100mL,N,NA
Josephine,62005700,2012-06-12,4.4,6.3,mpn/100mL,N,NA
Josephine,62005700,2012-06-05,1.4,7.6,mpn/100mL,N,NA
Josephine,62005700,2012-06-05,1.4,7.6,mpn/100mL,N,NA
Josephine,62005700,2012-05-29,41,41,mpn/100mL,N,NA
Josephine,62005700,2012-05-29,41,41,mpn/100mL,N,NA
Josephine,62005700,2011-08-30,17.3,21.4,mpn/100mL,N,NA
Josephine,62005700,2011-08-30,17.3,21.4,mpn/100mL,N,NA
Josephine,62005700,2011-08-23,8.8,18.6,mpn/100mL,N,NA
Josephine,62005700,2011-08-23,8.8,18.6,mpn/100mL,N,NA
Josephine,62005700,2011-08-16,27.4,24.1,mpn/100mL,N,NA
Josephine,62005700,2011-08-16,27.4,24.1,mpn/100mL,N,NA
Josephine,62005700,2011-08-09,39,19.3,mpn/100mL,N,NA
Josephine,62005700,2011-08-09,39,19.3,mpn/100mL,N,NA
Josephine,62005700,2011-08-02,27.9,14.6,mpn/100mL,N,NA
Josephine,62005700,2011-08-02,27.9,14.6,mpn/100mL,N,NA
Josephine,62005700,2011-07-26,8.4,12.6,mpn/100mL,N,NA
Josephine,62005700,2011-07-26,8.4,12.6,mpn/100mL,N,NA
Josephine,62005700,2011-07-19,32.1,27.8,mpn/100mL,N,NA
Josephine,62005700,2011-07-19,32.1,27.8,mpn/100mL,N,NA
Josephine,62005700,2011-07-12,9.1,27.7,mpn/100mL,N,NA
Josephine,62005700,2011-07-12,9.1,27.7,mpn/100mL,N,NA
Josephine,62005700,2011-07-05,9.6,47.4,mpn/100mL,N,NA
Josephine,62005700,2011-07-05,9.6,47.4,mpn/100mL,N,NA
Josephine,62005700,2011-06-28,13.1,60.6,mpn/100mL,N,NA
Josephine,62005700,2011-06-28,13.1,60.6,mpn/100mL,N,NA
Josephine,62005700,2011-06-21,447.6,58.9,mpn/100mL,N,NA
Josephine,62005700,2011-06-21,447.6,58.9,mpn/100mL,N,NA
Josephine,62005700,2011-06-14,31.4,35.5,mpn/100mL,N,NA
Josephine,62005700,2011-06-14,31.4,35.5,mpn/100mL,N,NA
Josephine,62005700,2011-06-07,134.5,37,mpn/100mL,N,NA
Josephine,62005700,2011-06-07,134.5,37,mpn/100mL,N,NA
Josephine,62005700,2011-05-31,32.8,19.4,mpn/100mL,N,NA
Josephine,62005700,2011-05-31,32.8,19.4,mpn/100mL,N,NA
Josephine,62005700,2011-05-24,11.5,11.5,mpn/100mL,N,NA
Josephine,62005700,2011-05-24,11.5,11.5,mpn/100mL,N,NA
Josephine,62005700,2010-08-31,4.6,9.9,mpn/100mL,N,NA
Josephine,62005700,2010-08-31,4.6,9.9,mpn/100mL,N,NA
Josephine,62005700,2010-08-24,20.4,17,mpn/100mL,N,NA
Josephine,62005700,2010-08-24,20.4,17,mpn/100mL,N,NA
Josephine,62005700,2010-08-17,1,23.6,mpn/100mL,N,NA
Josephine,62005700,2010-08-17,1,23.6,mpn/100mL,N,NA
Josephine,62005700,2010-08-10,89,66.7,mpn/100mL,N,NA
Josephine,62005700,2010-08-10,89,66.7,mpn/100mL,N,NA
Josephine,62005700,2010-08-03,11.3,81.9,mpn/100mL,N,NA
Josephine,62005700,2010-08-03,11.3,81.9,mpn/100mL,N,NA
Josephine,62005700,2010-07-27,68.5,86.7,mpn/100mL,N,NA
Josephine,62005700,2010-07-27,68.5,86.7,mpn/100mL,N,NA
Josephine,62005700,2010-07-20,107.7,82,mpn/100mL,N,NA
Josephine,62005700,2010-07-20,107.7,82,mpn/100mL,N,NA
Josephine,62005700,2010-07-13,178.5,83.1,mpn/100mL,N,NA
Josephine,62005700,2010-07-13,178.5,83.1,mpn/100mL,N,NA
Josephine,62005700,2010-07-06,248.1,40.8,mpn/100mL,N,NA
Josephine,62005700,2010-07-06,248.1,40.8,mpn/100mL,N,NA
Josephine,62005700,2010-06-30,15,26.4,mpn/100mL,N,NA
Josephine,62005700,2010-06-30,15,26.4,mpn/100mL,N,NA
Josephine,62005700,2010-06-22,52.1,23.9,mpn/100mL,N,NA
Josephine,62005700,2010-06-22,52.1,23.9,mpn/100mL,N,NA
Josephine,62005700,2010-06-15,115.1,19.7,mpn/100mL,N,NA
Josephine,62005700,2010-06-15,115.1,19.7,mpn/100mL,N,NA
Josephine,62005700,2010-06-08,5.1,10.9,mpn/100mL,N,NA
Josephine,62005700,2010-06-08,5.1,10.9,mpn/100mL,N,NA
Josephine,62005700,2010-06-02,28.2,16,mpn/100mL,N,NA
Josephine,62005700,2010-06-02,28.2,16,mpn/100mL,N,NA
Josephine,62005700,2010-05-25,9.1,9.1,mpn/100mL,N,NA
Josephine,62005700,2010-05-25,9.1,9.1,mpn/100mL,N,NA
Josephine,62005700,2009-09-01,3.6,16,mpn/100mL,N,NA
Josephine,62005700,2009-09-01,3.6,16,mpn/100mL,N,NA
Josephine,62005700,2009-08-25,257.1,20.2,mpn/100mL,N,NA
Josephine,62005700,2009-08-25,257.1,20.2,mpn/100mL,N,NA
Josephine,62005700,2009-08-18,1.4,17.2,mpn/100mL,N,NA
Josephine,62005700,2009-08-18,1.4,17.2,mpn/100mL,N,NA
Josephine,62005700,2009-08-11,176.1,32.2,mpn/100mL,N,NA
Josephine,62005700,2009-08-11,176.1,32.2,mpn/100mL,N,NA
Josephine,62005700,2009-08-04,4.6,22.2,mpn/100mL,N,NA
Josephine,62005700,2009-08-04,4.6,22.2,mpn/100mL,N,NA
Josephine,62005700,2009-07-28,11.5,26.9,mpn/100mL,N,NA
Josephine,62005700,2009-07-28,11.5,26.9,mpn/100mL,N,NA
Josephine,62005700,2009-07-21,113.2,28,mpn/100mL,N,NA
Josephine,62005700,2009-07-21,113.2,28,mpn/100mL,N,NA
Josephine,62005700,2009-07-14,32.9,12.5,mpn/100mL,N,NA
Josephine,62005700,2009-07-14,32.9,12.5,mpn/100mL,N,NA
Josephine,62005700,2009-07-07,27.5,6.2,mpn/100mL,N,NA
Josephine,62005700,2009-07-07,27.5,6.2,mpn/100mL,N,NA
Josephine,62005700,2009-06-30,12,3.7,mpn/100mL,N,NA
Josephine,62005700,2009-06-30,12,3.7,mpn/100mL,N,NA
Josephine,62005700,2009-06-23,14,2.7,mpn/100mL,N,NA
Josephine,62005700,2009-06-23,14,2.7,mpn/100mL,N,NA
Josephine,62005700,2009-06-16,2,1.6,mpn/100mL,N,NA
Josephine,62005700,2009-06-16,2,1.6,mpn/100mL,N,NA
Josephine,62005700,2009-06-09,1,1.5,mpn/100mL,N,NA
Josephine,62005700,2009-06-09,1,1.5,mpn/100mL,N,NA
Josephine,62005700,2009-06-02,2,1.7,mpn/100mL,N,NA
Josephine,62005700,2009-06-02,2,1.7,mpn/100mL,N,NA
Josephine,62005700,2009-05-26,2.5,1.6,mpn/100mL,N,NA
Josephine,62005700,2009-05-26,2.5,1.6,mpn/100mL,N,NA
Josephine,62005700,2009-05-19,1,1,mpn/100mL,N,NA
Josephine,62005700,2009-05-19,1,1,mpn/100mL,N,NA
Josephine,62005700,2008-08-26,1.4,4.1,mpn/100mL,N,NA
Josephine,62005700,2008-08-26,1.4,4.1,mpn/100mL,N,NA
Josephine,62005700,2008-08-19,2.5,3.8,mpn/100mL,N,NA
Josephine,62005700,2008-08-19,2.5,3.8,mpn/100mL,N,NA
Josephine,62005700,2008-08-12,23,5.3,mpn/100mL,N,NA
Josephine,62005700,2008-08-12,23,5.3,mpn/100mL,N,NA
Josephine,62005700,2008-08-05,2.4,4.7,mpn/100mL,N,NA
Josephine,62005700,2008-08-05,2.4,4.7,mpn/100mL,N,NA
Josephine,62005700,2008-07-30,5.7,7.4,mpn/100mL,N,NA
Josephine,62005700,2008-07-30,5.7,7.4,mpn/100mL,N,NA
Josephine,62005700,2008-07-22,1,11.8,mpn/100mL,N,NA
Josephine,62005700,2008-07-22,1,11.8,mpn/100mL,N,NA
Josephine,62005700,2008-07-15,12.5,16.8,mpn/100mL,N,NA
Josephine,62005700,2008-07-15,12.5,16.8,mpn/100mL,N,NA
Josephine,62005700,2008-07-08,13.5,15.6,mpn/100mL,N,NA
Josephine,62005700,2008-07-08,13.5,15.6,mpn/100mL,N,NA
Josephine,62005700,2008-07-01,23.7,16.1,mpn/100mL,N,NA
Josephine,62005700,2008-07-01,23.7,16.1,mpn/100mL,N,NA
Josephine,62005700,2008-06-24,56.4,9.9,mpn/100mL,N,NA
Josephine,62005700,2008-06-24,56.4,9.9,mpn/100mL,N,NA
Josephine,62005700,2008-06-17,6,6.4,mpn/100mL,N,NA
Josephine,62005700,2008-06-17,6,6.4,mpn/100mL,N,NA
Josephine,62005700,2008-06-10,8.7,6.5,mpn/100mL,N,NA
Josephine,62005700,2008-06-10,8.7,6.5,mpn/100mL,N,NA
Josephine,62005700,2008-06-03,15.7,5.6,mpn/100mL,N,NA
Josephine,62005700,2008-06-03,15.7,5.6,mpn/100mL,N,NA
Josephine,62005700,2008-05-27,2,2,mpn/100mL,N,NA
Josephine,62005700,2008-05-27,2,2,mpn/100mL,N,NA
Josephine,62005700,2007-08-28,81.7,11.5,mpn/100mL,N,NA
Josephine,62005700,2007-08-28,81.7,11.5,mpn/100mL,N,NA
Josephine,62005700,2007-08-21,15.3,7.6,mpn/100mL,N,NA
Josephine,62005700,2007-08-21,15.3,7.6,mpn/100mL,N,NA
Josephine,62005700,2007-08-14,64.1,9.2,mpn/100mL,N,NA
Josephine,62005700,2007-08-14,64.1,9.2,mpn/100mL,N,NA
Josephine,62005700,2007-08-06,1,4.8,mpn/100mL,N,NA
Josephine,62005700,2007-08-06,1,4.8,mpn/100mL,N,NA
Josephine,62005700,2007-07-31,2.5,6.8,mpn/100mL,N,NA
Josephine,62005700,2007-07-31,2.5,6.8,mpn/100mL,N,NA
Josephine,62005700,2007-07-24,10.3,6.3,mpn/100mL,N,NA
Josephine,62005700,2007-07-24,10.3,6.3,mpn/100mL,N,NA
Josephine,62005700,2007-07-17,40.4,7.6,mpn/100mL,N,NA
Josephine,62005700,2007-07-17,40.4,7.6,mpn/100mL,N,NA
Josephine,62005700,2007-07-09,2.4,5.8,mpn/100mL,N,NA
Josephine,62005700,2007-07-09,2.4,5.8,mpn/100mL,N,NA
Josephine,62005700,2007-07-02,5.7,6.9,mpn/100mL,N,NA
Josephine,62005700,2007-07-02,5.7,6.9,mpn/100mL,N,NA
Josephine,62005700,2007-06-26,5.2,12.4,mpn/100mL,N,NA
Josephine,62005700,2007-06-26,5.2,12.4,mpn/100mL,N,NA
Josephine,62005700,2007-06-25,2,14.8,mpn/100mL,N,NA
Josephine,62005700,2007-06-25,2,14.8,mpn/100mL,N,NA
Josephine,62005700,2007-06-19,33.8,20,mpn/100mL,N,NA
Josephine,62005700,2007-06-19,33.8,20,mpn/100mL,N,NA
Josephine,62005700,2007-06-12,7.9,17.5,mpn/100mL,N,NA
Josephine,62005700,2007-06-12,7.9,17.5,mpn/100mL,N,NA
Josephine,62005700,2007-06-05,6.6,22.9,mpn/100mL,N,NA
Josephine,62005700,2007-06-05,6.6,22.9,mpn/100mL,N,NA
Josephine,62005700,2007-05-29,198.1,42.5,mpn/100mL,N,NA
Josephine,62005700,2007-05-29,198.1,42.5,mpn/100mL,N,NA
Josephine,62005700,2007-05-21,9.1,9.1,mpn/100mL,N,NA
Josephine,62005700,2007-05-21,9.1,9.1,mpn/100mL,N,NA
Josephine,62005700,2006-08-29,43,9.1,mpn/100mL,N,NA
Josephine,62005700,2006-08-29,43,9.1,mpn/100mL,N,NA
Josephine,62005700,2006-08-22,21.7,5.3,mpn/100mL,N,NA
Josephine,62005700,2006-08-22,21.7,5.3,mpn/100mL,N,NA
Josephine,62005700,2006-08-15,5.4,3.1,mpn/100mL,N,NA
Josephine,62005700,2006-08-15,5.4,3.1,mpn/100mL,N,NA
Josephine,62005700,2006-08-08,12.4,4,mpn/100mL,N,NA
Josephine,62005700,2006-08-08,12.4,4,mpn/100mL,N,NA
Josephine,62005700,2006-08-01,1,5.9,mpn/100mL,N,NA
Josephine,62005700,2006-08-01,1,5.9,mpn/100mL,N,NA
Josephine,62005700,2006-07-25,2.9,9.7,mpn/100mL,N,NA
Josephine,62005700,2006-07-25,2.9,9.7,mpn/100mL,N,NA
Josephine,62005700,2006-07-18,1.4,16.6,mpn/100mL,N,NA
Josephine,62005700,2006-07-18,1.4,16.6,mpn/100mL,N,NA
Josephine,62005700,2006-07-11,19.5,33.3,mpn/100mL,N,NA
Josephine,62005700,2006-07-11,19.5,33.3,mpn/100mL,N,NA
Josephine,62005700,2006-07-05,94.3,47.3,mpn/100mL,N,NA
Josephine,62005700,2006-07-05,94.3,47.3,mpn/100mL,N,NA
Josephine,62005700,2006-06-27,11.8,32.2,mpn/100mL,N,NA
Josephine,62005700,2006-06-27,11.8,32.2,mpn/100mL,N,NA
Josephine,62005700,2006-06-20,41,27.6,mpn/100mL,N,NA
Josephine,62005700,2006-06-20,41,27.6,mpn/100mL,N,NA
Josephine,62005700,2006-06-13,45.7,25,mpn/100mL,N,NA
Josephine,62005700,2006-06-13,45.7,25,mpn/100mL,N,NA
Josephine,62005700,2006-06-06,113.9,20.5,mpn/100mL,N,NA
Josephine,62005700,2006-06-06,113.9,20.5,mpn/100mL,N,NA
Josephine,62005700,2006-05-30,13.8,8.7,mpn/100mL,N,NA
Josephine,62005700,2006-05-30,13.8,8.7,mpn/100mL,N,NA
Josephine,62005700,2006-05-23,5.4,5.4,mpn/100mL,N,NA
Josephine,62005700,2006-05-23,5.4,5.4,mpn/100mL,N,NA
Josephine,62005700,2004-08-31,7.4,6.3,mpn/100mL,N,NA
Josephine,62005700,2004-08-31,7.4,6.3,mpn/100mL,N,NA
Josephine,62005700,2004-08-24,8.3,10.5,mpn/100mL,N,NA
Josephine,62005700,2004-08-24,8.3,10.5,mpn/100mL,N,NA
Josephine,62005700,2004-08-17,12.6,9.3,mpn/100mL,N,NA
Josephine,62005700,2004-08-17,12.6,9.3,mpn/100mL,N,NA
Josephine,62005700,2004-08-10,7.5,12.2,mpn/100mL,N,NA
Josephine,62005700,2004-08-10,7.5,12.2,mpn/100mL,N,NA
Josephine,62005700,2004-08-03,1.7,11,mpn/100mL,N,NA
Josephine,62005700,2004-08-03,1.7,11,mpn/100mL,N,NA
Josephine,62005700,2004-07-27,95.4,15.4,mpn/100mL,N,NA
Josephine,62005700,2004-07-27,95.4,15.4,mpn/100mL,N,NA
Josephine,62005700,2004-07-20,4.4,6.6,mpn/100mL,N,NA
Josephine,62005700,2004-07-20,4.4,6.6,mpn/100mL,N,NA
Josephine,62005700,2004-07-13,48.7,5.7,mpn/100mL,N,NA
Josephine,62005700,2004-07-13,48.7,5.7,mpn/100mL,N,NA
Josephine,62005700,2004-07-06,4.6,3.3,mpn/100mL,N,NA
Josephine,62005700,2004-07-06,4.6,3.3,mpn/100mL,N,NA
Josephine,62005700,2004-06-29,9.1,3,mpn/100mL,N,NA
Josephine,62005700,2004-06-29,9.1,3,mpn/100mL,N,NA
Josephine,62005700,2004-06-22,1.4,1.7,mpn/100mL,N,NA
Josephine,62005700,2004-06-22,1.4,1.7,mpn/100mL,N,NA
Josephine,62005700,2004-06-15,2,2,mpn/100mL,N,NA
Josephine,62005700,2004-06-15,2,2,mpn/100mL,N,NA
Long,62006700,2024-08-27,11.4,61,mpn/100mL,N,NA
Long,62006700,2024-08-27,11.4,61,mpn/100mL,N,NA
Long,62006700,2024-08-20,667.6,68.7,mpn/100mL,N,NA
Long,62006700,2024-08-20,667.6,68.7,mpn/100mL,N,NA
Long,62006700,2024-08-13,18.8,30.5,mpn/100mL,N,NA
Long,62006700,2024-08-13,18.8,30.5,mpn/100mL,N,NA
Long,62006700,2024-08-06,122.7,21.8,mpn/100mL,N,NA
Long,62006700,2024-08-06,122.7,21.8,mpn/100mL,N,NA
Long,62006700,2024-07-30,48,10.2,mpn/100mL,N,NA
Long,62006700,2024-07-30,48,10.2,mpn/100mL,N,NA
Long,62006700,2024-07-23,20.7,6,mpn/100mL,N,NA
Long,62006700,2024-07-23,20.7,6,mpn/100mL,N,NA
Long,62006700,2024-07-16,11.6,8.9,mpn/100mL,N,NA
Long,62006700,2024-07-16,11.6,8.9,mpn/100mL,N,NA
Long,62006700,2024-07-09,3.5,9.6,mpn/100mL,N,NA
Long,62006700,2024-07-09,3.5,9.6,mpn/100mL,N,NA
Long,62006700,2024-07-02,2.7,12.2,mpn/100mL,N,NA
Long,62006700,2024-07-02,2.7,12.2,mpn/100mL,N,NA
Long,62006700,2024-06-25,3.5,14.2,mpn/100mL,N,NA
Long,62006700,2024-06-25,3.5,14.2,mpn/100mL,N,NA
Long,62006700,2024-06-18,148.2,37.9,mpn/100mL,N,NA
Long,62006700,2024-06-18,148.2,37.9,mpn/100mL,N,NA
Long,62006700,2024-06-11,16.5,27,mpn/100mL,N,NA
Long,62006700,2024-06-11,16.5,27,mpn/100mL,N,NA
Long,62006700,2024-06-04,11.5,31.8,mpn/100mL,N,NA
Long,62006700,2024-06-04,11.5,31.8,mpn/100mL,N,NA
Long,62006700,2024-05-28,5.9,53.1,mpn/100mL,N,NA
Long,62006700,2024-05-28,5.9,53.1,mpn/100mL,N,NA
Long,62006700,2024-05-21,474.4,474.4,mpn/100mL,Y,ecoli_30dayGM
Long,62006700,2024-05-21,474.4,474.4,mpn/100mL,Y,ecoli_30dayGM
Long,62006700,2023-08-29,1,3.1,mpn/100mL,N,NA
Long,62006700,2023-08-29,1,3.1,mpn/100mL,N,NA
Long,62006700,2023-08-22,2.9,4.7,mpn/100mL,N,NA
Long,62006700,2023-08-22,2.9,4.7,mpn/100mL,N,NA
Long,62006700,2023-08-15,10.8,4.3,mpn/100mL,N,NA
Long,62006700,2023-08-15,10.8,4.3,mpn/100mL,N,NA
Long,62006700,2023-08-08,4,2.7,mpn/100mL,N,NA
Long,62006700,2023-08-08,4,2.7,mpn/100mL,N,NA
Long,62006700,2023-08-01,2.3,2,mpn/100mL,N,NA
Long,62006700,2023-08-01,2.3,2,mpn/100mL,N,NA
Long,62006700,2023-07-25,8.4,2.9,mpn/100mL,N,NA
Long,62006700,2023-07-25,8.4,2.9,mpn/100mL,N,NA
Long,62006700,2023-07-18,1.8,2.5,mpn/100mL,N,NA
Long,62006700,2023-07-18,1.8,2.5,mpn/100mL,N,NA
Long,62006700,2023-07-11,1,2.5,mpn/100mL,N,NA
Long,62006700,2023-07-11,1,2.5,mpn/100mL,N,NA
Long,62006700,2023-07-06,1,4.1,mpn/100mL,N,NA
Long,62006700,2023-07-06,1,4.1,mpn/100mL,N,NA
Long,62006700,2023-06-27,12.8,5.7,mpn/100mL,N,NA
Long,62006700,2023-06-27,12.8,5.7,mpn/100mL,N,NA
Long,62006700,2023-06-20,4.6,3.4,mpn/100mL,N,NA
Long,62006700,2023-06-20,4.6,3.4,mpn/100mL,N,NA
Long,62006700,2023-06-13,1.7,3.2,mpn/100mL,N,NA
Long,62006700,2023-06-13,1.7,3.2,mpn/100mL,N,NA
Long,62006700,2023-06-06,11.3,3.9,mpn/100mL,N,NA
Long,62006700,2023-06-06,11.3,3.9,mpn/100mL,N,NA
Long,62006700,2023-05-30,5.2,2.3,mpn/100mL,N,NA
Long,62006700,2023-05-30,5.2,2.3,mpn/100mL,N,NA
Long,62006700,2023-05-23,1,1,mpn/100mL,N,NA
Long,62006700,2023-05-23,1,1,mpn/100mL,N,NA
Long,62006700,2022-08-30,20.9,3.1,mpn/100mL,N,NA
Long,62006700,2022-08-23,2.4,2,mpn/100mL,N,NA
Long,62006700,2022-08-23,2.4,2,mpn/100mL,N,NA
Long,62006700,2022-08-16,5.1,1.7,mpn/100mL,N,NA
Long,62006700,2022-08-16,5.1,1.7,mpn/100mL,N,NA
Long,62006700,2022-08-09,2,1.2,mpn/100mL,N,NA
Long,62006700,2022-08-09,2,1.2,mpn/100mL,N,NA
Long,62006700,2022-08-02,1.4,1.2,mpn/100mL,N,NA
Long,62006700,2022-08-02,1.4,1.2,mpn/100mL,N,NA
Long,62006700,2022-07-26,1,1.2,mpn/100mL,N,NA
Long,62006700,2022-07-26,1,1.2,mpn/100mL,N,NA
Long,62006700,2022-07-19,1,2.1,mpn/100mL,N,NA
Long,62006700,2022-07-19,1,2.1,mpn/100mL,N,NA
Long,62006700,2022-07-12,1,2.5,mpn/100mL,N,NA
Long,62006700,2022-07-12,1,2.5,mpn/100mL,N,NA
Long,62006700,2022-07-05,2,5,mpn/100mL,N,NA
Long,62006700,2022-07-05,2,5,mpn/100mL,N,NA
Long,62006700,2022-06-28,1,8.6,mpn/100mL,N,NA
Long,62006700,2022-06-28,1,8.6,mpn/100mL,N,NA
Long,62006700,2022-06-21,20.6,9.6,mpn/100mL,N,NA
Long,62006700,2022-06-21,20.6,9.6,mpn/100mL,N,NA
Long,62006700,2022-06-14,2.5,7.9,mpn/100mL,N,NA
Long,62006700,2022-06-14,2.5,7.9,mpn/100mL,N,NA
Long,62006700,2022-06-07,29.8,11.6,mpn/100mL,N,NA
Long,62006700,2022-06-07,29.8,11.6,mpn/100mL,N,NA
Long,62006700,2022-05-31,29.9,7.3,mpn/100mL,N,NA
Long,62006700,2022-05-31,29.9,7.3,mpn/100mL,N,NA
Long,62006700,2022-05-24,1.8,1.8,mpn/100mL,N,NA
Long,62006700,2022-05-24,1.8,1.8,mpn/100mL,N,NA
Long,62006700,2021-08-31,7.7,8.8,mpn/100mL,N,NA
Long,62006700,2021-08-31,7.7,8.8,mpn/100mL,N,NA
Long,62006700,2021-08-24,517.2,14.3,mpn/100mL,N,NA
Long,62006700,2021-08-24,517.2,14.3,mpn/100mL,N,NA
Long,62006700,2021-08-17,1,5.6,mpn/100mL,N,NA
Long,62006700,2021-08-17,1,5.6,mpn/100mL,N,NA
Long,62006700,2021-08-10,2.9,12.7,mpn/100mL,N,NA
Long,62006700,2021-08-10,2.9,12.7,mpn/100mL,N,NA
Long,62006700,2021-08-03,4.6,13.9,mpn/100mL,N,NA
Long,62006700,2021-08-03,4.6,13.9,mpn/100mL,N,NA
Long,62006700,2021-07-27,87.2,14.7,mpn/100mL,N,NA
Long,62006700,2021-07-27,87.2,14.7,mpn/100mL,N,NA
Long,62006700,2021-07-20,4.9,9.5,mpn/100mL,N,NA
Long,62006700,2021-07-20,4.9,9.5,mpn/100mL,N,NA
Long,62006700,2021-07-13,58.4,7.4,mpn/100mL,N,NA
Long,62006700,2021-07-13,58.4,7.4,mpn/100mL,N,NA
Long,62006700,2021-07-06,4.4,4.1,mpn/100mL,N,NA
Long,62006700,2021-07-06,4.4,4.1,mpn/100mL,N,NA
Long,62006700,2021-06-29,6.2,3.9,mpn/100mL,N,NA
Long,62006700,2021-06-29,6.2,3.9,mpn/100mL,N,NA
Long,62006700,2021-06-22,9.8,4.9,mpn/100mL,N,NA
Long,62006700,2021-06-22,9.8,4.9,mpn/100mL,N,NA
Long,62006700,2021-06-15,1.4,4.1,mpn/100mL,N,NA
Long,62006700,2021-06-15,1.4,4.1,mpn/100mL,N,NA
Long,62006700,2021-06-08,2.9,5.8,mpn/100mL,N,NA
Long,62006700,2021-06-08,2.9,5.8,mpn/100mL,N,NA
Long,62006700,2021-06-01,3.6,8.4,mpn/100mL,N,NA
Long,62006700,2021-06-01,3.6,8.4,mpn/100mL,N,NA
Long,62006700,2021-05-25,19.3,19.3,mpn/100mL,N,NA
Long,62006700,2021-05-25,19.3,19.3,mpn/100mL,N,NA
Long,62006700,2015-09-01,32.7,12.8,mpn/100mL,N,NA
Long,62006700,2015-09-01,32.7,12.8,mpn/100mL,N,NA
Long,62006700,2015-08-25,2.9,20,mpn/100mL,N,NA
Long,62006700,2015-08-25,2.9,20,mpn/100mL,N,NA
Long,62006700,2015-08-18,11.9,34.2,mpn/100mL,N,NA
Long,62006700,2015-08-18,11.9,34.2,mpn/100mL,N,NA
Long,62006700,2015-08-11,24.3,53.3,mpn/100mL,N,NA
Long,62006700,2015-08-11,24.3,53.3,mpn/100mL,N,NA
Long,62006700,2015-08-04,12.8,72.9,mpn/100mL,N,NA
Long,62006700,2015-08-04,12.8,72.9,mpn/100mL,N,NA
Long,62006700,2015-07-30,7.8,94.7,mpn/100mL,N,NA
Long,62006700,2015-07-30,7.8,94.7,mpn/100mL,N,NA
Long,62006700,2015-07-28,777.6,155.8,mpn/100mL,Y,ecoli_30dayGM
Long,62006700,2015-07-28,777.6,155.8,mpn/100mL,Y,ecoli_30dayGM
Long,62006700,2015-07-21,70.9,49.2,mpn/100mL,N,NA
Long,62006700,2015-07-21,70.9,49.2,mpn/100mL,N,NA
Long,62006700,2015-07-14,170.7,22.5,mpn/100mL,N,NA
Long,62006700,2015-07-14,170.7,22.5,mpn/100mL,N,NA
Long,62006700,2015-07-07,159.4,12.4,mpn/100mL,N,NA
Long,62006700,2015-07-07,159.4,12.4,mpn/100mL,N,NA
Long,62006700,2015-06-30,61.3,4.8,mpn/100mL,N,NA
Long,62006700,2015-06-30,61.3,4.8,mpn/100mL,N,NA
Long,62006700,2015-06-23,2.4,3,mpn/100mL,N,NA
Long,62006700,2015-06-23,2.4,3,mpn/100mL,N,NA
Long,62006700,2015-06-16,1.4,3.3,mpn/100mL,N,NA
Long,62006700,2015-06-16,1.4,3.3,mpn/100mL,N,NA
Long,62006700,2015-06-09,8.8,4.1,mpn/100mL,N,NA
Long,62006700,2015-06-09,8.8,4.1,mpn/100mL,N,NA
Long,62006700,2015-06-02,1.4,3.2,mpn/100mL,N,NA
Long,62006700,2015-06-02,1.4,3.2,mpn/100mL,N,NA
Long,62006700,2015-05-26,5.8,4.8,mpn/100mL,N,NA
Long,62006700,2015-05-26,5.8,4.8,mpn/100mL,N,NA
Long,62006700,2015-05-19,4,4,mpn/100mL,N,NA
Long,62006700,2015-05-19,4,4,mpn/100mL,N,NA
Long,62006700,2014-08-26,24.5,101.7,mpn/100mL,N,NA
Long,62006700,2014-08-26,24.5,101.7,mpn/100mL,N,NA
Long,62006700,2014-08-19,262,92.4,mpn/100mL,N,NA
Long,62006700,2014-08-19,262,92.4,mpn/100mL,N,NA
Long,62006700,2014-08-12,1177.2,39.9,mpn/100mL,N,NA
Long,62006700,2014-08-12,1177.2,39.9,mpn/100mL,N,NA
Long,62006700,2014-08-05,632.1,15.4,mpn/100mL,N,NA
Long,62006700,2014-08-05,632.1,15.4,mpn/100mL,N,NA
Long,62006700,2014-07-29,2.3,7.1,mpn/100mL,N,NA
Long,62006700,2014-07-29,2.3,7.1,mpn/100mL,N,NA
Long,62006700,2014-07-22,15.2,9.8,mpn/100mL,N,NA
Long,62006700,2014-07-22,15.2,9.8,mpn/100mL,N,NA
Long,62006700,2014-07-15,3.9,13.8,mpn/100mL,N,NA
Long,62006700,2014-07-15,3.9,13.8,mpn/100mL,N,NA
Long,62006700,2014-07-08,10.2,13.1,mpn/100mL,N,NA
Long,62006700,2014-07-08,10.2,13.1,mpn/100mL,N,NA
Long,62006700,2014-07-01,13.1,12.3,mpn/100mL,N,NA
Long,62006700,2014-07-01,13.1,12.3,mpn/100mL,N,NA
Long,62006700,2014-06-24,11.4,10.4,mpn/100mL,N,NA
Long,62006700,2014-06-24,11.4,10.4,mpn/100mL,N,NA
Long,62006700,2014-06-17,84,14.8,mpn/100mL,N,NA
Long,62006700,2014-06-17,84,14.8,mpn/100mL,N,NA
Long,62006700,2014-06-10,3,9.6,mpn/100mL,N,NA
Long,62006700,2014-06-10,3,9.6,mpn/100mL,N,NA
Long,62006700,2014-06-03,7.3,14.1,mpn/100mL,N,NA
Long,62006700,2014-06-03,7.3,14.1,mpn/100mL,N,NA
Long,62006700,2014-05-27,5.6,19.5,mpn/100mL,N,NA
Long,62006700,2014-05-27,5.6,19.5,mpn/100mL,N,NA
Long,62006700,2014-05-20,68.2,68.2,mpn/100mL,N,NA
Long,62006700,2014-05-20,68.2,68.2,mpn/100mL,N,NA
Long,62006700,2013-08-27,7.2,6.4,mpn/100mL,N,NA
Long,62006700,2013-08-27,7.2,6.4,mpn/100mL,N,NA
Long,62006700,2013-08-20,13.5,7.6,mpn/100mL,N,NA
Long,62006700,2013-08-20,13.5,7.6,mpn/100mL,N,NA
Long,62006700,2013-08-13,3.2,9.2,mpn/100mL,N,NA
Long,62006700,2013-08-13,3.2,9.2,mpn/100mL,N,NA
Long,62006700,2013-08-06,1.4,20.9,mpn/100mL,N,NA
Long,62006700,2013-08-06,1.4,20.9,mpn/100mL,N,NA
Long,62006700,2013-07-30,24.3,29.5,mpn/100mL,N,NA
Long,62006700,2013-07-30,24.3,29.5,mpn/100mL,N,NA
Long,62006700,2013-07-23,17.1,28.6,mpn/100mL,N,NA
Long,62006700,2013-07-23,17.1,28.6,mpn/100mL,N,NA
Long,62006700,2013-07-16,34.9,31,mpn/100mL,N,NA
Long,62006700,2013-07-16,34.9,31,mpn/100mL,N,NA
Long,62006700,2013-07-09,192.7,18.6,mpn/100mL,N,NA
Long,62006700,2013-07-09,192.7,18.6,mpn/100mL,N,NA
Long,62006700,2013-07-02,8,8.9,mpn/100mL,N,NA
Long,62006700,2013-07-02,8,8.9,mpn/100mL,N,NA
Long,62006700,2013-06-25,20.8,6.4,mpn/100mL,N,NA
Long,62006700,2013-06-25,20.8,6.4,mpn/100mL,N,NA
Long,62006700,2013-06-18,21.3,11.1,mpn/100mL,N,NA
Long,62006700,2013-06-11,3.5,10.2,mpn/100mL,N,NA
Long,62006700,2013-06-11,3.5,10.2,mpn/100mL,N,NA
Long,62006700,2013-06-04,7.1,14.5,mpn/100mL,N,NA
Long,62006700,2013-06-04,7.1,14.5,mpn/100mL,N,NA
Long,62006700,2013-05-28,1.8,20.7,mpn/100mL,N,NA
Long,62006700,2013-05-28,1.8,20.7,mpn/100mL,N,NA
Long,62006700,2013-05-21,243.7,243.7,mpn/100mL,Y,ecoli_30dayGM
Long,62006700,2013-05-21,243.7,243.7,mpn/100mL,Y,ecoli_30dayGM
Long,62006700,2012-08-29,8.9,6.3,mpn/100mL,N,NA
Long,62006700,2012-08-29,8.9,6.3,mpn/100mL,N,NA
Long,62006700,2012-08-21,2.9,5.8,mpn/100mL,N,NA
Long,62006700,2012-08-21,2.9,5.8,mpn/100mL,N,NA
Long,62006700,2012-08-14,12.2,6.6,mpn/100mL,N,NA
Long,62006700,2012-08-14,12.2,6.6,mpn/100mL,N,NA
Long,62006700,2012-08-07,4.6,7.3,mpn/100mL,N,NA
Long,62006700,2012-08-07,4.6,7.3,mpn/100mL,N,NA
Long,62006700,2012-07-31,6.7,7.1,mpn/100mL,N,NA
Long,62006700,2012-07-31,6.7,7.1,mpn/100mL,N,NA
Long,62006700,2012-07-24,5.9,6.6,mpn/100mL,N,NA
Long,62006700,2012-07-24,5.9,6.6,mpn/100mL,N,NA
Long,62006700,2012-07-17,5.5,9.1,mpn/100mL,N,NA
Long,62006700,2012-07-17,5.5,9.1,mpn/100mL,N,NA
Long,62006700,2012-07-10,20.3,9.9,mpn/100mL,N,NA
Long,62006700,2012-07-10,20.3,9.9,mpn/100mL,N,NA
Long,62006700,2012-07-05,4.1,7.7,mpn/100mL,N,NA
Long,62006700,2012-07-05,4.1,7.7,mpn/100mL,N,NA
Long,62006700,2012-06-26,4.6,8.3,mpn/100mL,N,NA
Long,62006700,2012-06-26,4.6,8.3,mpn/100mL,N,NA
Long,62006700,2012-06-19,29.5,9.6,mpn/100mL,N,NA
Long,62006700,2012-06-19,29.5,9.6,mpn/100mL,N,NA
Long,62006700,2012-06-12,8.5,6.6,mpn/100mL,N,NA
Long,62006700,2012-06-12,8.5,6.6,mpn/100mL,N,NA
Long,62006700,2012-06-05,5.7,5.8,mpn/100mL,N,NA
Long,62006700,2012-06-05,5.7,5.8,mpn/100mL,N,NA
Long,62006700,2012-05-29,5.8,5.8,mpn/100mL,N,NA
Long,62006700,2012-05-29,5.8,5.8,mpn/100mL,N,NA
Long,62006700,2011-08-30,1,3.8,mpn/100mL,N,NA
Long,62006700,2011-08-30,1,3.8,mpn/100mL,N,NA
Long,62006700,2011-08-23,1.8,8.6,mpn/100mL,N,NA
Long,62006700,2011-08-23,1.8,8.6,mpn/100mL,N,NA
Long,62006700,2011-08-16,2.3,20,mpn/100mL,N,NA
Long,62006700,2011-08-16,2.3,20,mpn/100mL,N,NA
Long,62006700,2011-08-09,4,27.7,mpn/100mL,N,NA
Long,62006700,2011-08-09,4,27.7,mpn/100mL,N,NA
Long,62006700,2011-08-02,51.7,45.6,mpn/100mL,N,NA
Long,62006700,2011-08-02,51.7,45.6,mpn/100mL,N,NA
Long,62006700,2011-07-26,56,29.8,mpn/100mL,N,NA
Long,62006700,2011-07-26,56,29.8,mpn/100mL,N,NA
Long,62006700,2011-07-19,120.7,21.6,mpn/100mL,N,NA
Long,62006700,2011-07-19,120.7,21.6,mpn/100mL,N,NA
Long,62006700,2011-07-12,11.7,11.6,mpn/100mL,N,NA
Long,62006700,2011-07-12,11.7,11.6,mpn/100mL,N,NA
Long,62006700,2011-07-05,48.6,12.7,mpn/100mL,N,NA
Long,62006700,2011-07-05,48.6,12.7,mpn/100mL,N,NA
Long,62006700,2011-06-28,6.2,8.8,mpn/100mL,N,NA
Long,62006700,2011-06-28,6.2,8.8,mpn/100mL,N,NA
Long,62006700,2011-06-21,11.2,10.1,mpn/100mL,N,NA
Long,62006700,2011-06-21,11.2,10.1,mpn/100mL,N,NA
Long,62006700,2011-06-14,5.4,9.8,mpn/100mL,N,NA
Long,62006700,2011-06-14,5.4,9.8,mpn/100mL,N,NA
Long,62006700,2011-06-07,18.3,12,mpn/100mL,N,NA
Long,62006700,2011-06-07,18.3,12,mpn/100mL,N,NA
Long,62006700,2011-05-31,7.7,9.7,mpn/100mL,N,NA
Long,62006700,2011-05-31,7.7,9.7,mpn/100mL,N,NA
Long,62006700,2011-05-24,12.1,12.1,mpn/100mL,N,NA
Long,62006700,2011-05-24,12.1,12.1,mpn/100mL,N,NA
Long,62006700,2010-08-31,23.5,3,mpn/100mL,N,NA
Long,62006700,2010-08-31,23.5,3,mpn/100mL,N,NA
Long,62006700,2010-08-24,1,2.2,mpn/100mL,N,NA
Long,62006700,2010-08-24,1,2.2,mpn/100mL,N,NA
Long,62006700,2010-08-17,1.4,3.3,mpn/100mL,N,NA
Long,62006700,2010-08-17,1.4,3.3,mpn/100mL,N,NA
Long,62006700,2010-08-10,1,5.2,mpn/100mL,N,NA
Long,62006700,2010-08-10,1,5.2,mpn/100mL,N,NA
Long,62006700,2010-08-03,7.3,6.5,mpn/100mL,N,NA
Long,62006700,2010-08-03,7.3,6.5,mpn/100mL,N,NA
Long,62006700,2010-07-27,4.9,6.6,mpn/100mL,N,NA
Long,62006700,2010-07-27,4.9,6.6,mpn/100mL,N,NA
Long,62006700,2010-07-20,7.9,9.8,mpn/100mL,N,NA
Long,62006700,2010-07-20,7.9,9.8,mpn/100mL,N,NA
Long,62006700,2010-07-13,12.8,12.3,mpn/100mL,N,NA
Long,62006700,2010-07-13,12.8,12.3,mpn/100mL,N,NA
Long,62006700,2010-07-06,3.2,10,mpn/100mL,N,NA
Long,62006700,2010-07-06,3.2,10,mpn/100mL,N,NA
Long,62006700,2010-06-30,7.9,13.4,mpn/100mL,N,NA
Long,62006700,2010-06-30,7.9,13.4,mpn/100mL,N,NA
Long,62006700,2010-06-22,34.8,10.2,mpn/100mL,N,NA
Long,62006700,2010-06-22,34.8,10.2,mpn/100mL,N,NA
Long,62006700,2010-06-15,24.8,7.5,mpn/100mL,N,NA
Long,62006700,2010-06-15,24.8,7.5,mpn/100mL,N,NA
Long,62006700,2010-06-08,4.6,5.1,mpn/100mL,N,NA
Long,62006700,2010-06-08,4.6,5.1,mpn/100mL,N,NA
Long,62006700,2010-06-02,13.8,5.3,mpn/100mL,N,NA
Long,62006700,2010-06-02,13.8,5.3,mpn/100mL,N,NA
Long,62006700,2010-05-25,2,2,mpn/100mL,N,NA
Long,62006700,2010-05-25,2,2,mpn/100mL,N,NA
Long,62006700,2009-09-01,3.5,15.5,mpn/100mL,N,NA
Long,62006700,2009-09-01,3.5,15.5,mpn/100mL,N,NA
Long,62006700,2009-08-25,10.7,15.5,mpn/100mL,N,NA
Long,62006700,2009-08-25,10.7,15.5,mpn/100mL,N,NA
Long,62006700,2009-08-18,4.9,27.9,mpn/100mL,N,NA
Long,62006700,2009-08-18,4.9,27.9,mpn/100mL,N,NA
Long,62006700,2009-08-11,297.4,26.8,mpn/100mL,N,NA
Long,62006700,2009-08-11,297.4,26.8,mpn/100mL,N,NA
Long,62006700,2009-08-04,16.4,14.1,mpn/100mL,N,NA
Long,62006700,2009-08-04,16.4,14.1,mpn/100mL,N,NA
Long,62006700,2009-07-28,3.5,9.7,mpn/100mL,N,NA
Long,62006700,2009-07-28,3.5,9.7,mpn/100mL,N,NA
Long,62006700,2009-07-21,199,11.4,mpn/100mL,N,NA
Long,62006700,2009-07-21,199,11.4,mpn/100mL,N,NA
Long,62006700,2009-07-14,4,4.5,mpn/100mL,N,NA
Long,62006700,2009-07-14,4,4.5,mpn/100mL,N,NA
Long,62006700,2009-07-07,12.1,4.1,mpn/100mL,N,NA
Long,62006700,2009-07-07,12.1,4.1,mpn/100mL,N,NA
Long,62006700,2009-06-30,2.5,3.1,mpn/100mL,N,NA
Long,62006700,2009-06-30,2.5,3.1,mpn/100mL,N,NA
Long,62006700,2009-06-23,7.8,2.8,mpn/100mL,N,NA
Long,62006700,2009-06-23,7.8,2.8,mpn/100mL,N,NA
Long,62006700,2009-06-16,2,1.9,mpn/100mL,N,NA
Long,62006700,2009-06-16,2,1.9,mpn/100mL,N,NA
Long,62006700,2009-06-09,2.4,1.8,mpn/100mL,N,NA
Long,62006700,2009-06-09,2.4,1.8,mpn/100mL,N,NA
Long,62006700,2009-06-02,3.1,1.6,mpn/100mL,N,NA
Long,62006700,2009-06-02,3.1,1.6,mpn/100mL,N,NA
Long,62006700,2009-05-26,1.4,1.2,mpn/100mL,N,NA
Long,62006700,2009-05-26,1.4,1.2,mpn/100mL,N,NA
Long,62006700,2009-05-19,1,1,mpn/100mL,N,NA
Long,62006700,2009-05-19,1,1,mpn/100mL,N,NA
Long,62006700,2008-08-26,2,3.7,mpn/100mL,N,NA
Long,62006700,2008-08-26,2,3.7,mpn/100mL,N,NA
Long,62006700,2008-08-19,1,4.1,mpn/100mL,N,NA
Long,62006700,2008-08-19,1,4.1,mpn/100mL,N,NA
Long,62006700,2008-08-12,2.5,7.4,mpn/100mL,N,NA
Long,62006700,2008-08-12,2.5,7.4,mpn/100mL,N,NA
Long,62006700,2008-08-05,12.6,12,mpn/100mL,N,NA
Long,62006700,2008-08-05,12.6,12,mpn/100mL,N,NA
Long,62006700,2008-07-30,11.2,13.9,mpn/100mL,N,NA
Long,62006700,2008-07-30,11.2,13.9,mpn/100mL,N,NA
Long,62006700,2008-07-22,3.2,12.7,mpn/100mL,N,NA
Long,62006700,2008-07-22,3.2,12.7,mpn/100mL,N,NA
Long,62006700,2008-07-15,20,16.7,mpn/100mL,N,NA
Long,62006700,2008-07-15,20,16.7,mpn/100mL,N,NA
Long,62006700,2008-07-08,27.4,16.7,mpn/100mL,N,NA
Long,62006700,2008-07-08,27.4,16.7,mpn/100mL,N,NA
Long,62006700,2008-07-01,26,12.9,mpn/100mL,N,NA
Long,62006700,2008-07-01,26,12.9,mpn/100mL,N,NA
Long,62006700,2008-06-24,7.3,8.3,mpn/100mL,N,NA
Long,62006700,2008-06-24,7.3,8.3,mpn/100mL,N,NA
Long,62006700,2008-06-17,12.6,8.6,mpn/100mL,N,NA
Long,62006700,2008-06-17,12.6,8.6,mpn/100mL,N,NA
Long,62006700,2008-06-10,19.9,7.5,mpn/100mL,N,NA
Long,62006700,2008-06-10,19.9,7.5,mpn/100mL,N,NA
Long,62006700,2008-06-03,7.4,4.6,mpn/100mL,N,NA
Long,62006700,2008-06-03,7.4,4.6,mpn/100mL,N,NA
Long,62006700,2008-05-27,2.9,2.9,mpn/100mL,N,NA
Long,62006700,2008-05-27,2.9,2.9,mpn/100mL,N,NA
Long,62006700,2007-08-28,64.1,9.4,mpn/100mL,N,NA
Long,62006700,2007-08-28,64.1,9.4,mpn/100mL,N,NA
Long,62006700,2007-08-21,35.2,6.2,mpn/100mL,N,NA
Long,62006700,2007-08-21,35.2,6.2,mpn/100mL,N,NA
Long,62006700,2007-08-14,32.9,3,mpn/100mL,N,NA
Long,62006700,2007-08-14,32.9,3,mpn/100mL,N,NA
Long,62006700,2007-08-06,1,3.9,mpn/100mL,N,NA
Long,62006700,2007-08-06,1,3.9,mpn/100mL,N,NA
Long,62006700,2007-07-31,1,6.8,mpn/100mL,N,NA
Long,62006700,2007-07-31,1,6.8,mpn/100mL,N,NA
Long,62006700,2007-07-24,7.8,8.1,mpn/100mL,N,NA
Long,62006700,2007-07-24,7.8,8.1,mpn/100mL,N,NA
Long,62006700,2007-07-17,1,8.7,mpn/100mL,N,NA
Long,62006700,2007-07-17,1,8.7,mpn/100mL,N,NA
Long,62006700,2007-07-09,109.5,11.4,mpn/100mL,N,NA
Long,62006700,2007-07-09,109.5,11.4,mpn/100mL,N,NA
Long,62006700,2007-07-02,16.5,4.8,mpn/100mL,N,NA
Long,62006700,2007-07-02,16.5,4.8,mpn/100mL,N,NA
Long,62006700,2007-06-26,2.5,4.1,mpn/100mL,N,NA
Long,62006700,2007-06-26,2.5,4.1,mpn/100mL,N,NA
Long,62006700,2007-06-19,10.8,3.4,mpn/100mL,N,NA
Long,62006700,2007-06-19,10.8,3.4,mpn/100mL,N,NA
Long,62006700,2007-06-12,4,2.6,mpn/100mL,N,NA
Long,62006700,2007-06-12,4,2.6,mpn/100mL,N,NA
Long,62006700,2007-06-05,1.4,2.2,mpn/100mL,N,NA
Long,62006700,2007-06-05,1.4,2.2,mpn/100mL,N,NA
Long,62006700,2007-05-29,7.9,2.8,mpn/100mL,N,NA
Long,62006700,2007-05-29,7.9,2.8,mpn/100mL,N,NA
Long,62006700,2007-05-21,1,1,mpn/100mL,N,NA
Long,62006700,2007-05-21,1,1,mpn/100mL,N,NA
Long,62006700,2006-08-29,10.8,8.5,mpn/100mL,N,NA
Long,62006700,2006-08-29,10.8,8.5,mpn/100mL,N,NA
Long,62006700,2006-08-22,2,8.2,mpn/100mL,N,NA
Long,62006700,2006-08-22,2,8.2,mpn/100mL,N,NA
Long,62006700,2006-08-15,2.9,14,mpn/100mL,N,NA
Long,62006700,2006-08-15,2.9,14,mpn/100mL,N,NA
Long,62006700,2006-08-08,32.7,20.1,mpn/100mL,N,NA
Long,62006700,2006-08-08,32.7,20.1,mpn/100mL,N,NA
Long,62006700,2006-08-01,21.9,18.6,mpn/100mL,N,NA
Long,62006700,2006-08-01,21.9,18.6,mpn/100mL,N,NA
Long,62006700,2006-07-25,8.9,15.5,mpn/100mL,N,NA
Long,62006700,2006-07-25,8.9,15.5,mpn/100mL,N,NA
Long,62006700,2006-07-18,29.9,18.1,mpn/100mL,N,NA
Long,62006700,2006-07-18,29.9,18.1,mpn/100mL,N,NA
Long,62006700,2006-07-11,17.3,13,mpn/100mL,N,NA
Long,62006700,2006-07-11,17.3,13,mpn/100mL,N,NA
Long,62006700,2006-07-05,22.3,14,mpn/100mL,N,NA
Long,62006700,2006-07-05,22.3,14,mpn/100mL,N,NA
Long,62006700,2006-06-27,8.8,10.9,mpn/100mL,N,NA
Long,62006700,2006-06-27,8.8,10.9,mpn/100mL,N,NA
Long,62006700,2006-06-20,19.3,7.9,mpn/100mL,N,NA
Long,62006700,2006-06-20,19.3,7.9,mpn/100mL,N,NA
Long,62006700,2006-06-13,5.7,6.3,mpn/100mL,N,NA
Long,62006700,2006-06-13,5.7,6.3,mpn/100mL,N,NA
Long,62006700,2006-06-06,25.1,6.5,mpn/100mL,N,NA
Long,62006700,2006-06-06,25.1,6.5,mpn/100mL,N,NA
Long,62006700,2006-05-30,6.3,3.3,mpn/100mL,N,NA
Long,62006700,2006-05-30,6.3,3.3,mpn/100mL,N,NA
Long,62006700,2006-05-23,1.8,1.8,mpn/100mL,N,NA
Long,62006700,2006-05-23,1.8,1.8,mpn/100mL,N,NA
Long,62006700,2005-08-30,1.4,1.7,mpn/100mL,N,NA
Long,62006700,2005-08-30,1.4,1.7,mpn/100mL,N,NA
Long,62006700,2005-08-23,3.2,2.5,mpn/100mL,N,NA
Long,62006700,2005-08-23,3.2,2.5,mpn/100mL,N,NA
Long,62006700,2005-08-16,1,2.1,mpn/100mL,N,NA
Long,62006700,2005-08-16,1,2.1,mpn/100mL,N,NA
Long,62006700,2005-08-09,2,3.1,mpn/100mL,N,NA
Long,62006700,2005-08-09,2,3.1,mpn/100mL,N,NA
Long,62006700,2005-08-02,1.4,4,mpn/100mL,N,NA
Long,62006700,2005-08-02,1.4,4,mpn/100mL,N,NA
Long,62006700,2005-07-26,10.7,8.5,mpn/100mL,N,NA
Long,62006700,2005-07-26,10.7,8.5,mpn/100mL,N,NA
Long,62006700,2005-07-19,1.4,14.5,mpn/100mL,N,NA
Long,62006700,2005-07-19,1.4,14.5,mpn/100mL,N,NA
Long,62006700,2005-07-12,7,30.7,mpn/100mL,N,NA
Long,62006700,2005-07-12,7,30.7,mpn/100mL,N,NA
Long,62006700,2005-07-05,7,44.5,mpn/100mL,N,NA
Long,62006700,2005-07-05,7,44.5,mpn/100mL,N,NA
Long,62006700,2005-06-28,59.7,82.3,mpn/100mL,N,NA
Long,62006700,2005-06-28,59.7,82.3,mpn/100mL,N,NA
Long,62006700,2005-06-21,154,96.6,mpn/100mL,N,NA
Long,62006700,2005-06-21,154,96.6,mpn/100mL,N,NA
Long,62006700,2005-06-14,60.6,60.6,mpn/100mL,N,NA
Long,62006700,2005-06-14,60.6,60.6,mpn/100mL,N,NA
Long,62006700,2004-08-31,38.6,31.7,mpn/100mL,N,NA
Long,62006700,2004-08-31,38.6,31.7,mpn/100mL,N,NA
Long,62006700,2004-08-24,11,24.9,mpn/100mL,N,NA
Long,62006700,2004-08-24,11,24.9,mpn/100mL,N,NA
Long,62006700,2004-08-17,73.2,37.5,mpn/100mL,N,NA
Long,62006700,2004-08-17,73.2,37.5,mpn/100mL,N,NA
Long,62006700,2004-08-10,7.5,37.3,mpn/100mL,N,NA
Long,62006700,2004-08-10,7.5,37.3,mpn/100mL,N,NA
Long,62006700,2004-08-03,137,44.1,mpn/100mL,N,NA
Long,62006700,2004-08-03,137,44.1,mpn/100mL,N,NA
Long,62006700,2004-07-27,11.5,21.9,mpn/100mL,N,NA
Long,62006700,2004-07-27,11.5,21.9,mpn/100mL,N,NA
Long,62006700,2004-07-20,86.1,15,mpn/100mL,N,NA
Long,62006700,2004-07-20,86.1,15,mpn/100mL,N,NA
Long,62006700,2004-07-13,70.5,9.7,mpn/100mL,N,NA
Long,62006700,2004-07-13,70.5,9.7,mpn/100mL,N,NA
Long,62006700,2004-07-06,17.4,5.9,mpn/100mL,N,NA
Long,62006700,2004-07-06,17.4,5.9,mpn/100mL,N,NA
Long,62006700,2004-06-29,4.1,4.1,mpn/100mL,N,NA
Long,62006700,2004-06-29,4.1,4.1,mpn/100mL,N,NA
Long,62006700,2004-06-22,1.8,4.2,mpn/100mL,N,NA
Long,62006700,2004-06-22,1.8,4.2,mpn/100mL,N,NA
Long,62006700,2004-06-15,9.8,9.8,mpn/100mL,N,NA
Long,62006700,2004-06-15,9.8,9.8,mpn/100mL,N,NA
McCarrons,62005400,2024-08-27,10.7,26.6,mpn/100mL,N,NA
McCarrons,62005400,2024-08-27,10.7,26.6,mpn/100mL,N,NA
McCarrons,62005400,2024-08-20,23.4,44,mpn/100mL,N,NA
McCarrons,62005400,2024-08-20,23.4,44,mpn/100mL,N,NA
McCarrons,62005400,2024-08-13,2.9,25.1,mpn/100mL,N,NA
McCarrons,62005400,2024-08-13,2.9,25.1,mpn/100mL,N,NA
McCarrons,62005400,2024-08-06,164.2,29.5,mpn/100mL,N,NA
McCarrons,62005400,2024-08-06,164.2,29.5,mpn/100mL,N,NA
McCarrons,62005400,2024-07-30,112.8,18.7,mpn/100mL,N,NA
McCarrons,62005400,2024-07-30,112.8,18.7,mpn/100mL,N,NA
McCarrons,62005400,2024-07-23,132.5,11.4,mpn/100mL,N,NA
McCarrons,62005400,2024-07-23,132.5,11.4,mpn/100mL,N,NA
McCarrons,62005400,2024-07-16,1.4,12.9,mpn/100mL,N,NA
McCarrons,62005400,2024-07-16,1.4,12.9,mpn/100mL,N,NA
McCarrons,62005400,2024-07-09,6.4,23.8,mpn/100mL,N,NA
McCarrons,62005400,2024-07-09,6.4,23.8,mpn/100mL,N,NA
McCarrons,62005400,2024-07-02,17,28.1,mpn/100mL,N,NA
McCarrons,62005400,2024-07-02,17,28.1,mpn/100mL,N,NA
McCarrons,62005400,2024-06-25,9.5,28.1,mpn/100mL,N,NA
McCarrons,62005400,2024-06-25,9.5,28.1,mpn/100mL,N,NA
McCarrons,62005400,2024-06-18,247.9,36.5,mpn/100mL,N,NA
McCarrons,62005400,2024-06-18,247.9,36.5,mpn/100mL,N,NA
McCarrons,62005400,2024-06-11,29.8,22.6,mpn/100mL,N,NA
McCarrons,62005400,2024-06-11,29.8,22.6,mpn/100mL,N,NA
McCarrons,62005400,2024-06-04,14.6,20.6,mpn/100mL,N,NA
McCarrons,62005400,2024-06-04,14.6,20.6,mpn/100mL,N,NA
McCarrons,62005400,2024-05-28,17.1,24.5,mpn/100mL,N,NA
McCarrons,62005400,2024-05-28,17.1,24.5,mpn/100mL,N,NA
McCarrons,62005400,2024-05-21,35.1,35.1,mpn/100mL,N,NA
McCarrons,62005400,2024-05-21,35.1,35.1,mpn/100mL,N,NA
McCarrons,62005400,2023-08-29,1.8,3.3,mpn/100mL,N,NA
McCarrons,62005400,2023-08-29,1.8,3.3,mpn/100mL,N,NA
McCarrons,62005400,2023-08-22,7.8,3.7,mpn/100mL,N,NA
McCarrons,62005400,2023-08-22,7.8,3.7,mpn/100mL,N,NA
McCarrons,62005400,2023-08-15,10.4,3,mpn/100mL,N,NA
McCarrons,62005400,2023-08-15,10.4,3,mpn/100mL,N,NA
McCarrons,62005400,2023-08-08,1,2.7,mpn/100mL,N,NA
McCarrons,62005400,2023-08-08,1,2.7,mpn/100mL,N,NA
McCarrons,62005400,2023-08-01,2.7,3.1,mpn/100mL,N,NA
McCarrons,62005400,2023-08-01,2.7,3.1,mpn/100mL,N,NA
McCarrons,62005400,2023-07-25,3,3.2,mpn/100mL,N,NA
McCarrons,62005400,2023-07-25,3,3.2,mpn/100mL,N,NA
McCarrons,62005400,2023-07-18,2.7,4,mpn/100mL,N,NA
McCarrons,62005400,2023-07-18,2.7,4,mpn/100mL,N,NA
McCarrons,62005400,2023-07-11,5.9,4.8,mpn/100mL,N,NA
McCarrons,62005400,2023-07-11,5.9,4.8,mpn/100mL,N,NA
McCarrons,62005400,2023-07-06,2,5.5,mpn/100mL,N,NA
McCarrons,62005400,2023-07-06,2,5.5,mpn/100mL,N,NA
McCarrons,62005400,2023-06-27,3.2,5.5,mpn/100mL,N,NA
McCarrons,62005400,2023-06-27,3.2,5.5,mpn/100mL,N,NA
McCarrons,62005400,2023-06-20,10.3,7,mpn/100mL,N,NA
McCarrons,62005400,2023-06-20,10.3,7,mpn/100mL,N,NA
McCarrons,62005400,2023-06-13,6.7,6.4,mpn/100mL,N,NA
McCarrons,62005400,2023-06-13,6.7,6.4,mpn/100mL,N,NA
McCarrons,62005400,2023-06-06,11.7,6.3,mpn/100mL,N,NA
McCarrons,62005400,2023-06-06,11.7,6.3,mpn/100mL,N,NA
McCarrons,62005400,2023-05-30,2,4.6,mpn/100mL,N,NA
McCarrons,62005400,2023-05-30,2,4.6,mpn/100mL,N,NA
McCarrons,62005400,2023-05-23,10.8,10.8,mpn/100mL,N,NA
McCarrons,62005400,2023-05-23,10.8,10.8,mpn/100mL,N,NA
McCarrons,62005400,2022-08-30,10.3,3.2,mpn/100mL,N,NA
McCarrons,62005400,2022-08-30,10.3,3.2,mpn/100mL,N,NA
McCarrons,62005400,2022-08-30,10.3,3.2,mpn/100mL,N,NA
McCarrons,62005400,2022-08-23,1.7,2.3,mpn/100mL,N,NA
McCarrons,62005400,2022-08-23,1.7,2.3,mpn/100mL,N,NA
McCarrons,62005400,2022-08-16,4.6,2.9,mpn/100mL,N,NA
McCarrons,62005400,2022-08-16,4.6,2.9,mpn/100mL,N,NA
McCarrons,62005400,2022-08-09,2.3,2.4,mpn/100mL,N,NA
McCarrons,62005400,2022-08-09,2.3,2.4,mpn/100mL,N,NA
McCarrons,62005400,2022-08-02,1,3,mpn/100mL,N,NA
McCarrons,62005400,2022-08-02,1,3,mpn/100mL,N,NA
McCarrons,62005400,2022-07-26,3.8,3.5,mpn/100mL,N,NA
McCarrons,62005400,2022-07-26,3.8,3.5,mpn/100mL,N,NA
McCarrons,62005400,2022-07-19,5.2,4.7,mpn/100mL,N,NA
McCarrons,62005400,2022-07-19,5.2,4.7,mpn/100mL,N,NA
McCarrons,62005400,2022-07-12,1.8,6,mpn/100mL,N,NA
McCarrons,62005400,2022-07-12,1.8,6,mpn/100mL,N,NA
McCarrons,62005400,2022-07-05,6.8,7.1,mpn/100mL,N,NA
McCarrons,62005400,2022-07-05,6.8,7.1,mpn/100mL,N,NA
McCarrons,62005400,2022-06-28,2.3,6.4,mpn/100mL,N,NA
McCarrons,62005400,2022-06-28,2.3,6.4,mpn/100mL,N,NA
McCarrons,62005400,2022-06-21,16.6,8.1,mpn/100mL,N,NA
McCarrons,62005400,2022-06-21,16.6,8.1,mpn/100mL,N,NA
McCarrons,62005400,2022-06-14,17.4,6.8,mpn/100mL,N,NA
McCarrons,62005400,2022-06-14,17.4,6.8,mpn/100mL,N,NA
McCarrons,62005400,2022-06-07,3.9,5,mpn/100mL,N,NA
McCarrons,62005400,2022-06-07,3.9,5,mpn/100mL,N,NA
McCarrons,62005400,2022-05-31,4.1,5.6,mpn/100mL,N,NA
McCarrons,62005400,2022-05-31,4.1,5.6,mpn/100mL,N,NA
McCarrons,62005400,2022-05-24,7.7,7.7,mpn/100mL,N,NA
McCarrons,62005400,2022-05-24,7.7,7.7,mpn/100mL,N,NA
McCarrons,62005400,2021-08-31,1.4,7.3,mpn/100mL,N,NA
McCarrons,62005400,2021-08-31,1.4,7.3,mpn/100mL,N,NA
McCarrons,62005400,2021-08-24,119.8,7.3,mpn/100mL,N,NA
McCarrons,62005400,2021-08-24,119.8,7.3,mpn/100mL,N,NA
McCarrons,62005400,2021-08-17,5.4,5.3,mpn/100mL,N,NA
McCarrons,62005400,2021-08-17,5.4,5.3,mpn/100mL,N,NA
McCarrons,62005400,2021-08-10,6.3,4.6,mpn/100mL,N,NA
McCarrons,62005400,2021-08-10,6.3,4.6,mpn/100mL,N,NA
McCarrons,62005400,2021-08-03,3.6,5.2,mpn/100mL,N,NA
McCarrons,62005400,2021-08-03,3.6,5.2,mpn/100mL,N,NA
McCarrons,62005400,2021-07-27,1.4,6.6,mpn/100mL,N,NA
McCarrons,62005400,2021-07-27,1.4,6.6,mpn/100mL,N,NA
McCarrons,62005400,2021-07-20,24.3,10.2,mpn/100mL,N,NA
McCarrons,62005400,2021-07-20,24.3,10.2,mpn/100mL,N,NA
McCarrons,62005400,2021-07-13,2.7,11.7,mpn/100mL,N,NA
McCarrons,62005400,2021-07-13,2.7,11.7,mpn/100mL,N,NA
McCarrons,62005400,2021-07-06,11.6,26.5,mpn/100mL,N,NA
McCarrons,62005400,2021-07-06,11.6,26.5,mpn/100mL,N,NA
McCarrons,62005400,2021-06-29,11.4,47.2,mpn/100mL,N,NA
McCarrons,62005400,2021-06-29,11.4,47.2,mpn/100mL,N,NA
McCarrons,62005400,2021-06-22,12.7,73.3,mpn/100mL,N,NA
McCarrons,62005400,2021-06-22,12.7,73.3,mpn/100mL,N,NA
McCarrons,62005400,2021-06-15,47.9,113.6,mpn/100mL,N,NA
McCarrons,62005400,2021-06-15,47.9,113.6,mpn/100mL,N,NA
McCarrons,62005400,2021-06-08,160.5,151.5,mpn/100mL,Y,ecoli_30dayGM
McCarrons,62005400,2021-06-08,160.5,151.5,mpn/100mL,Y,ecoli_30dayGM
McCarrons,62005400,2021-06-01,208.9,147.2,mpn/100mL,Y,ecoli_30dayGM
McCarrons,62005400,2021-06-01,208.9,147.2,mpn/100mL,Y,ecoli_30dayGM
McCarrons,62005400,2021-05-25,103.7,103.7,mpn/100mL,N,NA
McCarrons,62005400,2021-05-25,103.7,103.7,mpn/100mL,N,NA
McCarrons,62005400,2015-09-01,33.7,5.4,mpn/100mL,N,NA
McCarrons,62005400,2015-09-01,33.7,5.4,mpn/100mL,N,NA
McCarrons,62005400,2015-08-25,5.2,9.3,mpn/100mL,N,NA
McCarrons,62005400,2015-08-25,5.2,9.3,mpn/100mL,N,NA
McCarrons,62005400,2015-08-18,4.6,9.3,mpn/100mL,N,NA
McCarrons,62005400,2015-08-18,4.6,9.3,mpn/100mL,N,NA
McCarrons,62005400,2015-08-11,1.8,10.6,mpn/100mL,N,NA
McCarrons,62005400,2015-08-11,1.8,10.6,mpn/100mL,N,NA
McCarrons,62005400,2015-08-04,3.2,12.7,mpn/100mL,N,NA
McCarrons,62005400,2015-08-04,3.2,12.7,mpn/100mL,N,NA
McCarrons,62005400,2015-07-28,522,14.7,mpn/100mL,N,NA
McCarrons,62005400,2015-07-28,522,14.7,mpn/100mL,N,NA
McCarrons,62005400,2015-07-21,5.1,7.9,mpn/100mL,N,NA
McCarrons,62005400,2015-07-21,5.1,7.9,mpn/100mL,N,NA
McCarrons,62005400,2015-07-14,9,13.1,mpn/100mL,N,NA
McCarrons,62005400,2015-07-14,9,13.1,mpn/100mL,N,NA
McCarrons,62005400,2015-07-07,4.3,14.7,mpn/100mL,N,NA
McCarrons,62005400,2015-07-07,4.3,14.7,mpn/100mL,N,NA
McCarrons,62005400,2015-06-30,6.6,23.9,mpn/100mL,N,NA
McCarrons,62005400,2015-06-30,6.6,23.9,mpn/100mL,N,NA
McCarrons,62005400,2015-06-23,23.2,51.2,mpn/100mL,N,NA
McCarrons,62005400,2015-06-23,23.2,51.2,mpn/100mL,N,NA
McCarrons,62005400,2015-06-16,63.3,53.8,mpn/100mL,N,NA
McCarrons,62005400,2015-06-16,63.3,53.8,mpn/100mL,N,NA
McCarrons,62005400,2015-06-09,16.4,51.6,mpn/100mL,N,NA
McCarrons,62005400,2015-06-09,16.4,51.6,mpn/100mL,N,NA
McCarrons,62005400,2015-06-02,49.1,75.6,mpn/100mL,N,NA
McCarrons,62005400,2015-06-02,49.1,75.6,mpn/100mL,N,NA
McCarrons,62005400,2015-05-26,297.6,93.8,mpn/100mL,N,NA
McCarrons,62005400,2015-05-26,297.6,93.8,mpn/100mL,N,NA
McCarrons,62005400,2015-05-19,29.6,29.6,mpn/100mL,N,NA
McCarrons,62005400,2015-05-19,29.6,29.6,mpn/100mL,N,NA
McCarrons,62005400,2014-08-26,3.9,11.7,mpn/100mL,N,NA
McCarrons,62005400,2014-08-26,3.9,11.7,mpn/100mL,N,NA
McCarrons,62005400,2014-08-19,120.6,17.9,mpn/100mL,N,NA
McCarrons,62005400,2014-08-19,120.6,17.9,mpn/100mL,N,NA
McCarrons,62005400,2014-08-12,20.9,11.3,mpn/100mL,N,NA
McCarrons,62005400,2014-08-12,20.9,11.3,mpn/100mL,N,NA
McCarrons,62005400,2014-08-05,3.9,10.6,mpn/100mL,N,NA
McCarrons,62005400,2014-08-05,3.9,10.6,mpn/100mL,N,NA
McCarrons,62005400,2014-07-29,5.7,13.6,mpn/100mL,N,NA
McCarrons,62005400,2014-07-29,5.7,13.6,mpn/100mL,N,NA
McCarrons,62005400,2014-07-22,32.8,11.9,mpn/100mL,N,NA
McCarrons,62005400,2014-07-22,32.8,11.9,mpn/100mL,N,NA
McCarrons,62005400,2014-07-15,12,8.8,mpn/100mL,N,NA
McCarrons,62005400,2014-07-15,12,8.8,mpn/100mL,N,NA
McCarrons,62005400,2014-07-08,15.1,8.2,mpn/100mL,N,NA
McCarrons,62005400,2014-07-08,15.1,8.2,mpn/100mL,N,NA
McCarrons,62005400,2014-07-01,13.8,6.7,mpn/100mL,N,NA
McCarrons,62005400,2014-07-01,13.8,6.7,mpn/100mL,N,NA
McCarrons,62005400,2014-06-24,2.9,7.1,mpn/100mL,N,NA
McCarrons,62005400,2014-06-24,2.9,7.1,mpn/100mL,N,NA
McCarrons,62005400,2014-06-17,7.4,11.1,mpn/100mL,N,NA
McCarrons,62005400,2014-06-17,7.4,11.1,mpn/100mL,N,NA
McCarrons,62005400,2014-06-10,8.2,12.2,mpn/100mL,N,NA
McCarrons,62005400,2014-06-10,8.2,12.2,mpn/100mL,N,NA
McCarrons,62005400,2014-06-03,5.5,13.9,mpn/100mL,N,NA
McCarrons,62005400,2014-06-03,5.5,13.9,mpn/100mL,N,NA
McCarrons,62005400,2014-05-27,18.8,22.1,mpn/100mL,N,NA
McCarrons,62005400,2014-05-27,18.8,22.1,mpn/100mL,N,NA
McCarrons,62005400,2014-05-20,26,26,mpn/100mL,N,NA
McCarrons,62005400,2014-05-20,26,26,mpn/100mL,N,NA
McCarrons,62005400,2013-08-27,10.8,12.8,mpn/100mL,N,NA
McCarrons,62005400,2013-08-27,10.8,12.8,mpn/100mL,N,NA
McCarrons,62005400,2013-08-20,23.8,12.9,mpn/100mL,N,NA
McCarrons,62005400,2013-08-20,23.8,12.9,mpn/100mL,N,NA
McCarrons,62005400,2013-08-13,30.7,9.1,mpn/100mL,N,NA
McCarrons,62005400,2013-08-13,30.7,9.1,mpn/100mL,N,NA
McCarrons,62005400,2013-08-06,6.2,15.5,mpn/100mL,N,NA
McCarrons,62005400,2013-08-06,6.2,15.5,mpn/100mL,N,NA
McCarrons,62005400,2013-07-30,7.1,18.2,mpn/100mL,N,NA
McCarrons,62005400,2013-07-30,7.1,18.2,mpn/100mL,N,NA
McCarrons,62005400,2013-07-23,11.2,15.8,mpn/100mL,N,NA
McCarrons,62005400,2013-07-23,11.2,15.8,mpn/100mL,N,NA
McCarrons,62005400,2013-07-16,4.1,14.5,mpn/100mL,N,NA
McCarrons,62005400,2013-07-16,4.1,14.5,mpn/100mL,N,NA
McCarrons,62005400,2013-07-09,447.6,19,mpn/100mL,N,NA
McCarrons,62005400,2013-07-09,447.6,19,mpn/100mL,N,NA
McCarrons,62005400,2013-07-02,13.5,7.8,mpn/100mL,N,NA
McCarrons,62005400,2013-07-02,13.5,7.8,mpn/100mL,N,NA
McCarrons,62005400,2013-06-25,3.5,6,mpn/100mL,N,NA
McCarrons,62005400,2013-06-25,3.5,6,mpn/100mL,N,NA
McCarrons,62005400,2013-06-18,7.4,14.1,mpn/100mL,N,NA
McCarrons,62005400,2013-06-18,7.4,14.1,mpn/100mL,N,NA
McCarrons,62005400,2013-06-11,15.7,16.6,mpn/100mL,N,NA
McCarrons,62005400,2013-06-11,15.7,16.6,mpn/100mL,N,NA
McCarrons,62005400,2013-06-04,5.1,16.9,mpn/100mL,N,NA
McCarrons,62005400,2013-06-04,5.1,16.9,mpn/100mL,N,NA
McCarrons,62005400,2013-05-28,3.5,30.5,mpn/100mL,N,NA
McCarrons,62005400,2013-05-28,3.5,30.5,mpn/100mL,N,NA
McCarrons,62005400,2013-05-21,262,262,mpn/100mL,Y,ecoli_30dayGM
McCarrons,62005400,2013-05-21,262,262,mpn/100mL,Y,ecoli_30dayGM
McCarrons,62005400,2012-08-29,59,24.5,mpn/100mL,N,NA
McCarrons,62005400,2012-08-29,59,24.5,mpn/100mL,N,NA
McCarrons,62005400,2012-08-21,5.2,25.6,mpn/100mL,N,NA
McCarrons,62005400,2012-08-21,5.2,25.6,mpn/100mL,N,NA
McCarrons,62005400,2012-08-14,22.6,47.4,mpn/100mL,N,NA
McCarrons,62005400,2012-08-14,22.6,47.4,mpn/100mL,N,NA
McCarrons,62005400,2012-08-07,22.3,82,mpn/100mL,N,NA
McCarrons,62005400,2012-08-07,22.3,82,mpn/100mL,N,NA
McCarrons,62005400,2012-07-31,57.4,70.3,mpn/100mL,N,NA
McCarrons,62005400,2012-07-31,57.4,70.3,mpn/100mL,N,NA
McCarrons,62005400,2012-07-24,72.9,83,mpn/100mL,N,NA
McCarrons,62005400,2012-07-24,72.9,83,mpn/100mL,N,NA
McCarrons,62005400,2012-07-17,113.6,96.2,mpn/100mL,N,NA
McCarrons,62005400,2012-07-17,113.6,96.2,mpn/100mL,N,NA
McCarrons,62005400,2012-07-10,349.1,65.3,mpn/100mL,N,NA
McCarrons,62005400,2012-07-10,349.1,65.3,mpn/100mL,N,NA
McCarrons,62005400,2012-07-05,10.3,46.3,mpn/100mL,N,NA
McCarrons,62005400,2012-07-05,10.3,46.3,mpn/100mL,N,NA
McCarrons,62005400,2012-06-26,132,54.4,mpn/100mL,N,NA
McCarrons,62005400,2012-06-26,132,54.4,mpn/100mL,N,NA
McCarrons,62005400,2012-06-19,152.3,43.6,mpn/100mL,N,NA
McCarrons,62005400,2012-06-19,152.3,43.6,mpn/100mL,N,NA
McCarrons,62005400,2012-06-12,16.3,28.8,mpn/100mL,N,NA
McCarrons,62005400,2012-06-12,16.3,28.8,mpn/100mL,N,NA
McCarrons,62005400,2012-06-05,62.3,38.1,mpn/100mL,N,NA
McCarrons,62005400,2012-06-05,62.3,38.1,mpn/100mL,N,NA
McCarrons,62005400,2012-05-29,23.3,23.3,mpn/100mL,N,NA
McCarrons,62005400,2012-05-29,23.3,23.3,mpn/100mL,N,NA
McCarrons,62005400,2011-08-30,8,15.7,mpn/100mL,N,NA
McCarrons,62005400,2011-08-30,8,15.7,mpn/100mL,N,NA
McCarrons,62005400,2011-08-23,22.2,16.4,mpn/100mL,N,NA
McCarrons,62005400,2011-08-23,22.2,16.4,mpn/100mL,N,NA
McCarrons,62005400,2011-08-16,1.4,18,mpn/100mL,N,NA
McCarrons,62005400,2011-08-16,1.4,18,mpn/100mL,N,NA
McCarrons,62005400,2011-08-09,28.7,34.4,mpn/100mL,N,NA
McCarrons,62005400,2011-08-09,28.7,34.4,mpn/100mL,N,NA
McCarrons,62005400,2011-08-02,131.3,23.2,mpn/100mL,N,NA
McCarrons,62005400,2011-08-02,131.3,23.2,mpn/100mL,N,NA
McCarrons,62005400,2011-07-26,10.1,14.2,mpn/100mL,N,NA
McCarrons,62005400,2011-07-26,10.1,14.2,mpn/100mL,N,NA
McCarrons,62005400,2011-07-19,34.9,31.1,mpn/100mL,N,NA
McCarrons,62005400,2011-07-19,34.9,31.1,mpn/100mL,N,NA
McCarrons,62005400,2011-07-12,36.5,24.9,mpn/100mL,N,NA
McCarrons,62005400,2011-07-12,36.5,24.9,mpn/100mL,N,NA
McCarrons,62005400,2011-07-05,4,24.2,mpn/100mL,N,NA
McCarrons,62005400,2011-07-05,4,24.2,mpn/100mL,N,NA
McCarrons,62005400,2011-06-28,11.3,32.9,mpn/100mL,N,NA
McCarrons,62005400,2011-06-28,11.3,32.9,mpn/100mL,N,NA
McCarrons,62005400,2011-06-21,500.9,26.7,mpn/100mL,N,NA
McCarrons,62005400,2011-06-21,500.9,26.7,mpn/100mL,N,NA
McCarrons,62005400,2011-06-14,11.5,12.8,mpn/100mL,N,NA
McCarrons,62005400,2011-06-14,11.5,12.8,mpn/100mL,N,NA
McCarrons,62005400,2011-06-07,31.8,13.3,mpn/100mL,N,NA
McCarrons,62005400,2011-06-07,31.8,13.3,mpn/100mL,N,NA
McCarrons,62005400,2011-05-31,18.6,8.6,mpn/100mL,N,NA
McCarrons,62005400,2011-05-31,18.6,8.6,mpn/100mL,N,NA
McCarrons,62005400,2011-05-24,4,4,mpn/100mL,N,NA
McCarrons,62005400,2011-05-24,4,4,mpn/100mL,N,NA
McCarrons,62005400,2010-08-31,2,4.2,mpn/100mL,N,NA
McCarrons,62005400,2010-08-31,2,4.2,mpn/100mL,N,NA
McCarrons,62005400,2010-08-24,3.1,8,mpn/100mL,N,NA
McCarrons,62005400,2010-08-24,3.1,8,mpn/100mL,N,NA
McCarrons,62005400,2010-08-17,4.1,7.3,mpn/100mL,N,NA
McCarrons,62005400,2010-08-17,4.1,7.3,mpn/100mL,N,NA
McCarrons,62005400,2010-08-10,12.2,8,mpn/100mL,N,NA
McCarrons,62005400,2010-08-10,12.2,8,mpn/100mL,N,NA
McCarrons,62005400,2010-08-03,4.1,13.6,mpn/100mL,N,NA
McCarrons,62005400,2010-08-03,4.1,13.6,mpn/100mL,N,NA
McCarrons,62005400,2010-07-27,50.7,10.2,mpn/100mL,N,NA
McCarrons,62005400,2010-07-27,50.7,10.2,mpn/100mL,N,NA
McCarrons,62005400,2010-07-20,2,10.2,mpn/100mL,N,NA
McCarrons,62005400,2010-07-20,2,10.2,mpn/100mL,N,NA
McCarrons,62005400,2010-07-13,6.3,15,mpn/100mL,N,NA
McCarrons,62005400,2010-07-13,6.3,15,mpn/100mL,N,NA
McCarrons,62005400,2010-07-06,174.3,23.3,mpn/100mL,N,NA
McCarrons,62005400,2010-07-06,174.3,23.3,mpn/100mL,N,NA
McCarrons,62005400,2010-06-30,1,9.6,mpn/100mL,N,NA
McCarrons,62005400,2010-06-30,1,9.6,mpn/100mL,N,NA
McCarrons,62005400,2010-06-22,50.7,16.6,mpn/100mL,N,NA
McCarrons,62005400,2010-06-22,50.7,16.6,mpn/100mL,N,NA
McCarrons,62005400,2010-06-15,13.7,12.6,mpn/100mL,N,NA
McCarrons,62005400,2010-06-15,13.7,12.6,mpn/100mL,N,NA
McCarrons,62005400,2010-06-08,56.6,12.2,mpn/100mL,N,NA
McCarrons,62005400,2010-06-08,56.6,12.2,mpn/100mL,N,NA
McCarrons,62005400,2010-06-02,2,5.7,mpn/100mL,N,NA
McCarrons,62005400,2010-06-02,2,5.7,mpn/100mL,N,NA
McCarrons,62005400,2010-05-25,15.9,15.9,mpn/100mL,N,NA
McCarrons,62005400,2010-05-25,15.9,15.9,mpn/100mL,N,NA
McCarrons,62005400,2009-09-01,1,6.4,mpn/100mL,N,NA
McCarrons,62005400,2009-09-01,1,6.4,mpn/100mL,N,NA
McCarrons,62005400,2009-08-25,13.4,12.1,mpn/100mL,N,NA
McCarrons,62005400,2009-08-25,13.4,12.1,mpn/100mL,N,NA
McCarrons,62005400,2009-08-18,12,19,mpn/100mL,N,NA
McCarrons,62005400,2009-08-18,12,19,mpn/100mL,N,NA
McCarrons,62005400,2009-08-11,10.9,17.7,mpn/100mL,N,NA
McCarrons,62005400,2009-08-11,10.9,17.7,mpn/100mL,N,NA
McCarrons,62005400,2009-08-04,6.3,25.2,mpn/100mL,N,NA
McCarrons,62005400,2009-08-04,6.3,25.2,mpn/100mL,N,NA
McCarrons,62005400,2009-07-28,23.3,32.2,mpn/100mL,N,NA
McCarrons,62005400,2009-07-28,23.3,32.2,mpn/100mL,N,NA
McCarrons,62005400,2009-07-21,130.2,40.9,mpn/100mL,N,NA
McCarrons,62005400,2009-07-21,130.2,40.9,mpn/100mL,N,NA
McCarrons,62005400,2009-07-14,8.3,41.1,mpn/100mL,N,NA
McCarrons,62005400,2009-07-14,8.3,41.1,mpn/100mL,N,NA
McCarrons,62005400,2009-07-07,64.1,49.5,mpn/100mL,N,NA
McCarrons,62005400,2009-07-07,64.1,49.5,mpn/100mL,N,NA
McCarrons,62005400,2009-06-30,21.3,57.2,mpn/100mL,N,NA
McCarrons,62005400,2009-06-30,21.3,57.2,mpn/100mL,N,NA
McCarrons,62005400,2009-06-23,77.9,69.9,mpn/100mL,N,NA
McCarrons,62005400,2009-06-23,77.9,69.9,mpn/100mL,N,NA
McCarrons,62005400,2009-06-16,133.4,33.7,mpn/100mL,N,NA
McCarrons,62005400,2009-06-16,133.4,33.7,mpn/100mL,N,NA
McCarrons,62005400,2009-06-09,21,23.9,mpn/100mL,N,NA
McCarrons,62005400,2009-06-09,21,23.9,mpn/100mL,N,NA
McCarrons,62005400,2009-06-02,131.2,24.9,mpn/100mL,N,NA
McCarrons,62005400,2009-06-02,131.2,24.9,mpn/100mL,N,NA
McCarrons,62005400,2009-05-26,58.3,10.9,mpn/100mL,N,NA
McCarrons,62005400,2009-05-26,58.3,10.9,mpn/100mL,N,NA
McCarrons,62005400,2009-05-19,2,2,mpn/100mL,N,NA
McCarrons,62005400,2009-05-19,2,2,mpn/100mL,N,NA
McCarrons,62005400,2008-08-26,39,52.9,mpn/100mL,N,NA
McCarrons,62005400,2008-08-26,39,52.9,mpn/100mL,N,NA
McCarrons,62005400,2008-08-19,269.6,62.1,mpn/100mL,N,NA
McCarrons,62005400,2008-08-19,269.6,62.1,mpn/100mL,N,NA
McCarrons,62005400,2008-08-12,47.5,39.1,mpn/100mL,N,NA
McCarrons,62005400,2008-08-12,47.5,39.1,mpn/100mL,N,NA
McCarrons,62005400,2008-08-05,120.7,33.4,mpn/100mL,N,NA
McCarrons,62005400,2008-08-05,120.7,33.4,mpn/100mL,N,NA
McCarrons,62005400,2008-07-30,6.9,23,mpn/100mL,N,NA
McCarrons,62005400,2008-07-30,6.9,23,mpn/100mL,N,NA
McCarrons,62005400,2008-07-22,87,16.8,mpn/100mL,N,NA
McCarrons,62005400,2008-07-22,87,16.8,mpn/100mL,N,NA
McCarrons,62005400,2008-07-15,26.7,10.3,mpn/100mL,N,NA
McCarrons,62005400,2008-07-15,26.7,10.3,mpn/100mL,N,NA
McCarrons,62005400,2008-07-08,21.5,7.1,mpn/100mL,N,NA
McCarrons,62005400,2008-07-08,21.5,7.1,mpn/100mL,N,NA
McCarrons,62005400,2008-07-01,18.8,6.4,mpn/100mL,N,NA
McCarrons,62005400,2008-07-01,18.8,6.4,mpn/100mL,N,NA
McCarrons,62005400,2008-06-24,1.4,4.5,mpn/100mL,N,NA
McCarrons,62005400,2008-06-24,1.4,4.5,mpn/100mL,N,NA
McCarrons,62005400,2008-06-17,7.5,6,mpn/100mL,N,NA
McCarrons,62005400,2008-06-17,7.5,6,mpn/100mL,N,NA
McCarrons,62005400,2008-06-10,4.3,5.5,mpn/100mL,N,NA
McCarrons,62005400,2008-06-10,4.3,5.5,mpn/100mL,N,NA
McCarrons,62005400,2008-06-03,12,6.2,mpn/100mL,N,NA
McCarrons,62005400,2008-06-03,12,6.2,mpn/100mL,N,NA
McCarrons,62005400,2008-05-27,3.2,3.2,mpn/100mL,N,NA
McCarrons,62005400,2008-05-27,3.2,3.2,mpn/100mL,N,NA
McCarrons,62005400,2007-08-28,94.1,24.3,mpn/100mL,N,NA
McCarrons,62005400,2007-08-28,94.1,24.3,mpn/100mL,N,NA
McCarrons,62005400,2007-08-21,48.5,16.9,mpn/100mL,N,NA
McCarrons,62005400,2007-08-21,48.5,16.9,mpn/100mL,N,NA
McCarrons,62005400,2007-08-14,13,11.2,mpn/100mL,N,NA
McCarrons,62005400,2007-08-14,13,11.2,mpn/100mL,N,NA
McCarrons,62005400,2007-08-06,22.9,12.7,mpn/100mL,N,NA
McCarrons,62005400,2007-08-06,22.9,12.7,mpn/100mL,N,NA
McCarrons,62005400,2007-07-31,6.2,12.7,mpn/100mL,N,NA
McCarrons,62005400,2007-07-31,6.2,12.7,mpn/100mL,N,NA
McCarrons,62005400,2007-07-24,15.2,10.9,mpn/100mL,N,NA
McCarrons,62005400,2007-07-24,15.2,10.9,mpn/100mL,N,NA
McCarrons,62005400,2007-07-17,6.2,13.7,mpn/100mL,N,NA
McCarrons,62005400,2007-07-17,6.2,13.7,mpn/100mL,N,NA
McCarrons,62005400,2007-07-09,24.6,29.2,mpn/100mL,N,NA
McCarrons,62005400,2007-07-09,24.6,29.2,mpn/100mL,N,NA
McCarrons,62005400,2007-07-02,23.3,42.7,mpn/100mL,N,NA
McCarrons,62005400,2007-07-02,23.3,42.7,mpn/100mL,N,NA
McCarrons,62005400,2007-06-26,2.9,38.3,mpn/100mL,N,NA
McCarrons,62005400,2007-06-26,2.9,38.3,mpn/100mL,N,NA
McCarrons,62005400,2007-06-19,48.4,42.9,mpn/100mL,N,NA
McCarrons,62005400,2007-06-19,48.4,42.9,mpn/100mL,N,NA
McCarrons,62005400,2007-06-12,266.7,41.6,mpn/100mL,N,NA
McCarrons,62005400,2007-06-12,266.7,41.6,mpn/100mL,N,NA
McCarrons,62005400,2007-06-05,165.1,22.4,mpn/100mL,N,NA
McCarrons,62005400,2007-06-05,165.1,22.4,mpn/100mL,N,NA
McCarrons,62005400,2007-05-29,13.5,8.2,mpn/100mL,N,NA
McCarrons,62005400,2007-05-29,13.5,8.2,mpn/100mL,N,NA
McCarrons,62005400,2007-05-21,5,5,mpn/100mL,N,NA
McCarrons,62005400,2007-05-21,5,5,mpn/100mL,N,NA
McCarrons,62005400,2006-08-29,8.3,42.3,mpn/100mL,N,NA
McCarrons,62005400,2006-08-29,8.3,42.3,mpn/100mL,N,NA
McCarrons,62005400,2006-08-22,40.7,100.2,mpn/100mL,N,NA
McCarrons,62005400,2006-08-22,40.7,100.2,mpn/100mL,N,NA
McCarrons,62005400,2006-08-17,23.8,105.9,mpn/100mL,N,NA
McCarrons,62005400,2006-08-17,23.8,105.9,mpn/100mL,N,NA
McCarrons,62005400,2006-08-14,8.6,116.3,mpn/100mL,N,NA
McCarrons,62005400,2006-08-14,8.6,116.3,mpn/100mL,N,NA
McCarrons,62005400,2006-08-10,11.3,148.6,mpn/100mL,Y,ecoli_30dayGM
McCarrons,62005400,2006-08-10,11.3,148.6,mpn/100mL,Y,ecoli_30dayGM
McCarrons,62005400,2006-08-07,15.4,176.5,mpn/100mL,Y,ecoli_30dayGM
McCarrons,62005400,2006-08-07,15.4,176.5,mpn/100mL,Y,ecoli_30dayGM
McCarrons,62005400,2006-08-03,126.4,189.6,mpn/100mL,Y,ecoli_30dayGM
McCarrons,62005400,2006-08-03,126.4,189.6,mpn/100mL,Y,ecoli_30dayGM
McCarrons,62005400,2006-08-02,1195.9,195.2,mpn/100mL,Y,ecoli_30dayGM
McCarrons,62005400,2006-08-02,1195.9,195.2,mpn/100mL,Y,ecoli_30dayGM
McCarrons,62005400,2006-08-01,135.3,169.8,mpn/100mL,Y,ecoli_30dayGM
McCarrons,62005400,2006-08-01,135.3,169.8,mpn/100mL,Y,ecoli_30dayGM
McCarrons,62005400,2006-07-31,44.7,173,mpn/100mL,Y,ecoli_30dayGM
McCarrons,62005400,2006-07-31,44.7,173,mpn/100mL,Y,ecoli_30dayGM
McCarrons,62005400,2006-07-30,71.2,195.6,mpn/100mL,Y,ecoli_30dayGM
McCarrons,62005400,2006-07-30,71.2,195.6,mpn/100mL,Y,ecoli_30dayGM
McCarrons,62005400,2006-07-29,126.9,216.5,mpn/100mL,Y,ecoli_30dayGM
McCarrons,62005400,2006-07-29,126.9,216.5,mpn/100mL,Y,ecoli_30dayGM
McCarrons,62005400,2006-07-28,164.4,229.7,mpn/100mL,Y,ecoli_30dayGM
McCarrons,62005400,2006-07-28,164.4,229.7,mpn/100mL,Y,ecoli_30dayGM
McCarrons,62005400,2006-07-27,139.7,204.1,mpn/100mL,Y,ecoli_30dayGM
McCarrons,62005400,2006-07-27,139.7,204.1,mpn/100mL,Y,ecoli_30dayGM
McCarrons,62005400,2006-07-26,1128.8,214,mpn/100mL,Y,ecoli_30dayGM
McCarrons,62005400,2006-07-26,1128.8,214,mpn/100mL,Y,ecoli_30dayGM
McCarrons,62005400,2006-07-25,578.6,168.8,mpn/100mL,Y,ecoli_30dayGM
McCarrons,62005400,2006-07-25,578.6,168.8,mpn/100mL,Y,ecoli_30dayGM
McCarrons,62005400,2006-07-25,578.6,168.8,mpn/100mL,Y,ecoli_30dayGM
McCarrons,62005400,2006-07-25,578.6,168.8,mpn/100mL,Y,ecoli_30dayGM
McCarrons,62005400,2006-07-20,186.3,93.8,mpn/100mL,N,NA
McCarrons,62005400,2006-07-20,186.3,93.8,mpn/100mL,N,NA
McCarrons,62005400,2006-07-18,56.2,81.8,mpn/100mL,N,NA
McCarrons,62005400,2006-07-18,56.2,81.8,mpn/100mL,N,NA
McCarrons,62005400,2006-07-11,434.5,67.3,mpn/100mL,N,NA
McCarrons,62005400,2006-07-11,434.5,67.3,mpn/100mL,N,NA
McCarrons,62005400,2006-07-05,45.1,52.7,mpn/100mL,N,NA
McCarrons,62005400,2006-07-05,45.1,52.7,mpn/100mL,N,NA
McCarrons,62005400,2006-06-27,56.8,32.5,mpn/100mL,N,NA
McCarrons,62005400,2006-06-27,56.8,32.5,mpn/100mL,N,NA
McCarrons,62005400,2006-06-20,58.5,16.2,mpn/100mL,N,NA
McCarrons,62005400,2006-06-20,58.5,16.2,mpn/100mL,N,NA
McCarrons,62005400,2006-06-13,21.2,11.8,mpn/100mL,N,NA
McCarrons,62005400,2006-06-13,21.2,11.8,mpn/100mL,N,NA
McCarrons,62005400,2006-06-06,127.7,9.7,mpn/100mL,N,NA
McCarrons,62005400,2006-06-06,127.7,9.7,mpn/100mL,N,NA
McCarrons,62005400,2006-05-30,4,2.7,mpn/100mL,N,NA
McCarrons,62005400,2006-05-30,4,2.7,mpn/100mL,N,NA
McCarrons,62005400,2006-05-23,1.8,1.8,mpn/100mL,N,NA
McCarrons,62005400,2006-05-23,1.8,1.8,mpn/100mL,N,NA
McCarrons,62005400,2005-08-30,3.8,11.5,mpn/100mL,N,NA
McCarrons,62005400,2005-08-30,3.8,11.5,mpn/100mL,N,NA
McCarrons,62005400,2005-08-23,3.8,22,mpn/100mL,N,NA
McCarrons,62005400,2005-08-23,3.8,22,mpn/100mL,N,NA
McCarrons,62005400,2005-08-16,4.6,23.4,mpn/100mL,N,NA
McCarrons,62005400,2005-08-16,4.6,23.4,mpn/100mL,N,NA
McCarrons,62005400,2005-08-09,55.1,48.1,mpn/100mL,N,NA
McCarrons,62005400,2005-08-09,55.1,48.1,mpn/100mL,N,NA
McCarrons,62005400,2005-08-02,53.9,34,mpn/100mL,N,NA
McCarrons,62005400,2005-08-02,53.9,34,mpn/100mL,N,NA
McCarrons,62005400,2005-07-26,97.6,28.6,mpn/100mL,N,NA
McCarrons,62005400,2005-07-26,97.6,28.6,mpn/100mL,N,NA
McCarrons,62005400,2005-07-19,5.2,19,mpn/100mL,N,NA
McCarrons,62005400,2005-07-19,5.2,19,mpn/100mL,N,NA
McCarrons,62005400,2005-07-14,16.8,23.1,mpn/100mL,N,NA
McCarrons,62005400,2005-07-14,16.8,23.1,mpn/100mL,N,NA
McCarrons,62005400,2005-07-12,487.3,24.6,mpn/100mL,N,NA
McCarrons,62005400,2005-07-12,487.3,24.6,mpn/100mL,N,NA
McCarrons,62005400,2005-07-05,6.9,11.6,mpn/100mL,N,NA
McCarrons,62005400,2005-07-05,6.9,11.6,mpn/100mL,N,NA
McCarrons,62005400,2005-06-28,19.1,13.9,mpn/100mL,N,NA
McCarrons,62005400,2005-06-28,19.1,13.9,mpn/100mL,N,NA
McCarrons,62005400,2005-06-21,8.5,11.8,mpn/100mL,N,NA
McCarrons,62005400,2005-06-21,8.5,11.8,mpn/100mL,N,NA
McCarrons,62005400,2005-06-14,16.5,16.5,mpn/100mL,N,NA
McCarrons,62005400,2005-06-14,16.5,16.5,mpn/100mL,N,NA
McCarrons,62005400,2004-08-31,21.6,21.2,mpn/100mL,N,NA
McCarrons,62005400,2004-08-31,21.6,21.2,mpn/100mL,N,NA
McCarrons,62005400,2004-08-24,61,12.8,mpn/100mL,N,NA
McCarrons,62005400,2004-08-24,61,12.8,mpn/100mL,N,NA
McCarrons,62005400,2004-08-17,14.4,11.9,mpn/100mL,N,NA
McCarrons,62005400,2004-08-17,14.4,11.9,mpn/100mL,N,NA
McCarrons,62005400,2004-08-10,15.9,14.9,mpn/100mL,N,NA
McCarrons,62005400,2004-08-10,15.9,14.9,mpn/100mL,N,NA
McCarrons,62005400,2004-08-03,14.2,14.4,mpn/100mL,N,NA
McCarrons,62005400,2004-08-03,14.2,14.4,mpn/100mL,N,NA
McCarrons,62005400,2004-07-27,1.8,22.2,mpn/100mL,N,NA
McCarrons,62005400,2004-07-27,1.8,22.2,mpn/100mL,N,NA
McCarrons,62005400,2004-07-20,41.7,31.3,mpn/100mL,N,NA
McCarrons,62005400,2004-07-20,41.7,31.3,mpn/100mL,N,NA
McCarrons,62005400,2004-07-13,44.1,27.5,mpn/100mL,N,NA
McCarrons,62005400,2004-07-13,44.1,27.5,mpn/100mL,N,NA
McCarrons,62005400,2004-07-06,13.3,24.5,mpn/100mL,N,NA
McCarrons,62005400,2004-07-06,13.3,24.5,mpn/100mL,N,NA
McCarrons,62005400,2004-06-29,124.2,29.9,mpn/100mL,N,NA
McCarrons,62005400,2004-06-29,124.2,29.9,mpn/100mL,N,NA
McCarrons,62005400,2004-06-22,9.8,14.7,mpn/100mL,N,NA
McCarrons,62005400,2004-06-22,9.8,14.7,mpn/100mL,N,NA
McCarrons,62005400,2004-06-15,22,22,mpn/100mL,N,NA
McCarrons,62005400,2004-06-15,22,22,mpn/100mL,N,NA
Owasso,62005600,2024-08-27,22.9,123.6,mpn/100mL,N,NA
Owasso,62005600,2024-08-27,22.9,123.6,mpn/100mL,N,NA
Owasso,62005600,2024-08-21,37,122.3,mpn/100mL,N,NA
Owasso,62005600,2024-08-21,37,122.3,mpn/100mL,N,NA
Owasso,62005600,2024-08-20,727,155.4,mpn/100mL,Y,ecoli_30dayGM
Owasso,62005600,2024-08-20,727,155.4,mpn/100mL,Y,ecoli_30dayGM
Owasso,62005600,2024-08-13,163.8,88.7,mpn/100mL,N,NA
Owasso,62005600,2024-08-13,163.8,88.7,mpn/100mL,N,NA
Owasso,62005600,2024-08-06,100,56.7,mpn/100mL,N,NA
Owasso,62005600,2024-08-06,100,56.7,mpn/100mL,N,NA
Owasso,62005600,2024-07-30,353,37,mpn/100mL,N,NA
Owasso,62005600,2024-07-30,353,37,mpn/100mL,N,NA
Owasso,62005600,2024-07-23,21.6,18.2,mpn/100mL,N,NA
Owasso,62005600,2024-07-23,21.6,18.2,mpn/100mL,N,NA
Owasso,62005600,2024-07-16,44.2,19.5,mpn/100mL,N,NA
Owasso,62005600,2024-07-16,44.2,19.5,mpn/100mL,N,NA
Owasso,62005600,2024-07-09,17.5,20.7,mpn/100mL,N,NA
Owasso,62005600,2024-07-09,17.5,20.7,mpn/100mL,N,NA
Owasso,62005600,2024-07-02,11.9,22.4,mpn/100mL,N,NA
Owasso,62005600,2024-07-02,11.9,22.4,mpn/100mL,N,NA
Owasso,62005600,2024-06-25,10.2,25.5,mpn/100mL,N,NA
Owasso,62005600,2024-06-25,10.2,25.5,mpn/100mL,N,NA
Owasso,62005600,2024-06-18,30.7,55.4,mpn/100mL,N,NA
Owasso,62005600,2024-06-18,30.7,55.4,mpn/100mL,N,NA
Owasso,62005600,2024-06-11,59.4,64.2,mpn/100mL,N,NA
Owasso,62005600,2024-06-11,59.4,64.2,mpn/100mL,N,NA
Owasso,62005600,2024-06-04,25.7,65.9,mpn/100mL,N,NA
Owasso,62005600,2024-06-04,25.7,65.9,mpn/100mL,N,NA
Owasso,62005600,2024-05-28,22.8,105.5,mpn/100mL,N,NA
Owasso,62005600,2024-05-28,22.8,105.5,mpn/100mL,N,NA
Owasso,62005600,2024-05-21,488.1,488.1,mpn/100mL,Y,ecoli_30dayGM
Owasso,62005600,2024-05-21,488.1,488.1,mpn/100mL,Y,ecoli_30dayGM
Owasso,62005600,2023-08-29,20.2,15.3,mpn/100mL,N,NA
Owasso,62005600,2023-08-29,20.2,15.3,mpn/100mL,N,NA
Owasso,62005600,2023-08-22,6.6,15.8,mpn/100mL,N,NA
Owasso,62005600,2023-08-22,6.6,15.8,mpn/100mL,N,NA
Owasso,62005600,2023-08-15,37.5,18.5,mpn/100mL,N,NA
Owasso,62005600,2023-08-15,37.5,18.5,mpn/100mL,N,NA
Owasso,62005600,2023-08-08,5.9,9,mpn/100mL,N,NA
Owasso,62005600,2023-08-08,5.9,9,mpn/100mL,N,NA
Owasso,62005600,2023-08-01,28.6,9.3,mpn/100mL,N,NA
Owasso,62005600,2023-08-01,28.6,9.3,mpn/100mL,N,NA
Owasso,62005600,2023-07-25,23.6,7.2,mpn/100mL,N,NA
Owasso,62005600,2023-07-25,23.6,7.2,mpn/100mL,N,NA
Owasso,62005600,2023-07-18,14.5,5.5,mpn/100mL,N,NA
Owasso,62005600,2023-07-18,14.5,5.5,mpn/100mL,N,NA
Owasso,62005600,2023-07-11,1,3.2,mpn/100mL,N,NA
Owasso,62005600,2023-07-11,1,3.2,mpn/100mL,N,NA
Owasso,62005600,2023-07-06,7.1,3.6,mpn/100mL,N,NA
Owasso,62005600,2023-07-06,7.1,3.6,mpn/100mL,N,NA
Owasso,62005600,2023-06-27,7.9,3.9,mpn/100mL,N,NA
Owasso,62005600,2023-06-27,7.9,3.9,mpn/100mL,N,NA
Owasso,62005600,2023-06-20,6.2,3.6,mpn/100mL,N,NA
Owasso,62005600,2023-06-20,6.2,3.6,mpn/100mL,N,NA
Owasso,62005600,2023-06-13,1,3.1,mpn/100mL,N,NA
Owasso,62005600,2023-06-13,1,3.1,mpn/100mL,N,NA
Owasso,62005600,2023-06-06,1.8,4.5,mpn/100mL,N,NA
Owasso,62005600,2023-06-06,1.8,4.5,mpn/100mL,N,NA
Owasso,62005600,2023-05-30,10.2,7.2,mpn/100mL,N,NA
Owasso,62005600,2023-05-30,10.2,7.2,mpn/100mL,N,NA
Owasso,62005600,2023-05-23,5.1,5.1,mpn/100mL,N,NA
Owasso,62005600,2023-05-23,5.1,5.1,mpn/100mL,N,NA
Owasso,62005600,2022-08-30,140.1,52,mpn/100mL,N,NA
Owasso,62005600,2022-08-30,140.1,52,mpn/100mL,N,NA
Owasso,62005600,2022-08-23,422.7,20.7,mpn/100mL,N,NA
Owasso,62005600,2022-08-23,422.7,20.7,mpn/100mL,N,NA
Owasso,62005600,2022-08-16,45.2,8.4,mpn/100mL,N,NA
Owasso,62005600,2022-08-16,45.2,8.4,mpn/100mL,N,NA
Owasso,62005600,2022-08-09,30.7,5.7,mpn/100mL,N,NA
Owasso,62005600,2022-08-09,30.7,5.7,mpn/100mL,N,NA
Owasso,62005600,2022-08-02,4.6,4,mpn/100mL,N,NA
Owasso,62005600,2022-08-02,4.6,4,mpn/100mL,N,NA
Owasso,62005600,2022-07-26,1.4,18.2,mpn/100mL,N,NA
Owasso,62005600,2022-07-26,1.4,18.2,mpn/100mL,N,NA
Owasso,62005600,2022-07-19,4.6,23.6,mpn/100mL,N,NA
Owasso,62005600,2022-07-19,4.6,23.6,mpn/100mL,N,NA
Owasso,62005600,2022-07-12,6.6,27.9,mpn/100mL,N,NA
Owasso,62005600,2022-07-12,6.6,27.9,mpn/100mL,N,NA
Owasso,62005600,2022-07-05,5.1,29.5,mpn/100mL,N,NA
Owasso,62005600,2022-07-05,5.1,29.5,mpn/100mL,N,NA
Owasso,62005600,2022-06-29,68.3,31.6,mpn/100mL,N,NA
Owasso,62005600,2022-06-29,68.3,31.6,mpn/100mL,N,NA
Owasso,62005600,2022-06-28,2419.6,27.1,mpn/100mL,N,NA
Owasso,62005600,2022-06-28,2419.6,27.1,mpn/100mL,N,NA
Owasso,62005600,2022-06-21,6.7,8.6,mpn/100mL,N,NA
Owasso,62005600,2022-06-21,6.7,8.6,mpn/100mL,N,NA
Owasso,62005600,2022-06-14,12.7,9.2,mpn/100mL,N,NA
Owasso,62005600,2022-06-14,12.7,9.2,mpn/100mL,N,NA
Owasso,62005600,2022-06-07,9.1,8.3,mpn/100mL,N,NA
Owasso,62005600,2022-06-07,9.1,8.3,mpn/100mL,N,NA
Owasso,62005600,2022-05-31,7.9,7.9,mpn/100mL,N,NA
Owasso,62005600,2022-05-31,7.9,7.9,mpn/100mL,N,NA
Owasso,62005600,2022-05-24,8,8,mpn/100mL,N,NA
Owasso,62005600,2022-05-24,8,8,mpn/100mL,N,NA
Owasso,62005600,2021-08-31,8.8,17.1,mpn/100mL,N,NA
Owasso,62005600,2021-08-31,8.8,17.1,mpn/100mL,N,NA
Owasso,62005600,2021-08-24,517.1,16.8,mpn/100mL,N,NA
Owasso,62005600,2021-08-24,517.1,16.8,mpn/100mL,N,NA
Owasso,62005600,2021-08-17,1.4,7.6,mpn/100mL,N,NA
Owasso,62005600,2021-08-17,1.4,7.6,mpn/100mL,N,NA
Owasso,62005600,2021-08-10,14.9,12.9,mpn/100mL,N,NA
Owasso,62005600,2021-08-10,14.9,12.9,mpn/100mL,N,NA
Owasso,62005600,2021-08-03,15.2,12.4,mpn/100mL,N,NA
Owasso,62005600,2021-08-03,15.2,12.4,mpn/100mL,N,NA
Owasso,62005600,2021-07-27,8.2,14.9,mpn/100mL,N,NA
Owasso,62005600,2021-07-27,8.2,14.9,mpn/100mL,N,NA
Owasso,62005600,2021-07-20,9.4,14,mpn/100mL,N,NA
Owasso,62005600,2021-07-20,9.4,14,mpn/100mL,N,NA
Owasso,62005600,2021-07-13,20.3,11.2,mpn/100mL,N,NA
Owasso,62005600,2021-07-13,20.3,11.2,mpn/100mL,N,NA
Owasso,62005600,2021-07-06,12.1,11.7,mpn/100mL,N,NA
Owasso,62005600,2021-07-06,12.1,11.7,mpn/100mL,N,NA
Owasso,62005600,2021-06-29,39.2,10.5,mpn/100mL,N,NA
Owasso,62005600,2021-06-29,39.2,10.5,mpn/100mL,N,NA
Owasso,62005600,2021-06-22,5.9,8.5,mpn/100mL,N,NA
Owasso,62005600,2021-06-22,5.9,8.5,mpn/100mL,N,NA
Owasso,62005600,2021-06-15,3.1,9.3,mpn/100mL,N,NA
Owasso,62005600,2021-06-15,3.1,9.3,mpn/100mL,N,NA
Owasso,62005600,2021-06-08,25.5,13.5,mpn/100mL,N,NA
Owasso,62005600,2021-06-08,25.5,13.5,mpn/100mL,N,NA
Owasso,62005600,2021-06-01,6.8,9.8,mpn/100mL,N,NA
Owasso,62005600,2021-06-01,6.8,9.8,mpn/100mL,N,NA
Owasso,62005600,2021-05-25,14.1,14.1,mpn/100mL,N,NA
Owasso,62005600,2021-05-25,14.1,14.1,mpn/100mL,N,NA
Owasso,62005600,2015-09-01,15,15,mpn/100mL,N,NA
Owasso,62005600,2015-09-01,15,15,mpn/100mL,N,NA
Owasso,62005600,2015-08-25,11.7,17.2,mpn/100mL,N,NA
Owasso,62005600,2015-08-25,11.7,17.2,mpn/100mL,N,NA
Owasso,62005600,2015-08-18,2.7,10.5,mpn/100mL,N,NA
Owasso,62005600,2015-08-18,2.7,10.5,mpn/100mL,N,NA
Owasso,62005600,2015-08-11,180.4,14.3,mpn/100mL,N,NA
Owasso,62005600,2015-08-11,180.4,14.3,mpn/100mL,N,NA
Owasso,62005600,2015-08-04,8.8,6.4,mpn/100mL,N,NA
Owasso,62005600,2015-08-04,8.8,6.4,mpn/100mL,N,NA
Owasso,62005600,2015-07-28,29.7,10.2,mpn/100mL,N,NA
Owasso,62005600,2015-07-28,29.7,10.2,mpn/100mL,N,NA
Owasso,62005600,2015-07-21,1,7,mpn/100mL,N,NA
Owasso,62005600,2015-07-21,1,7,mpn/100mL,N,NA
Owasso,62005600,2015-07-14,12.6,7.8,mpn/100mL,N,NA
Owasso,62005600,2015-07-14,12.6,7.8,mpn/100mL,N,NA
Owasso,62005600,2015-07-07,3.2,6.1,mpn/100mL,N,NA
Owasso,62005600,2015-07-07,3.2,6.1,mpn/100mL,N,NA
Owasso,62005600,2015-06-30,91.9,11.6,mpn/100mL,N,NA
Owasso,62005600,2015-06-30,91.9,11.6,mpn/100mL,N,NA
Owasso,62005600,2015-06-23,4.4,6.9,mpn/100mL,N,NA
Owasso,62005600,2015-06-23,4.4,6.9,mpn/100mL,N,NA
Owasso,62005600,2015-06-16,1.8,9.5,mpn/100mL,N,NA
Owasso,62005600,2015-06-16,1.8,9.5,mpn/100mL,N,NA
Owasso,62005600,2015-06-09,3.5,14.4,mpn/100mL,N,NA
Owasso,62005600,2015-06-09,3.5,14.4,mpn/100mL,N,NA
Owasso,62005600,2015-06-02,81.8,23.1,mpn/100mL,N,NA
Owasso,62005600,2015-06-02,81.8,23.1,mpn/100mL,N,NA
Owasso,62005600,2015-05-26,7,12.2,mpn/100mL,N,NA
Owasso,62005600,2015-05-26,7,12.2,mpn/100mL,N,NA
Owasso,62005600,2015-05-19,21.3,21.3,mpn/100mL,N,NA
Owasso,62005600,2015-05-19,21.3,21.3,mpn/100mL,N,NA
Owasso,62005600,2014-08-26,14.8,7.2,mpn/100mL,N,NA
Owasso,62005600,2014-08-26,14.8,7.2,mpn/100mL,N,NA
Owasso,62005600,2014-08-19,32,5.1,mpn/100mL,N,NA
Owasso,62005600,2014-08-19,32,5.1,mpn/100mL,N,NA
Owasso,62005600,2014-08-12,20.3,3.2,mpn/100mL,N,NA
Owasso,62005600,2014-08-12,20.3,3.2,mpn/100mL,N,NA
Owasso,62005600,2014-08-05,1,2.1,mpn/100mL,N,NA
Owasso,62005600,2014-08-05,1,2.1,mpn/100mL,N,NA
Owasso,62005600,2014-07-29,2,5.2,mpn/100mL,N,NA
Owasso,62005600,2014-07-29,2,5.2,mpn/100mL,N,NA
Owasso,62005600,2014-07-22,2.5,6.8,mpn/100mL,N,NA
Owasso,62005600,2014-07-22,2.5,6.8,mpn/100mL,N,NA
Owasso,62005600,2014-07-15,3.1,16.8,mpn/100mL,N,NA
Owasso,62005600,2014-07-15,3.1,16.8,mpn/100mL,N,NA
Owasso,62005600,2014-07-08,2.3,16,mpn/100mL,N,NA
Owasso,62005600,2014-07-08,2.3,16,mpn/100mL,N,NA
Owasso,62005600,2014-07-01,107.4,22.3,mpn/100mL,N,NA
Owasso,62005600,2014-07-01,107.4,22.3,mpn/100mL,N,NA
Owasso,62005600,2014-06-24,7.8,13,mpn/100mL,N,NA
Owasso,62005600,2014-06-24,7.8,13,mpn/100mL,N,NA
Owasso,62005600,2014-06-17,222.5,12.8,mpn/100mL,N,NA
Owasso,62005600,2014-06-17,222.5,12.8,mpn/100mL,N,NA
Owasso,62005600,2014-06-10,2.4,6.3,mpn/100mL,N,NA
Owasso,62005600,2014-06-10,2.4,6.3,mpn/100mL,N,NA
Owasso,62005600,2014-06-03,12.1,8.6,mpn/100mL,N,NA
Owasso,62005600,2014-06-03,12.1,8.6,mpn/100mL,N,NA
Owasso,62005600,2014-05-27,7.1,7.2,mpn/100mL,N,NA
Owasso,62005600,2014-05-27,7.1,7.2,mpn/100mL,N,NA
Owasso,62005600,2014-05-20,7.3,7.3,mpn/100mL,N,NA
Owasso,62005600,2014-05-20,7.3,7.3,mpn/100mL,N,NA
Owasso,62005600,2013-08-27,28.3,60.3,mpn/100mL,N,NA
Owasso,62005600,2013-08-27,28.3,60.3,mpn/100mL,N,NA
Owasso,62005600,2013-08-20,38.6,49.2,mpn/100mL,N,NA
Owasso,62005600,2013-08-20,38.6,49.2,mpn/100mL,N,NA
Owasso,62005600,2013-08-13,268.6,71.7,mpn/100mL,N,NA
Owasso,62005600,2013-08-13,268.6,71.7,mpn/100mL,N,NA
Owasso,62005600,2013-08-06,5.7,60.1,mpn/100mL,N,NA
Owasso,62005600,2013-08-06,5.7,60.1,mpn/100mL,N,NA
Owasso,62005600,2013-07-30,472.8,74.1,mpn/100mL,N,NA
Owasso,62005600,2013-07-30,472.8,74.1,mpn/100mL,N,NA
Owasso,62005600,2013-07-23,10.3,57,mpn/100mL,N,NA
Owasso,62005600,2013-07-23,10.3,57,mpn/100mL,N,NA
Owasso,62005600,2013-07-16,253,67.7,mpn/100mL,N,NA
Owasso,62005600,2013-07-16,253,67.7,mpn/100mL,N,NA
Owasso,62005600,2013-07-09,111.3,31,mpn/100mL,N,NA
Owasso,62005600,2013-07-09,111.3,31,mpn/100mL,N,NA
Owasso,62005600,2013-07-02,16.2,14.4,mpn/100mL,N,NA
Owasso,62005600,2013-07-02,16.2,14.4,mpn/100mL,N,NA
Owasso,62005600,2013-06-25,127.4,9.5,mpn/100mL,N,NA
Owasso,62005600,2013-06-25,127.4,9.5,mpn/100mL,N,NA
Owasso,62005600,2013-06-18,24.4,6,mpn/100mL,N,NA
Owasso,62005600,2013-06-18,24.4,6,mpn/100mL,N,NA
Owasso,62005600,2013-06-11,5.1,4.2,mpn/100mL,N,NA
Owasso,62005600,2013-06-11,5.1,4.2,mpn/100mL,N,NA
Owasso,62005600,2013-06-04,2.4,3.9,mpn/100mL,N,NA
Owasso,62005600,2013-06-04,2.4,3.9,mpn/100mL,N,NA
Owasso,62005600,2013-05-28,2,5,mpn/100mL,N,NA
Owasso,62005600,2013-05-28,2,5,mpn/100mL,N,NA
Owasso,62005600,2013-05-21,12.4,12.4,mpn/100mL,N,NA
Owasso,62005600,2013-05-21,12.4,12.4,mpn/100mL,N,NA
Owasso,62005600,2012-08-29,5.5,17.3,mpn/100mL,N,NA
Owasso,62005600,2012-08-29,5.5,17.3,mpn/100mL,N,NA
Owasso,62005600,2012-08-21,5.5,15.1,mpn/100mL,N,NA
Owasso,62005600,2012-08-21,5.5,15.1,mpn/100mL,N,NA
Owasso,62005600,2012-08-14,18.4,18.1,mpn/100mL,N,NA
Owasso,62005600,2012-08-14,18.4,18.1,mpn/100mL,N,NA
Owasso,62005600,2012-08-07,26.6,14.6,mpn/100mL,N,NA
Owasso,62005600,2012-08-07,26.6,14.6,mpn/100mL,N,NA
Owasso,62005600,2012-07-31,103.6,10.3,mpn/100mL,N,NA
Owasso,62005600,2012-07-31,103.6,10.3,mpn/100mL,N,NA
Owasso,62005600,2012-07-24,2.9,5.9,mpn/100mL,N,NA
Owasso,62005600,2012-07-24,2.9,5.9,mpn/100mL,N,NA
Owasso,62005600,2012-07-17,13.5,12.7,mpn/100mL,N,NA
Owasso,62005600,2012-07-17,13.5,12.7,mpn/100mL,N,NA
Owasso,62005600,2012-07-10,6.2,9.3,mpn/100mL,N,NA
Owasso,62005600,2012-07-10,6.2,9.3,mpn/100mL,N,NA
Owasso,62005600,2012-07-05,4.6,8.5,mpn/100mL,N,NA
Owasso,62005600,2012-07-05,4.6,8.5,mpn/100mL,N,NA
Owasso,62005600,2012-06-26,6.6,9.4,mpn/100mL,N,NA
Owasso,62005600,2012-06-26,6.6,9.4,mpn/100mL,N,NA
Owasso,62005600,2012-06-19,127.5,10.3,mpn/100mL,N,NA
Owasso,62005600,2012-06-19,127.5,10.3,mpn/100mL,N,NA
Owasso,62005600,2012-06-12,2.9,4.4,mpn/100mL,N,NA
Owasso,62005600,2012-06-12,2.9,4.4,mpn/100mL,N,NA
Owasso,62005600,2012-06-05,4.1,5.5,mpn/100mL,N,NA
Owasso,62005600,2012-06-05,4.1,5.5,mpn/100mL,N,NA
Owasso,62005600,2012-05-29,7.5,7.5,mpn/100mL,N,NA
Owasso,62005600,2012-05-29,7.5,7.5,mpn/100mL,N,NA
Owasso,62005600,2011-08-30,12.1,8.5,mpn/100mL,N,NA
Owasso,62005600,2011-08-30,12.1,8.5,mpn/100mL,N,NA
Owasso,62005600,2011-08-23,2.5,8.5,mpn/100mL,N,NA
Owasso,62005600,2011-08-23,2.5,8.5,mpn/100mL,N,NA
Owasso,62005600,2011-08-16,3,23,mpn/100mL,N,NA
Owasso,62005600,2011-08-16,3,23,mpn/100mL,N,NA
Owasso,62005600,2011-08-09,114.1,44.7,mpn/100mL,N,NA
Owasso,62005600,2011-08-09,114.1,44.7,mpn/100mL,N,NA
Owasso,62005600,2011-08-02,4.1,23.3,mpn/100mL,N,NA
Owasso,62005600,2011-08-02,4.1,23.3,mpn/100mL,N,NA
Owasso,62005600,2011-07-26,12.2,39.4,mpn/100mL,N,NA
Owasso,62005600,2011-07-26,12.2,39.4,mpn/100mL,N,NA
Owasso,62005600,2011-07-19,375.1,56.9,mpn/100mL,N,NA
Owasso,62005600,2011-07-19,375.1,56.9,mpn/100mL,N,NA
Owasso,62005600,2011-07-12,83.8,21.7,mpn/100mL,N,NA
Owasso,62005600,2011-07-12,83.8,21.7,mpn/100mL,N,NA
Owasso,62005600,2011-07-05,4.4,9,mpn/100mL,N,NA
Owasso,62005600,2011-07-05,4.4,9,mpn/100mL,N,NA
Owasso,62005600,2011-06-28,56.6,10.3,mpn/100mL,N,NA
Owasso,62005600,2011-06-28,56.6,10.3,mpn/100mL,N,NA
Owasso,62005600,2011-06-21,76.4,6.6,mpn/100mL,N,NA
Owasso,62005600,2011-06-21,76.4,6.6,mpn/100mL,N,NA
Owasso,62005600,2011-06-14,3,3.6,mpn/100mL,N,NA
Owasso,62005600,2011-06-14,3,3.6,mpn/100mL,N,NA
Owasso,62005600,2011-06-07,1,3.7,mpn/100mL,N,NA
Owasso,62005600,2011-06-07,1,3.7,mpn/100mL,N,NA
Owasso,62005600,2011-05-31,8.9,7.2,mpn/100mL,N,NA
Owasso,62005600,2011-05-31,8.9,7.2,mpn/100mL,N,NA
Owasso,62005600,2011-05-24,5.9,5.9,mpn/100mL,N,NA
Owasso,62005600,2011-05-24,5.9,5.9,mpn/100mL,N,NA
Owasso,62005600,2010-08-31,9.5,7.4,mpn/100mL,N,NA
Owasso,62005600,2010-08-31,9.5,7.4,mpn/100mL,N,NA
Owasso,62005600,2010-08-24,27.2,10.3,mpn/100mL,N,NA
Owasso,62005600,2010-08-24,27.2,10.3,mpn/100mL,N,NA
Owasso,62005600,2010-08-17,1,7.9,mpn/100mL,N,NA
Owasso,62005600,2010-08-17,1,7.9,mpn/100mL,N,NA
Owasso,62005600,2010-08-10,9.2,22.5,mpn/100mL,N,NA
Owasso,62005600,2010-08-10,9.2,22.5,mpn/100mL,N,NA
Owasso,62005600,2010-08-03,9.6,18.9,mpn/100mL,N,NA
Owasso,62005600,2010-08-03,9.6,18.9,mpn/100mL,N,NA
Owasso,62005600,2010-07-27,48.7,15.1,mpn/100mL,N,NA
Owasso,62005600,2010-07-27,48.7,15.1,mpn/100mL,N,NA
Owasso,62005600,2010-07-20,7.3,9.2,mpn/100mL,N,NA
Owasso,62005600,2010-07-20,7.3,9.2,mpn/100mL,N,NA
Owasso,62005600,2010-07-13,183.7,17,mpn/100mL,N,NA
Owasso,62005600,2010-07-13,183.7,17,mpn/100mL,N,NA
Owasso,62005600,2010-07-06,3.9,10.7,mpn/100mL,N,NA
Owasso,62005600,2010-07-06,3.9,10.7,mpn/100mL,N,NA
Owasso,62005600,2010-06-30,3.1,9.1,mpn/100mL,N,NA
Owasso,62005600,2010-06-30,3.1,9.1,mpn/100mL,N,NA
Owasso,62005600,2010-06-22,4.1,9.7,mpn/100mL,N,NA
Owasso,62005600,2010-06-22,4.1,9.7,mpn/100mL,N,NA
Owasso,62005600,2010-06-15,156.6,12,mpn/100mL,N,NA
Owasso,62005600,2010-06-15,156.6,12,mpn/100mL,N,NA
Owasso,62005600,2010-06-08,18.1,5.1,mpn/100mL,N,NA
Owasso,62005600,2010-06-08,18.1,5.1,mpn/100mL,N,NA
Owasso,62005600,2010-06-02,1.8,2.7,mpn/100mL,N,NA
Owasso,62005600,2010-06-02,1.8,2.7,mpn/100mL,N,NA
Owasso,62005600,2010-05-25,4.1,4.1,mpn/100mL,N,NA
Owasso,62005600,2010-05-25,4.1,4.1,mpn/100mL,N,NA
Owasso,62005600,2009-09-01,14.3,10.9,mpn/100mL,N,NA
Owasso,62005600,2009-09-01,14.3,10.9,mpn/100mL,N,NA
Owasso,62005600,2009-08-25,247,7.7,mpn/100mL,N,NA
Owasso,62005600,2009-08-25,247,7.7,mpn/100mL,N,NA
Owasso,62005600,2009-08-18,5.1,3.4,mpn/100mL,N,NA
Owasso,62005600,2009-08-18,5.1,3.4,mpn/100mL,N,NA
Owasso,62005600,2009-08-11,1.4,2.8,mpn/100mL,N,NA
Owasso,62005600,2009-08-11,1.4,2.8,mpn/100mL,N,NA
Owasso,62005600,2009-08-04,6.1,3.2,mpn/100mL,N,NA
Owasso,62005600,2009-08-04,6.1,3.2,mpn/100mL,N,NA
Owasso,62005600,2009-07-28,2.5,3.6,mpn/100mL,N,NA
Owasso,62005600,2009-07-28,2.5,3.6,mpn/100mL,N,NA
Owasso,62005600,2009-07-21,4.3,4.2,mpn/100mL,N,NA
Owasso,62005600,2009-07-21,4.3,4.2,mpn/100mL,N,NA
Owasso,62005600,2009-07-14,2,4.3,mpn/100mL,N,NA
Owasso,62005600,2009-07-14,2,4.3,mpn/100mL,N,NA
Owasso,62005600,2009-07-07,2.4,4,mpn/100mL,N,NA
Owasso,62005600,2009-07-07,2.4,4,mpn/100mL,N,NA
Owasso,62005600,2009-06-30,11.8,3.6,mpn/100mL,N,NA
Owasso,62005600,2009-06-30,11.8,3.6,mpn/100mL,N,NA
Owasso,62005600,2009-06-23,5.5,2.7,mpn/100mL,N,NA
Owasso,62005600,2009-06-23,5.5,2.7,mpn/100mL,N,NA
Owasso,62005600,2009-06-16,4.5,3.3,mpn/100mL,N,NA
Owasso,62005600,2009-06-16,4.5,3.3,mpn/100mL,N,NA
Owasso,62005600,2009-06-09,1.4,3,mpn/100mL,N,NA
Owasso,62005600,2009-06-09,1.4,3,mpn/100mL,N,NA
Owasso,62005600,2009-06-02,1.4,3.9,mpn/100mL,N,NA
Owasso,62005600,2009-06-02,1.4,3.9,mpn/100mL,N,NA
Owasso,62005600,2009-05-26,2.9,6.5,mpn/100mL,N,NA
Owasso,62005600,2009-05-26,2.9,6.5,mpn/100mL,N,NA
Owasso,62005600,2009-05-19,14.9,14.9,mpn/100mL,N,NA
Owasso,62005600,2009-05-19,14.9,14.9,mpn/100mL,N,NA
Owasso,62005600,2008-08-26,1,2.3,mpn/100mL,N,NA
Owasso,62005600,2008-08-26,1,2.3,mpn/100mL,N,NA
Owasso,62005600,2008-08-19,3.1,2.9,mpn/100mL,N,NA
Owasso,62005600,2008-08-19,3.1,2.9,mpn/100mL,N,NA
Owasso,62005600,2008-08-12,3.2,3.2,mpn/100mL,N,NA
Owasso,62005600,2008-08-12,3.2,3.2,mpn/100mL,N,NA
Owasso,62005600,2008-08-05,4.4,3.7,mpn/100mL,N,NA
Owasso,62005600,2008-08-05,4.4,3.7,mpn/100mL,N,NA
Owasso,62005600,2008-07-30,1.4,2.7,mpn/100mL,N,NA
Owasso,62005600,2008-07-30,1.4,2.7,mpn/100mL,N,NA
Owasso,62005600,2008-07-22,3.2,2.6,mpn/100mL,N,NA
Owasso,62005600,2008-07-22,3.2,2.6,mpn/100mL,N,NA
Owasso,62005600,2008-07-15,5.1,3.4,mpn/100mL,N,NA
Owasso,62005600,2008-07-15,5.1,3.4,mpn/100mL,N,NA
Owasso,62005600,2008-07-08,6.7,2.5,mpn/100mL,N,NA
Owasso,62005600,2008-07-08,6.7,2.5,mpn/100mL,N,NA
Owasso,62005600,2008-07-01,1,2.2,mpn/100mL,N,NA
Owasso,62005600,2008-07-01,1,2.2,mpn/100mL,N,NA
Owasso,62005600,2008-06-24,1,2.5,mpn/100mL,N,NA
Owasso,62005600,2008-06-24,1,2.5,mpn/100mL,N,NA
Owasso,62005600,2008-06-17,13.8,3.1,mpn/100mL,N,NA
Owasso,62005600,2008-06-17,13.8,3.1,mpn/100mL,N,NA
Owasso,62005600,2008-06-10,1,1.9,mpn/100mL,N,NA
Owasso,62005600,2008-06-10,1,1.9,mpn/100mL,N,NA
Owasso,62005600,2008-06-03,4.1,2.7,mpn/100mL,N,NA
Owasso,62005600,2008-06-03,4.1,2.7,mpn/100mL,N,NA
Owasso,62005600,2008-05-27,1.7,1.7,mpn/100mL,N,NA
Owasso,62005600,2008-05-27,1.7,1.7,mpn/100mL,N,NA
Owasso,62005600,2007-08-28,166,8.7,mpn/100mL,N,NA
Owasso,62005600,2007-08-28,166,8.7,mpn/100mL,N,NA
Owasso,62005600,2007-08-21,11.8,3.7,mpn/100mL,N,NA
Owasso,62005600,2007-08-21,11.8,3.7,mpn/100mL,N,NA
Owasso,62005600,2007-08-14,6.3,4.7,mpn/100mL,N,NA
Owasso,62005600,2007-08-14,6.3,4.7,mpn/100mL,N,NA
Owasso,62005600,2007-08-06,2,4.2,mpn/100mL,N,NA
Owasso,62005600,2007-08-06,2,4.2,mpn/100mL,N,NA
Owasso,62005600,2007-07-31,2,4.1,mpn/100mL,N,NA
Owasso,62005600,2007-07-31,2,4.1,mpn/100mL,N,NA
Owasso,62005600,2007-07-24,2.3,3.8,mpn/100mL,N,NA
Owasso,62005600,2007-07-24,2.3,3.8,mpn/100mL,N,NA
Owasso,62005600,2007-07-17,40.9,4.3,mpn/100mL,N,NA
Owasso,62005600,2007-07-17,40.9,4.3,mpn/100mL,N,NA
Owasso,62005600,2007-07-09,3.5,2.4,mpn/100mL,N,NA
Owasso,62005600,2007-07-09,3.5,2.4,mpn/100mL,N,NA
Owasso,62005600,2007-07-02,1.8,2,mpn/100mL,N,NA
Owasso,62005600,2007-07-02,1.8,2,mpn/100mL,N,NA
Owasso,62005600,2007-06-26,1.4,2.9,mpn/100mL,N,NA
Owasso,62005600,2007-06-26,1.4,2.9,mpn/100mL,N,NA
Owasso,62005600,2007-06-19,3.9,2.7,mpn/100mL,N,NA
Owasso,62005600,2007-06-19,3.9,2.7,mpn/100mL,N,NA
Owasso,62005600,2007-06-12,2.4,2.5,mpn/100mL,N,NA
Owasso,62005600,2007-06-12,2.4,2.5,mpn/100mL,N,NA
Owasso,62005600,2007-06-05,1.4,2.5,mpn/100mL,N,NA
Owasso,62005600,2007-06-05,1.4,2.5,mpn/100mL,N,NA
Owasso,62005600,2007-05-29,11.3,3.4,mpn/100mL,N,NA
Owasso,62005600,2007-05-29,11.3,3.4,mpn/100mL,N,NA
Owasso,62005600,2007-05-21,1,1,mpn/100mL,N,NA
Owasso,62005600,2007-05-21,1,1,mpn/100mL,N,NA
Owasso,62005600,2006-08-29,18.8,4.2,mpn/100mL,N,NA
Owasso,62005600,2006-08-29,18.8,4.2,mpn/100mL,N,NA
Owasso,62005600,2006-08-22,9,5.8,mpn/100mL,N,NA
Owasso,62005600,2006-08-22,9,5.8,mpn/100mL,N,NA
Owasso,62005600,2006-08-15,1.8,3.7,mpn/100mL,N,NA
Owasso,62005600,2006-08-15,1.8,3.7,mpn/100mL,N,NA
Owasso,62005600,2006-08-08,1.7,4,mpn/100mL,N,NA
Owasso,62005600,2006-08-08,1.7,4,mpn/100mL,N,NA
Owasso,62005600,2006-08-01,2.5,3.8,mpn/100mL,N,NA
Owasso,62005600,2006-08-01,2.5,3.8,mpn/100mL,N,NA
Owasso,62005600,2006-07-25,94.6,3.2,mpn/100mL,N,NA
Owasso,62005600,2006-07-25,94.6,3.2,mpn/100mL,N,NA
Owasso,62005600,2006-07-18,1,1.9,mpn/100mL,N,NA
Owasso,62005600,2006-07-18,1,1.9,mpn/100mL,N,NA
Owasso,62005600,2006-07-11,2.4,2,mpn/100mL,N,NA
Owasso,62005600,2006-07-11,2.4,2,mpn/100mL,N,NA
Owasso,62005600,2006-07-05,1.4,2.3,mpn/100mL,N,NA
Owasso,62005600,2006-07-05,1.4,2.3,mpn/100mL,N,NA
Owasso,62005600,2006-06-27,1,3.1,mpn/100mL,N,NA
Owasso,62005600,2006-06-27,1,3.1,mpn/100mL,N,NA
Owasso,62005600,2006-06-20,6.3,6.9,mpn/100mL,N,NA
Owasso,62005600,2006-06-20,6.3,6.9,mpn/100mL,N,NA
Owasso,62005600,2006-06-13,1.4,7,mpn/100mL,N,NA
Owasso,62005600,2006-06-13,1.4,7,mpn/100mL,N,NA
Owasso,62005600,2006-06-06,4.7,12,mpn/100mL,N,NA
Owasso,62005600,2006-06-06,4.7,12,mpn/100mL,N,NA
Owasso,62005600,2006-05-30,6.3,19.1,mpn/100mL,N,NA
Owasso,62005600,2006-05-30,6.3,19.1,mpn/100mL,N,NA
Owasso,62005600,2006-05-23,57.8,57.8,mpn/100mL,N,NA
Owasso,62005600,2006-05-23,57.8,57.8,mpn/100mL,N,NA
Owasso,62005600,2005-08-30,5.7,6.6,mpn/100mL,N,NA
Owasso,62005600,2005-08-30,5.7,6.6,mpn/100mL,N,NA
Owasso,62005600,2005-08-23,8,11.3,mpn/100mL,N,NA
Owasso,62005600,2005-08-23,8,11.3,mpn/100mL,N,NA
Owasso,62005600,2005-08-16,20.2,10,mpn/100mL,N,NA
Owasso,62005600,2005-08-16,20.2,10,mpn/100mL,N,NA
Owasso,62005600,2005-08-09,3.6,10.3,mpn/100mL,N,NA
Owasso,62005600,2005-08-09,3.6,10.3,mpn/100mL,N,NA
Owasso,62005600,2005-08-02,3.9,12.1,mpn/100mL,N,NA
Owasso,62005600,2005-08-02,3.9,12.1,mpn/100mL,N,NA
Owasso,62005600,2005-07-26,79.6,21.7,mpn/100mL,N,NA
Owasso,62005600,2005-07-26,79.6,21.7,mpn/100mL,N,NA
Owasso,62005600,2005-07-19,4.3,17.8,mpn/100mL,N,NA
Owasso,62005600,2005-07-19,4.3,17.8,mpn/100mL,N,NA
Owasso,62005600,2005-07-12,23.6,26.5,mpn/100mL,N,NA
Owasso,62005600,2005-07-12,23.6,26.5,mpn/100mL,N,NA
Owasso,62005600,2005-07-05,7.9,27.2,mpn/100mL,N,NA
Owasso,62005600,2005-07-05,7.9,27.2,mpn/100mL,N,NA
Owasso,62005600,2005-06-28,75.4,41.1,mpn/100mL,N,NA
Owasso,62005600,2005-06-28,75.4,41.1,mpn/100mL,N,NA
Owasso,62005600,2005-06-21,29,30.4,mpn/100mL,N,NA
Owasso,62005600,2005-06-21,29,30.4,mpn/100mL,N,NA
Owasso,62005600,2005-06-14,31.8,31.8,mpn/100mL,N,NA
Owasso,62005600,2005-06-14,31.8,31.8,mpn/100mL,N,NA
Owasso,62005600,2004-08-31,1.4,6.9,mpn/100mL,N,NA
Owasso,62005600,2004-08-31,1.4,6.9,mpn/100mL,N,NA
Owasso,62005600,2004-08-24,3.6,7.5,mpn/100mL,N,NA
Owasso,62005600,2004-08-24,3.6,7.5,mpn/100mL,N,NA
Owasso,62005600,2004-08-17,13.6,8.9,mpn/100mL,N,NA
Owasso,62005600,2004-08-17,13.6,8.9,mpn/100mL,N,NA
Owasso,62005600,2004-08-10,26.1,8.9,mpn/100mL,N,NA
Owasso,62005600,2004-08-10,26.1,8.9,mpn/100mL,N,NA
Owasso,62005600,2004-08-03,9,5.7,mpn/100mL,N,NA
Owasso,62005600,2004-08-03,9,5.7,mpn/100mL,N,NA
Owasso,62005600,2004-07-27,2,4.9,mpn/100mL,N,NA
Owasso,62005600,2004-07-27,2,4.9,mpn/100mL,N,NA
Owasso,62005600,2004-07-20,8.6,4.8,mpn/100mL,N,NA
Owasso,62005600,2004-07-20,8.6,4.8,mpn/100mL,N,NA
Owasso,62005600,2004-07-13,13.3,3.1,mpn/100mL,N,NA
Owasso,62005600,2004-07-13,13.3,3.1,mpn/100mL,N,NA
Owasso,62005600,2004-07-06,2.9,2.2,mpn/100mL,N,NA
Owasso,62005600,2004-07-06,2.9,2.2,mpn/100mL,N,NA
Owasso,62005600,2004-06-29,4.3,2,mpn/100mL,N,NA
Owasso,62005600,2004-06-29,4.3,2,mpn/100mL,N,NA
Owasso,62005600,2004-06-22,1.8,1.3,mpn/100mL,N,NA
Owasso,62005600,2004-06-22,1.8,1.3,mpn/100mL,N,NA
Owasso,62005600,2004-06-15,1,1,mpn/100mL,N,NA
Owasso,62005600,2004-06-15,1,1,mpn/100mL,N,NA
Snail,62007300,2024-08-27,1.7,12.7,mpn/100mL,N,NA
Snail,62007300,2024-08-27,1.7,12.7,mpn/100mL,N,NA
Snail,62007300,2024-08-20,25.5,20.6,mpn/100mL,N,NA
Snail,62007300,2024-08-20,25.5,20.6,mpn/100mL,N,NA
Snail,62007300,2024-08-13,39.3,12.4,mpn/100mL,N,NA
Snail,62007300,2024-08-13,39.3,12.4,mpn/100mL,N,NA
Snail,62007300,2024-08-06,43.9,9.7,mpn/100mL,N,NA
Snail,62007300,2024-08-06,43.9,9.7,mpn/100mL,N,NA
Snail,62007300,2024-07-30,4.3,9.2,mpn/100mL,N,NA
Snail,62007300,2024-07-30,4.3,9.2,mpn/100mL,N,NA
Snail,62007300,2024-07-23,19.5,12.8,mpn/100mL,N,NA
Snail,62007300,2024-07-23,19.5,12.8,mpn/100mL,N,NA
Snail,62007300,2024-07-16,2,12.3,mpn/100mL,N,NA
Snail,62007300,2024-07-16,2,12.3,mpn/100mL,N,NA
Snail,62007300,2024-07-09,11.4,27.9,mpn/100mL,N,NA
Snail,62007300,2024-07-09,11.4,27.9,mpn/100mL,N,NA
Snail,62007300,2024-07-02,33.8,32.1,mpn/100mL,N,NA
Snail,62007300,2024-07-02,33.8,32.1,mpn/100mL,N,NA
Snail,62007300,2024-06-25,22.7,29.4,mpn/100mL,N,NA
Snail,62007300,2024-06-25,22.7,29.4,mpn/100mL,N,NA
Snail,62007300,2024-06-18,15.9,51.5,mpn/100mL,N,NA
Snail,62007300,2024-06-18,15.9,51.5,mpn/100mL,N,NA
Snail,62007300,2024-06-11,121.8,69.1,mpn/100mL,N,NA
Snail,62007300,2024-06-11,121.8,69.1,mpn/100mL,N,NA
Snail,62007300,2024-06-04,22.8,57.2,mpn/100mL,N,NA
Snail,62007300,2024-06-04,22.8,57.2,mpn/100mL,N,NA
Snail,62007300,2024-05-28,21.9,90.5,mpn/100mL,N,NA
Snail,62007300,2024-05-28,21.9,90.5,mpn/100mL,N,NA
Snail,62007300,2024-05-21,374,374,mpn/100mL,Y,ecoli_30dayGM
Snail,62007300,2024-05-21,374,374,mpn/100mL,Y,ecoli_30dayGM
Snail,62007300,2023-08-29,69.6,15.8,mpn/100mL,N,NA
Snail,62007300,2023-08-29,69.6,15.8,mpn/100mL,N,NA
Snail,62007300,2023-08-22,1052,6.8,mpn/100mL,N,NA
Snail,62007300,2023-08-22,1052,6.8,mpn/100mL,N,NA
Snail,62007300,2023-08-15,4.6,1.7,mpn/100mL,N,NA
Snail,62007300,2023-08-15,4.6,1.7,mpn/100mL,N,NA
Snail,62007300,2023-08-08,2.9,1.2,mpn/100mL,N,NA
Snail,62007300,2023-08-08,2.9,1.2,mpn/100mL,N,NA
Snail,62007300,2023-08-01,1,1,mpn/100mL,N,NA
Snail,62007300,2023-08-01,1,1,mpn/100mL,N,NA
Snail,62007300,2023-07-25,1,1.5,mpn/100mL,N,NA
Snail,62007300,2023-07-25,1,1.5,mpn/100mL,N,NA
Snail,62007300,2023-07-18,1,1.9,mpn/100mL,N,NA
Snail,62007300,2023-07-18,1,1.9,mpn/100mL,N,NA
Snail,62007300,2023-07-11,1,3,mpn/100mL,N,NA
Snail,62007300,2023-07-11,1,3,mpn/100mL,N,NA
Snail,62007300,2023-07-06,1,3,mpn/100mL,N,NA
Snail,62007300,2023-07-06,1,3,mpn/100mL,N,NA
Snail,62007300,2023-06-27,7.2,5.2,mpn/100mL,N,NA
Snail,62007300,2023-06-27,7.2,5.2,mpn/100mL,N,NA
Snail,62007300,2023-06-20,3.5,5.4,mpn/100mL,N,NA
Snail,62007300,2023-06-20,3.5,5.4,mpn/100mL,N,NA
Snail,62007300,2023-06-13,9.8,6,mpn/100mL,N,NA
Snail,62007300,2023-06-13,9.8,6,mpn/100mL,N,NA
Snail,62007300,2023-06-06,1,5,mpn/100mL,N,NA
Snail,62007300,2023-06-06,1,5,mpn/100mL,N,NA
Snail,62007300,2023-05-30,15.3,11.3,mpn/100mL,N,NA
Snail,62007300,2023-05-30,15.3,11.3,mpn/100mL,N,NA
Snail,62007300,2023-05-23,8.4,8.4,mpn/100mL,N,NA
Snail,62007300,2023-05-23,8.4,8.4,mpn/100mL,N,NA
Snail,62007300,2022-08-30,12.6,6.2,mpn/100mL,N,NA
Snail,62007300,2022-08-30,12.6,6.2,mpn/100mL,N,NA
Snail,62007300,2022-08-23,30.3,3.7,mpn/100mL,N,NA
Snail,62007300,2022-08-23,30.3,3.7,mpn/100mL,N,NA
Snail,62007300,2022-08-16,8.4,1.9,mpn/100mL,N,NA
Snail,62007300,2022-08-16,8.4,1.9,mpn/100mL,N,NA
Snail,62007300,2022-08-09,1.4,1.2,mpn/100mL,N,NA
Snail,62007300,2022-08-09,1.4,1.2,mpn/100mL,N,NA
Snail,62007300,2022-08-02,2,1.3,mpn/100mL,N,NA
Snail,62007300,2022-08-02,2,1.3,mpn/100mL,N,NA
Snail,62007300,2022-07-26,1,1.3,mpn/100mL,N,NA
Snail,62007300,2022-07-26,1,1.3,mpn/100mL,N,NA
Snail,62007300,2022-07-19,1,1.8,mpn/100mL,N,NA
Snail,62007300,2022-07-19,1,1.8,mpn/100mL,N,NA
Snail,62007300,2022-07-12,1,3.8,mpn/100mL,N,NA
Snail,62007300,2022-07-12,1,3.8,mpn/100mL,N,NA
Snail,62007300,2022-07-05,1.7,4.1,mpn/100mL,N,NA
Snail,62007300,2022-07-05,1.7,4.1,mpn/100mL,N,NA
Snail,62007300,2022-06-28,2,6.4,mpn/100mL,N,NA
Snail,62007300,2022-06-28,2,6.4,mpn/100mL,N,NA
Snail,62007300,2022-06-21,4.9,7.7,mpn/100mL,N,NA
Snail,62007300,2022-06-21,4.9,7.7,mpn/100mL,N,NA
Snail,62007300,2022-06-14,47.2,8.7,mpn/100mL,N,NA
Snail,62007300,2022-06-14,47.2,8.7,mpn/100mL,N,NA
Snail,62007300,2022-06-07,1.4,4.9,mpn/100mL,N,NA
Snail,62007300,2022-06-07,1.4,4.9,mpn/100mL,N,NA
Snail,62007300,2022-05-31,15.6,9.2,mpn/100mL,N,NA
Snail,62007300,2022-05-31,15.6,9.2,mpn/100mL,N,NA
Snail,62007300,2022-05-24,5.4,5.4,mpn/100mL,N,NA
Snail,62007300,2022-05-24,5.4,5.4,mpn/100mL,N,NA
Snail,62007300,2021-08-31,1.7,9.3,mpn/100mL,N,NA
Snail,62007300,2021-08-31,1.7,9.3,mpn/100mL,N,NA
Snail,62007300,2021-08-24,242.4,10,mpn/100mL,N,NA
Snail,62007300,2021-08-24,242.4,10,mpn/100mL,N,NA
Snail,62007300,2021-08-17,4.3,4.5,mpn/100mL,N,NA
Snail,62007300,2021-08-17,4.3,4.5,mpn/100mL,N,NA
Snail,62007300,2021-08-10,15.2,4.7,mpn/100mL,N,NA
Snail,62007300,2021-08-10,15.2,4.7,mpn/100mL,N,NA
Snail,62007300,2021-08-03,2.5,3.5,mpn/100mL,N,NA
Snail,62007300,2021-08-03,2.5,3.5,mpn/100mL,N,NA
Snail,62007300,2021-07-27,2.5,5.1,mpn/100mL,N,NA
Snail,62007300,2021-07-27,2.5,5.1,mpn/100mL,N,NA
Snail,62007300,2021-07-20,4.4,7.2,mpn/100mL,N,NA
Snail,62007300,2021-07-20,4.4,7.2,mpn/100mL,N,NA
Snail,62007300,2021-07-13,5.7,6,mpn/100mL,N,NA
Snail,62007300,2021-07-13,5.7,6,mpn/100mL,N,NA
Snail,62007300,2021-07-06,3.5,8.3,mpn/100mL,N,NA
Snail,62007300,2021-07-06,3.5,8.3,mpn/100mL,N,NA
Snail,62007300,2021-06-29,16.3,6.4,mpn/100mL,N,NA
Snail,62007300,2021-06-29,16.3,6.4,mpn/100mL,N,NA
Snail,62007300,2021-06-22,13.9,6.2,mpn/100mL,N,NA
Snail,62007300,2021-06-22,13.9,6.2,mpn/100mL,N,NA
Snail,62007300,2021-06-15,1.8,5.2,mpn/100mL,N,NA
Snail,62007300,2021-06-15,1.8,5.2,mpn/100mL,N,NA
Snail,62007300,2021-06-08,27,7.1,mpn/100mL,N,NA
Snail,62007300,2021-06-08,27,7.1,mpn/100mL,N,NA
Snail,62007300,2021-06-01,1,4.2,mpn/100mL,N,NA
Snail,62007300,2021-06-01,1,4.2,mpn/100mL,N,NA
Snail,62007300,2021-05-25,10.8,10.8,mpn/100mL,N,NA
Snail,62007300,2021-05-25,10.8,10.8,mpn/100mL,N,NA
Snail,62007300,2021-05-25,10.8,10.8,mpn/100mL,N,NA
Snail,62007300,2020-09-01,13.4,12.4,mpn/100mL,N,NA
Snail,62007300,2020-09-01,13.4,12.4,mpn/100mL,N,NA
Snail,62007300,2020-08-25,13.3,9.5,mpn/100mL,N,NA
Snail,62007300,2020-08-25,13.3,9.5,mpn/100mL,N,NA
Snail,62007300,2020-08-18,4.3,6.1,mpn/100mL,N,NA
Snail,62007300,2020-08-18,4.3,6.1,mpn/100mL,N,NA
Snail,62007300,2020-08-11,132.6,5.4,mpn/100mL,N,NA
Snail,62007300,2020-08-11,132.6,5.4,mpn/100mL,N,NA
Snail,62007300,2020-08-04,2.9,2.2,mpn/100mL,N,NA
Snail,62007300,2020-08-04,2.9,2.2,mpn/100mL,N,NA
Snail,62007300,2020-07-28,3.6,3.2,mpn/100mL,N,NA
Snail,62007300,2020-07-28,3.6,3.2,mpn/100mL,N,NA
Snail,62007300,2020-07-21,1.4,3.3,mpn/100mL,N,NA
Snail,62007300,2020-07-21,1.4,3.3,mpn/100mL,N,NA
Snail,62007300,2020-07-14,2.5,3.1,mpn/100mL,N,NA
Snail,62007300,2020-07-14,2.5,3.1,mpn/100mL,N,NA
Snail,62007300,2020-07-07,1.4,4.2,mpn/100mL,N,NA
Snail,62007300,2020-07-07,1.4,4.2,mpn/100mL,N,NA
Snail,62007300,2020-06-30,20.1,4.8,mpn/100mL,N,NA
Snail,62007300,2020-06-30,20.1,4.8,mpn/100mL,N,NA
Snail,62007300,2020-06-23,4.1,3.5,mpn/100mL,N,NA
Snail,62007300,2020-06-23,4.1,3.5,mpn/100mL,N,NA
Snail,62007300,2020-06-16,1,3.3,mpn/100mL,N,NA
Snail,62007300,2020-06-16,1,3.3,mpn/100mL,N,NA
Snail,62007300,2020-06-09,11.3,4.5,mpn/100mL,N,NA
Snail,62007300,2020-06-09,11.3,4.5,mpn/100mL,N,NA
Snail,62007300,2020-06-02,2.8,3.3,mpn/100mL,N,NA
Snail,62007300,2020-06-02,2.8,3.3,mpn/100mL,N,NA
Snail,62007300,2020-05-26,4,3.5,mpn/100mL,N,NA
Snail,62007300,2020-05-26,4,3.5,mpn/100mL,N,NA
Snail,62007300,2020-05-19,3.1,3.1,mpn/100mL,N,NA
Snail,62007300,2020-05-19,3.1,3.1,mpn/100mL,N,NA
Snail,62007300,2015-09-01,6.8,4.1,mpn/100mL,N,NA
Snail,62007300,2015-09-01,6.8,4.1,mpn/100mL,N,NA
Snail,62007300,2015-08-25,4.6,11.2,mpn/100mL,N,NA
Snail,62007300,2015-08-25,4.6,11.2,mpn/100mL,N,NA
Snail,62007300,2015-08-18,5.7,12.2,mpn/100mL,N,NA
Snail,62007300,2015-08-18,5.7,12.2,mpn/100mL,N,NA
Snail,62007300,2015-08-11,6.3,20.9,mpn/100mL,N,NA
Snail,62007300,2015-08-11,6.3,20.9,mpn/100mL,N,NA
Snail,62007300,2015-08-04,1,20.3,mpn/100mL,N,NA
Snail,62007300,2015-08-04,1,20.3,mpn/100mL,N,NA
Snail,62007300,2015-07-28,1087.1,26.2,mpn/100mL,N,NA
Snail,62007300,2015-07-28,1087.1,26.2,mpn/100mL,N,NA
Snail,62007300,2015-07-21,7,7.8,mpn/100mL,N,NA
Snail,62007300,2015-07-21,7,7.8,mpn/100mL,N,NA
Snail,62007300,2015-07-14,83.1,5.9,mpn/100mL,N,NA
Snail,62007300,2015-07-14,83.1,5.9,mpn/100mL,N,NA
Snail,62007300,2015-07-07,5.4,2.4,mpn/100mL,N,NA
Snail,62007300,2015-07-07,5.4,2.4,mpn/100mL,N,NA
Snail,62007300,2015-06-30,3.6,2.9,mpn/100mL,N,NA
Snail,62007300,2015-06-30,3.6,2.9,mpn/100mL,N,NA
Snail,62007300,2015-06-23,2.5,3.3,mpn/100mL,N,NA
Snail,62007300,2015-06-23,2.5,3.3,mpn/100mL,N,NA
Snail,62007300,2015-06-16,1.7,4.7,mpn/100mL,N,NA
Snail,62007300,2015-06-16,1.7,4.7,mpn/100mL,N,NA
Snail,62007300,2015-06-09,1,6,mpn/100mL,N,NA
Snail,62007300,2015-06-09,1,6,mpn/100mL,N,NA
Snail,62007300,2015-06-02,14.2,10.9,mpn/100mL,N,NA
Snail,62007300,2015-06-02,14.2,10.9,mpn/100mL,N,NA
Snail,62007300,2015-05-26,6.6,9.6,mpn/100mL,N,NA
Snail,62007300,2015-05-26,6.6,9.6,mpn/100mL,N,NA
Snail,62007300,2015-05-19,13.9,13.9,mpn/100mL,N,NA
Snail,62007300,2015-05-19,13.9,13.9,mpn/100mL,N,NA
Snail,62007300,2014-08-26,17.1,10.3,mpn/100mL,N,NA
Snail,62007300,2014-08-26,17.1,10.3,mpn/100mL,N,NA
Snail,62007300,2014-08-19,26.2,11.1,mpn/100mL,N,NA
Snail,62007300,2014-08-19,26.2,11.1,mpn/100mL,N,NA
Snail,62007300,2014-08-12,5.1,10.7,mpn/100mL,N,NA
Snail,62007300,2014-08-12,5.1,10.7,mpn/100mL,N,NA
Snail,62007300,2014-08-05,1,14,mpn/100mL,N,NA
Snail,62007300,2014-08-05,1,14,mpn/100mL,N,NA
Snail,62007300,2014-07-29,51.5,24.3,mpn/100mL,N,NA
Snail,62007300,2014-07-29,51.5,24.3,mpn/100mL,N,NA
Snail,62007300,2014-07-22,25.1,15.9,mpn/100mL,N,NA
Snail,62007300,2014-07-22,25.1,15.9,mpn/100mL,N,NA
Snail,62007300,2014-07-15,21,14.4,mpn/100mL,N,NA
Snail,62007300,2014-07-15,21,14.4,mpn/100mL,N,NA
Snail,62007300,2014-07-08,20.2,7.8,mpn/100mL,N,NA
Snail,62007300,2014-07-08,20.2,7.8,mpn/100mL,N,NA
Snail,62007300,2014-07-01,15.4,7.6,mpn/100mL,N,NA
Snail,62007300,2014-07-01,15.4,7.6,mpn/100mL,N,NA
Snail,62007300,2014-06-24,6.2,7.5,mpn/100mL,N,NA
Snail,62007300,2014-06-24,6.2,7.5,mpn/100mL,N,NA
Snail,62007300,2014-06-17,15,7.5,mpn/100mL,N,NA
Snail,62007300,2014-06-17,15,7.5,mpn/100mL,N,NA
Snail,62007300,2014-06-10,1,6.3,mpn/100mL,N,NA
Snail,62007300,2014-06-10,1,6.3,mpn/100mL,N,NA
Snail,62007300,2014-06-03,17.1,11.7,mpn/100mL,N,NA
Snail,62007300,2014-06-03,17.1,11.7,mpn/100mL,N,NA
Snail,62007300,2014-05-27,14.8,9.7,mpn/100mL,N,NA
Snail,62007300,2014-05-27,14.8,9.7,mpn/100mL,N,NA
Snail,62007300,2014-05-20,6.3,6.3,mpn/100mL,N,NA
Snail,62007300,2014-05-20,6.3,6.3,mpn/100mL,N,NA
Snail,62007300,2013-08-27,2,2.7,mpn/100mL,N,NA
Snail,62007300,2013-08-27,2,2.7,mpn/100mL,N,NA
Snail,62007300,2013-08-20,5.7,3.5,mpn/100mL,N,NA
Snail,62007300,2013-08-20,5.7,3.5,mpn/100mL,N,NA
Snail,62007300,2013-08-13,2,3.7,mpn/100mL,N,NA
Snail,62007300,2013-08-13,2,3.7,mpn/100mL,N,NA
Snail,62007300,2013-08-06,2.5,9.3,mpn/100mL,N,NA
Snail,62007300,2013-08-06,2.5,9.3,mpn/100mL,N,NA
Snail,62007300,2013-07-30,2.4,7.8,mpn/100mL,N,NA
Snail,62007300,2013-07-30,2.4,7.8,mpn/100mL,N,NA
Snail,62007300,2013-07-23,7.9,11.3,mpn/100mL,N,NA
Snail,62007300,2013-07-23,7.9,11.3,mpn/100mL,N,NA
Snail,62007300,2013-07-16,7.3,9.3,mpn/100mL,N,NA
Snail,62007300,2013-07-16,7.3,9.3,mpn/100mL,N,NA
Snail,62007300,2013-07-09,197.6,9.4,mpn/100mL,N,NA
Snail,62007300,2013-07-09,197.6,9.4,mpn/100mL,N,NA
Snail,62007300,2013-07-02,1,3.3,mpn/100mL,N,NA
Snail,62007300,2013-07-02,1,3.3,mpn/100mL,N,NA
Snail,62007300,2013-06-25,16,4.1,mpn/100mL,N,NA
Snail,62007300,2013-06-25,16,4.1,mpn/100mL,N,NA
Snail,62007300,2013-06-18,1,5.4,mpn/100mL,N,NA
Snail,62007300,2013-06-11,7.4,6.6,mpn/100mL,N,NA
Snail,62007300,2013-06-11,7.4,6.6,mpn/100mL,N,NA
Snail,62007300,2013-06-04,1.7,6.4,mpn/100mL,N,NA
Snail,62007300,2013-06-04,1.7,6.4,mpn/100mL,N,NA
Snail,62007300,2013-05-28,2.9,12.3,mpn/100mL,N,NA
Snail,62007300,2013-05-28,2.9,12.3,mpn/100mL,N,NA
Snail,62007300,2013-05-21,52.8,52.8,mpn/100mL,N,NA
Snail,62007300,2013-05-21,52.8,52.8,mpn/100mL,N,NA
Snail,62007300,2012-08-29,3.1,5.4,mpn/100mL,N,NA
Snail,62007300,2012-08-29,3.1,5.4,mpn/100mL,N,NA
Snail,62007300,2012-08-21,3.8,6.3,mpn/100mL,N,NA
Snail,62007300,2012-08-21,3.8,6.3,mpn/100mL,N,NA
Snail,62007300,2012-08-14,2.3,8.5,mpn/100mL,N,NA
Snail,62007300,2012-08-14,2.3,8.5,mpn/100mL,N,NA
Snail,62007300,2012-08-07,7.9,8.3,mpn/100mL,N,NA
Snail,62007300,2012-08-07,7.9,8.3,mpn/100mL,N,NA
Snail,62007300,2012-07-31,20.9,7.9,mpn/100mL,N,NA
Snail,62007300,2012-07-31,20.9,7.9,mpn/100mL,N,NA
Snail,62007300,2012-07-24,6.7,6.6,mpn/100mL,N,NA
Snail,62007300,2012-07-24,6.7,6.6,mpn/100mL,N,NA
Snail,62007300,2012-07-17,18,10.7,mpn/100mL,N,NA
Snail,62007300,2012-07-17,18,10.7,mpn/100mL,N,NA
Snail,62007300,2012-07-10,2,7.7,mpn/100mL,N,NA
Snail,62007300,2012-07-10,2,7.7,mpn/100mL,N,NA
Snail,62007300,2012-07-05,6.3,8.3,mpn/100mL,N,NA
Snail,62007300,2012-07-05,6.3,8.3,mpn/100mL,N,NA
Snail,62007300,2012-06-26,8,8.3,mpn/100mL,N,NA
Snail,62007300,2012-06-26,8,8.3,mpn/100mL,N,NA
Snail,62007300,2012-06-19,77.3,8.4,mpn/100mL,N,NA
Snail,62007300,2012-06-19,77.3,8.4,mpn/100mL,N,NA
Snail,62007300,2012-06-12,3.5,4,mpn/100mL,N,NA
Snail,62007300,2012-06-12,3.5,4,mpn/100mL,N,NA
Snail,62007300,2012-06-05,2.9,4.3,mpn/100mL,N,NA
Snail,62007300,2012-06-05,2.9,4.3,mpn/100mL,N,NA
Snail,62007300,2012-05-29,6.3,6.3,mpn/100mL,N,NA
Snail,62007300,2012-05-29,6.3,6.3,mpn/100mL,N,NA
Snail,62007300,2011-08-30,16.3,17.4,mpn/100mL,N,NA
Snail,62007300,2011-08-30,16.3,17.4,mpn/100mL,N,NA
Snail,62007300,2011-08-23,4.4,13.2,mpn/100mL,N,NA
Snail,62007300,2011-08-23,4.4,13.2,mpn/100mL,N,NA
Snail,62007300,2011-08-16,19.1,13.6,mpn/100mL,N,NA
Snail,62007300,2011-08-16,19.1,13.6,mpn/100mL,N,NA
Snail,62007300,2011-08-09,5.7,11.4,mpn/100mL,N,NA
Snail,62007300,2011-08-09,5.7,11.4,mpn/100mL,N,NA
Snail,62007300,2011-08-02,204.3,13.2,mpn/100mL,N,NA
Snail,62007300,2011-08-02,204.3,13.2,mpn/100mL,N,NA
Snail,62007300,2011-07-26,4,5.5,mpn/100mL,N,NA
Snail,62007300,2011-07-26,4,5.5,mpn/100mL,N,NA
Snail,62007300,2011-07-19,5.2,6.6,mpn/100mL,N,NA
Snail,62007300,2011-07-19,5.2,6.6,mpn/100mL,N,NA
Snail,62007300,2011-07-12,7.9,6.1,mpn/100mL,N,NA
Snail,62007300,2011-07-12,7.9,6.1,mpn/100mL,N,NA
Snail,62007300,2011-07-05,12.1,6.7,mpn/100mL,N,NA
Snail,62007300,2011-07-05,12.1,6.7,mpn/100mL,N,NA
Snail,62007300,2011-06-28,2.5,7,mpn/100mL,N,NA
Snail,62007300,2011-06-28,2.5,7,mpn/100mL,N,NA
Snail,62007300,2011-06-21,9.8,9.3,mpn/100mL,N,NA
Snail,62007300,2011-06-21,9.8,9.3,mpn/100mL,N,NA
Snail,62007300,2011-06-14,3.5,9.2,mpn/100mL,N,NA
Snail,62007300,2011-06-14,3.5,9.2,mpn/100mL,N,NA
Snail,62007300,2011-06-07,12.9,12.6,mpn/100mL,N,NA
Snail,62007300,2011-06-07,12.9,12.6,mpn/100mL,N,NA
Snail,62007300,2011-05-31,15.1,12.4,mpn/100mL,N,NA
Snail,62007300,2011-05-31,15.1,12.4,mpn/100mL,N,NA
Snail,62007300,2011-05-24,10.2,10.2,mpn/100mL,N,NA
Snail,62007300,2011-05-24,10.2,10.2,mpn/100mL,N,NA
Snail,62007300,2010-08-31,70.3,5.7,mpn/100mL,N,NA
Snail,62007300,2010-08-31,70.3,5.7,mpn/100mL,N,NA
Snail,62007300,2010-08-24,2.5,3.4,mpn/100mL,N,NA
Snail,62007300,2010-08-24,2.5,3.4,mpn/100mL,N,NA
Snail,62007300,2010-08-17,2.5,3.4,mpn/100mL,N,NA
Snail,62007300,2010-08-17,2.5,3.4,mpn/100mL,N,NA
Snail,62007300,2010-08-10,2.5,6,mpn/100mL,N,NA
Snail,62007300,2010-08-10,2.5,6,mpn/100mL,N,NA
Snail,62007300,2010-08-03,5.7,11.4,mpn/100mL,N,NA
Snail,62007300,2010-08-03,5.7,11.4,mpn/100mL,N,NA
Snail,62007300,2010-07-27,5.4,20.9,mpn/100mL,N,NA
Snail,62007300,2010-07-27,5.4,20.9,mpn/100mL,N,NA
Snail,62007300,2010-07-20,2.5,25,mpn/100mL,N,NA
Snail,62007300,2010-07-20,2.5,25,mpn/100mL,N,NA
Snail,62007300,2010-07-13,41.6,26.3,mpn/100mL,N,NA
Snail,62007300,2010-07-13,41.6,26.3,mpn/100mL,N,NA
Snail,62007300,2010-07-06,60.7,24.6,mpn/100mL,N,NA
Snail,62007300,2010-07-06,60.7,24.6,mpn/100mL,N,NA
Snail,62007300,2010-06-30,116.5,16.8,mpn/100mL,N,NA
Snail,62007300,2010-06-30,116.5,16.8,mpn/100mL,N,NA
Snail,62007300,2010-06-22,13.3,12.2,mpn/100mL,N,NA
Snail,62007300,2010-06-22,13.3,12.2,mpn/100mL,N,NA
Snail,62007300,2010-06-15,3.2,11.9,mpn/100mL,N,NA
Snail,62007300,2010-06-15,3.2,11.9,mpn/100mL,N,NA
Snail,62007300,2010-06-08,29.9,18.4,mpn/100mL,N,NA
Snail,62007300,2010-06-08,29.9,18.4,mpn/100mL,N,NA
Snail,62007300,2010-06-02,8.9,14.5,mpn/100mL,N,NA
Snail,62007300,2010-06-02,8.9,14.5,mpn/100mL,N,NA
Snail,62007300,2010-05-25,23.5,23.5,mpn/100mL,N,NA
Snail,62007300,2010-05-25,23.5,23.5,mpn/100mL,N,NA
Snail,62007300,2009-09-01,1.4,1.5,mpn/100mL,N,NA
Snail,62007300,2009-09-01,1.4,1.5,mpn/100mL,N,NA
Snail,62007300,2009-08-25,3.5,1.4,mpn/100mL,N,NA
Snail,62007300,2009-08-25,3.5,1.4,mpn/100mL,N,NA
Snail,62007300,2009-08-18,1,1.9,mpn/100mL,N,NA
Snail,62007300,2009-08-18,1,1.9,mpn/100mL,N,NA
Snail,62007300,2009-08-11,1.4,1.9,mpn/100mL,N,NA
Snail,62007300,2009-08-11,1.4,1.9,mpn/100mL,N,NA
Snail,62007300,2009-08-04,1,1.8,mpn/100mL,N,NA
Snail,62007300,2009-08-04,1,1.8,mpn/100mL,N,NA
Snail,62007300,2009-07-28,1,1.9,mpn/100mL,N,NA
Snail,62007300,2009-07-28,1,1.9,mpn/100mL,N,NA
Snail,62007300,2009-07-21,18.4,2.7,mpn/100mL,N,NA
Snail,62007300,2009-07-21,18.4,2.7,mpn/100mL,N,NA
Snail,62007300,2009-07-14,1,2,mpn/100mL,N,NA
Snail,62007300,2009-07-14,1,2,mpn/100mL,N,NA
Snail,62007300,2009-07-07,1,2.7,mpn/100mL,N,NA
Snail,62007300,2009-07-07,1,2.7,mpn/100mL,N,NA
Snail,62007300,2009-06-30,1.4,3.7,mpn/100mL,N,NA
Snail,62007300,2009-06-30,1.4,3.7,mpn/100mL,N,NA
Snail,62007300,2009-06-23,5.5,3.4,mpn/100mL,N,NA
Snail,62007300,2009-06-23,5.5,3.4,mpn/100mL,N,NA
Snail,62007300,2009-06-16,3.9,2.9,mpn/100mL,N,NA
Snail,62007300,2009-06-16,3.9,2.9,mpn/100mL,N,NA
Snail,62007300,2009-06-09,5,2.7,mpn/100mL,N,NA
Snail,62007300,2009-06-09,5,2.7,mpn/100mL,N,NA
Snail,62007300,2009-06-02,4.4,2.2,mpn/100mL,N,NA
Snail,62007300,2009-06-02,4.4,2.2,mpn/100mL,N,NA
Snail,62007300,2009-05-26,1,1.5,mpn/100mL,N,NA
Snail,62007300,2009-05-26,1,1.5,mpn/100mL,N,NA
Snail,62007300,2009-05-19,2.3,2.3,mpn/100mL,N,NA
Snail,62007300,2009-05-19,2.3,2.3,mpn/100mL,N,NA
Snail,62007300,2008-08-26,2.9,3,mpn/100mL,N,NA
Snail,62007300,2008-08-26,2.9,3,mpn/100mL,N,NA
Snail,62007300,2008-08-19,4.4,3.5,mpn/100mL,N,NA
Snail,62007300,2008-08-19,4.4,3.5,mpn/100mL,N,NA
Snail,62007300,2008-08-12,2,3.3,mpn/100mL,N,NA
Snail,62007300,2008-08-12,2,3.3,mpn/100mL,N,NA
Snail,62007300,2008-08-05,5.1,3.3,mpn/100mL,N,NA
Snail,62007300,2008-08-05,5.1,3.3,mpn/100mL,N,NA
Snail,62007300,2008-07-30,1.7,3,mpn/100mL,N,NA
Snail,62007300,2008-07-30,1.7,3,mpn/100mL,N,NA
Snail,62007300,2008-07-22,6.6,2.7,mpn/100mL,N,NA
Snail,62007300,2008-07-22,6.6,2.7,mpn/100mL,N,NA
Snail,62007300,2008-07-15,3.6,2,mpn/100mL,N,NA
Snail,62007300,2008-07-15,3.6,2,mpn/100mL,N,NA
Snail,62007300,2008-07-08,1.8,1.5,mpn/100mL,N,NA
Snail,62007300,2008-07-08,1.8,1.5,mpn/100mL,N,NA
Snail,62007300,2008-07-01,3.5,1.5,mpn/100mL,N,NA
Snail,62007300,2008-07-01,3.5,1.5,mpn/100mL,N,NA
Snail,62007300,2008-06-24,1,1.6,mpn/100mL,N,NA
Snail,62007300,2008-06-24,1,1.6,mpn/100mL,N,NA
Snail,62007300,2008-06-17,1.4,1.8,mpn/100mL,N,NA
Snail,62007300,2008-06-17,1.4,1.8,mpn/100mL,N,NA
Snail,62007300,2008-06-10,1,1.9,mpn/100mL,N,NA
Snail,62007300,2008-06-10,1,1.9,mpn/100mL,N,NA
Snail,62007300,2008-06-03,1.4,2.7,mpn/100mL,N,NA
Snail,62007300,2008-06-03,1.4,2.7,mpn/100mL,N,NA
Snail,62007300,2008-05-27,5.1,5.1,mpn/100mL,N,NA
Snail,62007300,2008-05-27,5.1,5.1,mpn/100mL,N,NA
Snail,62007300,2007-08-28,215.8,21.6,mpn/100mL,N,NA
Snail,62007300,2007-08-28,215.8,21.6,mpn/100mL,N,NA
Snail,62007300,2007-08-21,110.8,9.3,mpn/100mL,N,NA
Snail,62007300,2007-08-21,110.8,9.3,mpn/100mL,N,NA
Snail,62007300,2007-08-14,138.9,3.9,mpn/100mL,N,NA
Snail,62007300,2007-08-14,138.9,3.9,mpn/100mL,N,NA
Snail,62007300,2007-08-06,1,1.9,mpn/100mL,N,NA
Snail,62007300,2007-08-06,1,1.9,mpn/100mL,N,NA
Snail,62007300,2007-07-31,1.4,2.8,mpn/100mL,N,NA
Snail,62007300,2007-07-31,1.4,2.8,mpn/100mL,N,NA
Snail,62007300,2007-07-24,3.2,5.9,mpn/100mL,N,NA
Snail,62007300,2007-07-24,3.2,5.9,mpn/100mL,N,NA
Snail,62007300,2007-07-17,1.4,4.7,mpn/100mL,N,NA
Snail,62007300,2007-07-17,1.4,4.7,mpn/100mL,N,NA
Snail,62007300,2007-07-09,4,5.2,mpn/100mL,N,NA
Snail,62007300,2007-07-09,4,5.2,mpn/100mL,N,NA
Snail,62007300,2007-07-02,6.8,4.7,mpn/100mL,N,NA
Snail,62007300,2007-07-02,6.8,4.7,mpn/100mL,N,NA
Snail,62007300,2007-06-26,56.1,3.4,mpn/100mL,N,NA
Snail,62007300,2007-06-26,56.1,3.4,mpn/100mL,N,NA
Snail,62007300,2007-06-19,1,1.6,mpn/100mL,N,NA
Snail,62007300,2007-06-19,1,1.6,mpn/100mL,N,NA
Snail,62007300,2007-06-12,2.5,1.8,mpn/100mL,N,NA
Snail,62007300,2007-06-12,2.5,1.8,mpn/100mL,N,NA
Snail,62007300,2007-06-05,2.3,1.7,mpn/100mL,N,NA
Snail,62007300,2007-06-05,2.3,1.7,mpn/100mL,N,NA
Snail,62007300,2007-05-29,1.4,1.4,mpn/100mL,N,NA
Snail,62007300,2007-05-29,1.4,1.4,mpn/100mL,N,NA
Snail,62007300,2007-05-21,1.4,1.4,mpn/100mL,N,NA
Snail,62007300,2007-05-21,1.4,1.4,mpn/100mL,N,NA
Snail,62007300,2006-08-29,3.2,2.7,mpn/100mL,N,NA
Snail,62007300,2006-08-29,3.2,2.7,mpn/100mL,N,NA
Snail,62007300,2006-08-22,1.4,2.5,mpn/100mL,N,NA
Snail,62007300,2006-08-22,1.4,2.5,mpn/100mL,N,NA
Snail,62007300,2006-08-15,1.7,3.2,mpn/100mL,N,NA
Snail,62007300,2006-08-15,1.7,3.2,mpn/100mL,N,NA
Snail,62007300,2006-08-08,1,3.1,mpn/100mL,N,NA
Snail,62007300,2006-08-08,1,3.1,mpn/100mL,N,NA
Snail,62007300,2006-08-01,19.7,3.1,mpn/100mL,N,NA
Snail,62007300,2006-08-01,19.7,3.1,mpn/100mL,N,NA
Snail,62007300,2006-07-25,2,1.7,mpn/100mL,N,NA
Snail,62007300,2006-07-25,2,1.7,mpn/100mL,N,NA
Snail,62007300,2006-07-18,4.9,1.6,mpn/100mL,N,NA
Snail,62007300,2006-07-18,4.9,1.6,mpn/100mL,N,NA
Snail,62007300,2006-07-11,1.4,1.4,mpn/100mL,N,NA
Snail,62007300,2006-07-11,1.4,1.4,mpn/100mL,N,NA
Snail,62007300,2006-07-05,1,1.7,mpn/100mL,N,NA
Snail,62007300,2006-07-05,1,1.7,mpn/100mL,N,NA
Snail,62007300,2006-06-27,1,2,mpn/100mL,N,NA
Snail,62007300,2006-06-27,1,2,mpn/100mL,N,NA
Snail,62007300,2006-06-20,1.4,2.1,mpn/100mL,N,NA
Snail,62007300,2006-06-20,1.4,2.1,mpn/100mL,N,NA
Snail,62007300,2006-06-13,2.5,2.3,mpn/100mL,N,NA
Snail,62007300,2006-06-13,2.5,2.3,mpn/100mL,N,NA
Snail,62007300,2006-06-06,3.5,2.3,mpn/100mL,N,NA
Snail,62007300,2006-06-06,3.5,2.3,mpn/100mL,N,NA
Snail,62007300,2006-05-30,2.4,1.9,mpn/100mL,N,NA
Snail,62007300,2006-05-30,2.4,1.9,mpn/100mL,N,NA
Snail,62007300,2006-05-23,1.4,1.4,mpn/100mL,N,NA
Snail,62007300,2006-05-23,1.4,1.4,mpn/100mL,N,NA
Snail,62007300,2005-08-30,3.9,2.1,mpn/100mL,N,NA
Snail,62007300,2005-08-30,3.9,2.1,mpn/100mL,N,NA
Snail,62007300,2005-08-23,1.4,2.5,mpn/100mL,N,NA
Snail,62007300,2005-08-23,1.4,2.5,mpn/100mL,N,NA
Snail,62007300,2005-08-16,1,2.5,mpn/100mL,N,NA
Snail,62007300,2005-08-16,1,2.5,mpn/100mL,N,NA
Snail,62007300,2005-08-09,1.4,2.7,mpn/100mL,N,NA
Snail,62007300,2005-08-09,1.4,2.7,mpn/100mL,N,NA
Snail,62007300,2005-08-02,5.4,2.8,mpn/100mL,N,NA
Snail,62007300,2005-08-02,5.4,2.8,mpn/100mL,N,NA
Snail,62007300,2005-07-26,9.5,3.7,mpn/100mL,N,NA
Snail,62007300,2005-07-26,9.5,3.7,mpn/100mL,N,NA
Snail,62007300,2005-07-19,1.4,3.2,mpn/100mL,N,NA
Snail,62007300,2005-07-19,1.4,3.2,mpn/100mL,N,NA
Snail,62007300,2005-07-12,1.4,4.2,mpn/100mL,N,NA
Snail,62007300,2005-07-12,1.4,4.2,mpn/100mL,N,NA
Snail,62007300,2005-07-05,1.8,5.5,mpn/100mL,N,NA
Snail,62007300,2005-07-05,1.8,5.5,mpn/100mL,N,NA
Snail,62007300,2005-06-28,20.1,8,mpn/100mL,N,NA
Snail,62007300,2005-06-28,20.1,8,mpn/100mL,N,NA
Snail,62007300,2005-06-21,4.6,5,mpn/100mL,N,NA
Snail,62007300,2005-06-21,4.6,5,mpn/100mL,N,NA
Snail,62007300,2005-06-14,5.4,5.4,mpn/100mL,N,NA
Snail,62007300,2005-06-14,5.4,5.4,mpn/100mL,N,NA
Snail,62007300,2004-08-31,4.6,12.7,mpn/100mL,N,NA
Snail,62007300,2004-08-31,4.6,12.7,mpn/100mL,N,NA
Snail,62007300,2004-08-24,23.4,15.9,mpn/100mL,N,NA
Snail,62007300,2004-08-24,23.4,15.9,mpn/100mL,N,NA
Snail,62007300,2004-08-17,30.2,12.6,mpn/100mL,N,NA
Snail,62007300,2004-08-17,30.2,12.6,mpn/100mL,N,NA
Snail,62007300,2004-08-10,14.9,14.1,mpn/100mL,N,NA
Snail,62007300,2004-08-10,14.9,14.1,mpn/100mL,N,NA
Snail,62007300,2004-08-03,6.7,12.5,mpn/100mL,N,NA
Snail,62007300,2004-08-03,6.7,12.5,mpn/100mL,N,NA
Snail,62007300,2004-07-27,14.4,10.3,mpn/100mL,N,NA
Snail,62007300,2004-07-27,14.4,10.3,mpn/100mL,N,NA
Snail,62007300,2004-07-20,7.3,6,mpn/100mL,N,NA
Snail,62007300,2004-07-20,7.3,6,mpn/100mL,N,NA
Snail,62007300,2004-07-13,52.9,5.9,mpn/100mL,N,NA
Snail,62007300,2004-07-13,52.9,5.9,mpn/100mL,N,NA
Snail,62007300,2004-07-06,8.1,3.4,mpn/100mL,N,NA
Snail,62007300,2004-07-06,8.1,3.4,mpn/100mL,N,NA
Snail,62007300,2004-06-29,2.5,2.6,mpn/100mL,N,NA
Snail,62007300,2004-06-29,2.5,2.6,mpn/100mL,N,NA
Snail,62007300,2004-06-22,1,2.6,mpn/100mL,N,NA
Snail,62007300,2004-06-22,1,2.6,mpn/100mL,N,NA
Snail,62007300,2004-06-15,6.9,6.9,mpn/100mL,N,NA
Snail,62007300,2004-06-15,6.9,6.9,mpn/100mL,N,NA
Turtle,62006100,2024-08-27,45.6,32.4,mpn/100mL,N,NA
Turtle,62006100,2024-08-27,45.6,32.4,mpn/100mL,N,NA
Turtle,62006100,2024-08-20,3.8,32.2,mpn/100mL,N,NA
Turtle,62006100,2024-08-20,3.8,32.2,mpn/100mL,N,NA
Turtle,62006100,2024-08-13,216.4,27.5,mpn/100mL,N,NA
Turtle,62006100,2024-08-13,216.4,27.5,mpn/100mL,N,NA
Turtle,62006100,2024-08-06,42.6,13.9,mpn/100mL,N,NA
Turtle,62006100,2024-08-06,42.6,13.9,mpn/100mL,N,NA
Turtle,62006100,2024-07-30,22.3,6.5,mpn/100mL,N,NA
Turtle,62006100,2024-07-30,22.3,6.5,mpn/100mL,N,NA
Turtle,62006100,2024-07-23,43.8,5.8,mpn/100mL,N,NA
Turtle,62006100,2024-07-23,43.8,5.8,mpn/100mL,N,NA
Turtle,62006100,2024-07-16,1.7,5.4,mpn/100mL,N,NA
Turtle,62006100,2024-07-16,1.7,5.4,mpn/100mL,N,NA
Turtle,62006100,2024-07-09,7.1,7.4,mpn/100mL,N,NA
Turtle,62006100,2024-07-09,7.1,7.4,mpn/100mL,N,NA
Turtle,62006100,2024-07-02,1,6.2,mpn/100mL,N,NA
Turtle,62006100,2024-07-02,1,6.2,mpn/100mL,N,NA
Turtle,62006100,2024-06-25,12.1,9,mpn/100mL,N,NA
Turtle,62006100,2024-06-25,12.1,9,mpn/100mL,N,NA
Turtle,62006100,2024-06-18,29.5,18.7,mpn/100mL,N,NA
Turtle,62006100,2024-06-18,29.5,18.7,mpn/100mL,N,NA
Turtle,62006100,2024-06-11,8.5,16.7,mpn/100mL,N,NA
Turtle,62006100,2024-06-11,8.5,16.7,mpn/100mL,N,NA
Turtle,62006100,2024-06-04,3,20.8,mpn/100mL,N,NA
Turtle,62006100,2024-06-04,3,20.8,mpn/100mL,N,NA
Turtle,62006100,2024-05-28,6.2,54.5,mpn/100mL,N,NA
Turtle,62006100,2024-05-28,6.2,54.5,mpn/100mL,N,NA
Turtle,62006100,2024-05-21,474.4,474.4,mpn/100mL,Y,ecoli_30dayGM
Turtle,62006100,2024-05-21,474.4,474.4,mpn/100mL,Y,ecoli_30dayGM
Turtle,62006100,2023-08-29,1.7,1.8,mpn/100mL,N,NA
Turtle,62006100,2023-08-29,1.7,1.8,mpn/100mL,N,NA
Turtle,62006100,2023-08-22,1.4,2.3,mpn/100mL,N,NA
Turtle,62006100,2023-08-22,1.4,2.3,mpn/100mL,N,NA
Turtle,62006100,2023-08-15,1.8,2.1,mpn/100mL,N,NA
Turtle,62006100,2023-08-15,1.8,2.1,mpn/100mL,N,NA
Turtle,62006100,2023-08-08,4.2,1.9,mpn/100mL,N,NA
Turtle,62006100,2023-08-08,4.2,1.9,mpn/100mL,N,NA
Turtle,62006100,2023-08-01,1,1.4,mpn/100mL,N,NA
Turtle,62006100,2023-08-01,1,1.4,mpn/100mL,N,NA
Turtle,62006100,2023-07-25,5.9,2.4,mpn/100mL,N,NA
Turtle,62006100,2023-07-25,5.9,2.4,mpn/100mL,N,NA
Turtle,62006100,2023-07-18,1,1.7,mpn/100mL,N,NA
Turtle,62006100,2023-07-18,1,1.7,mpn/100mL,N,NA
Turtle,62006100,2023-07-11,1,1.8,mpn/100mL,N,NA
Turtle,62006100,2023-07-11,1,1.8,mpn/100mL,N,NA
Turtle,62006100,2023-07-06,1,2.8,mpn/100mL,N,NA
Turtle,62006100,2023-07-06,1,2.8,mpn/100mL,N,NA
Turtle,62006100,2023-06-27,14.6,3,mpn/100mL,N,NA
Turtle,62006100,2023-06-27,14.6,3,mpn/100mL,N,NA
Turtle,62006100,2023-06-20,1,1.7,mpn/100mL,N,NA
Turtle,62006100,2023-06-20,1,1.7,mpn/100mL,N,NA
Turtle,62006100,2023-06-13,1.4,2,mpn/100mL,N,NA
Turtle,62006100,2023-06-13,1.4,2,mpn/100mL,N,NA
Turtle,62006100,2023-06-06,8.1,2.3,mpn/100mL,N,NA
Turtle,62006100,2023-06-06,8.1,2.3,mpn/100mL,N,NA
Turtle,62006100,2023-05-30,1.4,1.2,mpn/100mL,N,NA
Turtle,62006100,2023-05-30,1.4,1.2,mpn/100mL,N,NA
Turtle,62006100,2023-05-23,1,1,mpn/100mL,N,NA
Turtle,62006100,2023-05-23,1,1,mpn/100mL,N,NA
Turtle,62006100,2022-08-30,16.2,2.4,mpn/100mL,N,NA
Turtle,62006100,2022-08-30,16.2,2.4,mpn/100mL,N,NA
Turtle,62006100,2022-08-23,2.5,1.5,mpn/100mL,N,NA
Turtle,62006100,2022-08-23,2.5,1.5,mpn/100mL,N,NA
Turtle,62006100,2022-08-16,1.4,2.9,mpn/100mL,N,NA
Turtle,62006100,2022-08-16,1.4,2.9,mpn/100mL,N,NA
Turtle,62006100,2022-08-09,1.4,2.9,mpn/100mL,N,NA
Turtle,62006100,2022-08-09,1.4,2.9,mpn/100mL,N,NA
Turtle,62006100,2022-08-02,1,3.9,mpn/100mL,N,NA
Turtle,62006100,2022-08-02,1,3.9,mpn/100mL,N,NA
Turtle,62006100,2022-07-26,1.4,4.7,mpn/100mL,N,NA
Turtle,62006100,2022-07-26,1.4,4.7,mpn/100mL,N,NA
Turtle,62006100,2022-07-19,75.3,9.3,mpn/100mL,N,NA
Turtle,62006100,2022-07-19,75.3,9.3,mpn/100mL,N,NA
Turtle,62006100,2022-07-12,1.4,4.5,mpn/100mL,N,NA
Turtle,62006100,2022-07-12,1.4,4.5,mpn/100mL,N,NA
Turtle,62006100,2022-07-05,6.3,5.1,mpn/100mL,N,NA
Turtle,62006100,2022-07-05,6.3,5.1,mpn/100mL,N,NA
Turtle,62006100,2022-06-28,2.5,5.8,mpn/100mL,N,NA
Turtle,62006100,2022-06-28,2.5,5.8,mpn/100mL,N,NA
Turtle,62006100,2022-06-21,41.5,4.8,mpn/100mL,N,NA
Turtle,62006100,2022-06-21,41.5,4.8,mpn/100mL,N,NA
Turtle,62006100,2022-06-14,2,2.8,mpn/100mL,N,NA
Turtle,62006100,2022-06-14,2,2.8,mpn/100mL,N,NA
Turtle,62006100,2022-06-07,2.5,3.1,mpn/100mL,N,NA
Turtle,62006100,2022-06-07,2.5,3.1,mpn/100mL,N,NA
Turtle,62006100,2022-05-31,12.2,3.5,mpn/100mL,N,NA
Turtle,62006100,2022-05-31,12.2,3.5,mpn/100mL,N,NA
Turtle,62006100,2022-05-24,1,1,mpn/100mL,N,NA
Turtle,62006100,2022-05-24,1,1,mpn/100mL,N,NA
Turtle,62006100,2021-08-31,2,8.2,mpn/100mL,N,NA
Turtle,62006100,2021-08-31,2,8.2,mpn/100mL,N,NA
Turtle,62006100,2021-08-24,190.8,7.1,mpn/100mL,N,NA
Turtle,62006100,2021-08-24,190.8,7.1,mpn/100mL,N,NA
Turtle,62006100,2021-08-17,23.1,2.9,mpn/100mL,N,NA
Turtle,62006100,2021-08-17,23.1,2.9,mpn/100mL,N,NA
Turtle,62006100,2021-08-10,4.1,1.8,mpn/100mL,N,NA
Turtle,62006100,2021-08-10,4.1,1.8,mpn/100mL,N,NA
Turtle,62006100,2021-08-03,1,1.7,mpn/100mL,N,NA
Turtle,62006100,2021-08-03,1,1.7,mpn/100mL,N,NA
Turtle,62006100,2021-07-27,1,4.7,mpn/100mL,N,NA
Turtle,62006100,2021-07-27,1,4.7,mpn/100mL,N,NA
Turtle,62006100,2021-07-20,2.3,4.7,mpn/100mL,N,NA
Turtle,62006100,2021-07-20,2.3,4.7,mpn/100mL,N,NA
Turtle,62006100,2021-07-13,2,4.6,mpn/100mL,N,NA
Turtle,62006100,2021-07-13,2,4.6,mpn/100mL,N,NA
Turtle,62006100,2021-07-06,3.6,4.8,mpn/100mL,N,NA
Turtle,62006100,2021-07-06,3.6,4.8,mpn/100mL,N,NA
Turtle,62006100,2021-06-29,140.8,5.7,mpn/100mL,N,NA
Turtle,62006100,2021-06-29,140.8,5.7,mpn/100mL,N,NA
Turtle,62006100,2021-06-22,1,2.9,mpn/100mL,N,NA
Turtle,62006100,2021-06-22,1,2.9,mpn/100mL,N,NA
Turtle,62006100,2021-06-15,2,3.9,mpn/100mL,N,NA
Turtle,62006100,2021-06-15,2,3.9,mpn/100mL,N,NA
Turtle,62006100,2021-06-08,2.5,5.1,mpn/100mL,N,NA
Turtle,62006100,2021-06-08,2.5,5.1,mpn/100mL,N,NA
Turtle,62006100,2021-06-01,8.5,8.2,mpn/100mL,N,NA
Turtle,62006100,2021-06-01,8.5,8.2,mpn/100mL,N,NA
Turtle,62006100,2021-05-25,7.5,7.5,mpn/100mL,N,NA
Turtle,62006100,2015-09-01,52.9,7.5,mpn/100mL,N,NA
Turtle,62006100,2015-09-01,52.9,7.5,mpn/100mL,N,NA
Turtle,62006100,2015-08-25,5.3,8.1,mpn/100mL,N,NA
Turtle,62006100,2015-08-25,5.3,8.1,mpn/100mL,N,NA
Turtle,62006100,2015-08-18,9,7.5,mpn/100mL,N,NA
Turtle,62006100,2015-08-18,9,7.5,mpn/100mL,N,NA
Turtle,62006100,2015-08-11,3,8,mpn/100mL,N,NA
Turtle,62006100,2015-08-11,3,8,mpn/100mL,N,NA
Turtle,62006100,2015-08-04,3,9.4,mpn/100mL,N,NA
Turtle,62006100,2015-08-04,3,9.4,mpn/100mL,N,NA
Turtle,62006100,2015-07-28,81.9,11.9,mpn/100mL,N,NA
Turtle,62006100,2015-07-28,81.9,11.9,mpn/100mL,N,NA
Turtle,62006100,2015-07-21,3.6,8.1,mpn/100mL,N,NA
Turtle,62006100,2015-07-21,3.6,8.1,mpn/100mL,N,NA
Turtle,62006100,2015-07-14,12.1,9,mpn/100mL,N,NA
Turtle,62006100,2015-07-14,12.1,9,mpn/100mL,N,NA
Turtle,62006100,2015-07-07,6.7,5.9,mpn/100mL,N,NA
Turtle,62006100,2015-07-07,6.7,5.9,mpn/100mL,N,NA
Turtle,62006100,2015-06-30,10,4.3,mpn/100mL,N,NA
Turtle,62006100,2015-06-30,10,4.3,mpn/100mL,N,NA
Turtle,62006100,2015-06-23,11.8,4.3,mpn/100mL,N,NA
Turtle,62006100,2015-06-23,11.8,4.3,mpn/100mL,N,NA
Turtle,62006100,2015-06-16,6.1,3.2,mpn/100mL,N,NA
Turtle,62006100,2015-06-16,6.1,3.2,mpn/100mL,N,NA
Turtle,62006100,2015-06-09,1.4,2.8,mpn/100mL,N,NA
Turtle,62006100,2015-06-09,1.4,2.8,mpn/100mL,N,NA
Turtle,62006100,2015-06-02,1.4,3.4,mpn/100mL,N,NA
Turtle,62006100,2015-06-02,1.4,3.4,mpn/100mL,N,NA
Turtle,62006100,2015-05-26,9.7,5.4,mpn/100mL,N,NA
Turtle,62006100,2015-05-26,9.7,5.4,mpn/100mL,N,NA
Turtle,62006100,2015-05-19,3,3,mpn/100mL,N,NA
Turtle,62006100,2015-05-19,3,3,mpn/100mL,N,NA
Turtle,62006100,2014-08-26,2,11.4,mpn/100mL,N,NA
Turtle,62006100,2014-08-26,2,11.4,mpn/100mL,N,NA
Turtle,62006100,2014-08-19,75.2,20.9,mpn/100mL,N,NA
Turtle,62006100,2014-08-19,75.2,20.9,mpn/100mL,N,NA
Turtle,62006100,2014-08-12,10.1,11.7,mpn/100mL,N,NA
Turtle,62006100,2014-08-12,10.1,11.7,mpn/100mL,N,NA
Turtle,62006100,2014-08-05,15.7,12.8,mpn/100mL,N,NA
Turtle,62006100,2014-08-05,15.7,12.8,mpn/100mL,N,NA
Turtle,62006100,2014-07-29,8.3,18.8,mpn/100mL,N,NA
Turtle,62006100,2014-07-29,8.3,18.8,mpn/100mL,N,NA
Turtle,62006100,2014-07-22,41,12.3,mpn/100mL,N,NA
Turtle,62006100,2014-07-22,41,12.3,mpn/100mL,N,NA
Turtle,62006100,2014-07-15,4.1,10.7,mpn/100mL,N,NA
Turtle,62006100,2014-07-15,4.1,10.7,mpn/100mL,N,NA
Turtle,62006100,2014-07-08,15.9,13.1,mpn/100mL,N,NA
Turtle,62006100,2014-07-08,15.9,13.1,mpn/100mL,N,NA
Turtle,62006100,2014-07-01,105.9,12,mpn/100mL,N,NA
Turtle,62006100,2014-07-01,105.9,12,mpn/100mL,N,NA
Turtle,62006100,2014-06-24,1,5.9,mpn/100mL,N,NA
Turtle,62006100,2014-06-24,1,5.9,mpn/100mL,N,NA
Turtle,62006100,2014-06-17,20.4,11,mpn/100mL,N,NA
Turtle,62006100,2014-06-17,20.4,11,mpn/100mL,N,NA
Turtle,62006100,2014-06-10,11.2,9.4,mpn/100mL,N,NA
Turtle,62006100,2014-06-10,11.2,9.4,mpn/100mL,N,NA
Turtle,62006100,2014-06-03,10.4,8.8,mpn/100mL,N,NA
Turtle,62006100,2014-06-03,10.4,8.8,mpn/100mL,N,NA
Turtle,62006100,2014-05-27,3.1,8.2,mpn/100mL,N,NA
Turtle,62006100,2014-05-27,3.1,8.2,mpn/100mL,N,NA
Turtle,62006100,2014-05-20,21.4,21.4,mpn/100mL,N,NA
Turtle,62006100,2014-05-20,21.4,21.4,mpn/100mL,N,NA
Turtle,62006100,2013-08-27,9.1,8.9,mpn/100mL,N,NA
Turtle,62006100,2013-08-27,9.1,8.9,mpn/100mL,N,NA
Turtle,62006100,2013-08-20,10.3,8.2,mpn/100mL,N,NA
Turtle,62006100,2013-08-20,10.3,8.2,mpn/100mL,N,NA
Turtle,62006100,2013-08-13,38.9,10.8,mpn/100mL,N,NA
Turtle,62006100,2013-08-13,38.9,10.8,mpn/100mL,N,NA
Turtle,62006100,2013-08-06,1,11.7,mpn/100mL,N,NA
Turtle,62006100,2013-08-06,1,11.7,mpn/100mL,N,NA
Turtle,62006100,2013-07-30,15.1,16.5,mpn/100mL,N,NA
Turtle,62006100,2013-07-30,15.1,16.5,mpn/100mL,N,NA
Turtle,62006100,2013-07-23,6.3,10.3,mpn/100mL,N,NA
Turtle,62006100,2013-07-23,6.3,10.3,mpn/100mL,N,NA
Turtle,62006100,2013-07-16,38.9,7.6,mpn/100mL,N,NA
Turtle,62006100,2013-07-16,38.9,7.6,mpn/100mL,N,NA
Turtle,62006100,2013-07-09,58.8,4.4,mpn/100mL,N,NA
Turtle,62006100,2013-07-09,58.8,4.4,mpn/100mL,N,NA
Turtle,62006100,2013-07-02,5.7,3.2,mpn/100mL,N,NA
Turtle,62006100,2013-07-02,5.7,3.2,mpn/100mL,N,NA
Turtle,62006100,2013-06-25,1.4,2.3,mpn/100mL,N,NA
Turtle,62006100,2013-06-25,1.4,2.3,mpn/100mL,N,NA
Turtle,62006100,2013-06-18,1.4,3.9,mpn/100mL,N,NA
Turtle,62006100,2013-06-18,1.4,3.9,mpn/100mL,N,NA
Turtle,62006100,2013-06-11,2.4,5,mpn/100mL,N,NA
Turtle,62006100,2013-06-11,2.4,5,mpn/100mL,N,NA
Turtle,62006100,2013-06-04,12.1,6.3,mpn/100mL,N,NA
Turtle,62006100,2013-06-04,12.1,6.3,mpn/100mL,N,NA
Turtle,62006100,2013-05-28,1,4.5,mpn/100mL,N,NA
Turtle,62006100,2013-05-28,1,4.5,mpn/100mL,N,NA
Turtle,62006100,2013-05-21,20.2,20.2,mpn/100mL,N,NA
Turtle,62006100,2013-05-21,20.2,20.2,mpn/100mL,N,NA
Turtle,62006100,2011-08-30,21.8,13,mpn/100mL,N,NA
Turtle,62006100,2011-08-30,21.8,13,mpn/100mL,N,NA
Turtle,62006100,2011-08-23,15.7,8.8,mpn/100mL,N,NA
Turtle,62006100,2011-08-23,15.7,8.8,mpn/100mL,N,NA
Turtle,62006100,2011-08-16,6.2,8.8,mpn/100mL,N,NA
Turtle,62006100,2011-08-16,6.2,8.8,mpn/100mL,N,NA
Turtle,62006100,2011-08-09,20.6,9,mpn/100mL,N,NA
Turtle,62006100,2011-08-09,20.6,9,mpn/100mL,N,NA
Turtle,62006100,2011-08-02,8.4,9.8,mpn/100mL,N,NA
Turtle,62006100,2011-08-02,8.4,9.8,mpn/100mL,N,NA
Turtle,62006100,2011-07-26,3.1,6.9,mpn/100mL,N,NA
Turtle,62006100,2011-07-26,3.1,6.9,mpn/100mL,N,NA
Turtle,62006100,2011-07-19,16,17.7,mpn/100mL,N,NA
Turtle,62006100,2011-07-19,16,17.7,mpn/100mL,N,NA
Turtle,62006100,2011-07-12,7,12.2,mpn/100mL,N,NA
Turtle,62006100,2011-07-12,7,12.2,mpn/100mL,N,NA
Turtle,62006100,2011-07-05,31.4,13.4,mpn/100mL,N,NA
Turtle,62006100,2011-07-05,31.4,13.4,mpn/100mL,N,NA
Turtle,62006100,2011-06-28,1.4,13.7,mpn/100mL,N,NA
Turtle,62006100,2011-06-28,1.4,13.7,mpn/100mL,N,NA
Turtle,62006100,2011-06-21,352.4,19.6,mpn/100mL,N,NA
Turtle,62006100,2011-06-21,352.4,19.6,mpn/100mL,N,NA
Turtle,62006100,2011-06-14,2.4,9.5,mpn/100mL,N,NA
Turtle,62006100,2011-06-14,2.4,9.5,mpn/100mL,N,NA
Turtle,62006100,2011-06-07,11.5,15,mpn/100mL,N,NA
Turtle,62006100,2011-06-07,11.5,15,mpn/100mL,N,NA
Turtle,62006100,2011-05-31,34.5,17.2,mpn/100mL,N,NA
Turtle,62006100,2011-05-31,34.5,17.2,mpn/100mL,N,NA
Turtle,62006100,2011-05-24,8.5,8.5,mpn/100mL,N,NA
Turtle,62006100,2011-05-24,8.5,8.5,mpn/100mL,N,NA
Turtle,62006100,2010-08-31,270.3,31,mpn/100mL,N,NA
Turtle,62006100,2010-08-31,270.3,31,mpn/100mL,N,NA
Turtle,62006100,2010-08-24,34.3,17.1,mpn/100mL,N,NA
Turtle,62006100,2010-08-24,34.3,17.1,mpn/100mL,N,NA
Turtle,62006100,2010-08-17,4.3,10.7,mpn/100mL,N,NA
Turtle,62006100,2010-08-17,4.3,10.7,mpn/100mL,N,NA
Turtle,62006100,2010-08-10,32.5,9.2,mpn/100mL,N,NA
Turtle,62006100,2010-08-10,32.5,9.2,mpn/100mL,N,NA
Turtle,62006100,2010-08-03,21.9,11.7,mpn/100mL,N,NA
Turtle,62006100,2010-08-03,21.9,11.7,mpn/100mL,N,NA
Turtle,62006100,2010-07-27,13.9,7.8,mpn/100mL,N,NA
Turtle,62006100,2010-07-27,13.9,7.8,mpn/100mL,N,NA
Turtle,62006100,2010-07-20,3.2,4.9,mpn/100mL,N,NA
Turtle,62006100,2010-07-20,3.2,4.9,mpn/100mL,N,NA
Turtle,62006100,2010-07-13,2,16.2,mpn/100mL,N,NA
Turtle,62006100,2010-07-13,2,16.2,mpn/100mL,N,NA
Turtle,62006100,2010-07-06,109.4,31.8,mpn/100mL,N,NA
Turtle,62006100,2010-07-06,109.4,31.8,mpn/100mL,N,NA
Turtle,62006100,2010-06-30,2.9,14.7,mpn/100mL,N,NA
Turtle,62006100,2010-06-30,2.9,14.7,mpn/100mL,N,NA
Turtle,62006100,2010-06-22,1.4,28.9,mpn/100mL,N,NA
Turtle,62006100,2010-06-22,1.4,28.9,mpn/100mL,N,NA
Turtle,62006100,2010-06-15,1250.6,61.4,mpn/100mL,N,NA
Turtle,62006100,2010-06-15,1250.6,61.4,mpn/100mL,N,NA
Turtle,62006100,2010-06-08,58.8,22.5,mpn/100mL,N,NA
Turtle,62006100,2010-06-08,58.8,22.5,mpn/100mL,N,NA
Turtle,62006100,2010-06-02,2.3,13.9,mpn/100mL,N,NA
Turtle,62006100,2010-06-02,2.3,13.9,mpn/100mL,N,NA
Turtle,62006100,2010-05-25,84.9,84.9,mpn/100mL,N,NA
Turtle,62006100,2010-05-25,84.9,84.9,mpn/100mL,N,NA
Turtle,62006100,2009-09-01,344.1,83.4,mpn/100mL,N,NA
Turtle,62006100,2009-09-01,344.1,83.4,mpn/100mL,N,NA
Turtle,62006100,2009-08-27,72.2,35.4,mpn/100mL,N,NA
Turtle,62006100,2009-08-27,72.2,35.4,mpn/100mL,N,NA
Turtle,62006100,2009-08-25,2419.6,30.7,mpn/100mL,N,NA
Turtle,62006100,2009-08-25,2419.6,30.7,mpn/100mL,N,NA
Turtle,62006100,2009-08-18,37,24.5,mpn/100mL,N,NA
Turtle,62006100,2009-08-18,37,24.5,mpn/100mL,N,NA
Turtle,62006100,2009-08-11,20,16.2,mpn/100mL,N,NA
Turtle,62006100,2009-08-11,20,16.2,mpn/100mL,N,NA
Turtle,62006100,2009-08-04,7.6,15.2,mpn/100mL,N,NA
Turtle,62006100,2009-08-04,7.6,15.2,mpn/100mL,N,NA
Turtle,62006100,2009-07-28,2,15.1,mpn/100mL,N,NA
Turtle,62006100,2009-07-28,2,15.1,mpn/100mL,N,NA
Turtle,62006100,2009-07-21,794.6,16.1,mpn/100mL,N,NA
Turtle,62006100,2009-07-21,794.6,16.1,mpn/100mL,N,NA
Turtle,62006100,2009-07-14,4.6,5.3,mpn/100mL,N,NA
Turtle,62006100,2009-07-14,4.6,5.3,mpn/100mL,N,NA
Turtle,62006100,2009-07-07,14.3,5.2,mpn/100mL,N,NA
Turtle,62006100,2009-07-07,14.3,5.2,mpn/100mL,N,NA
Turtle,62006100,2009-06-30,7.4,4.1,mpn/100mL,N,NA
Turtle,62006100,2009-06-30,7.4,4.1,mpn/100mL,N,NA
Turtle,62006100,2009-06-23,2.7,5.1,mpn/100mL,N,NA
Turtle,62006100,2009-06-23,2.7,5.1,mpn/100mL,N,NA
Turtle,62006100,2009-06-16,3,4.8,mpn/100mL,N,NA
Turtle,62006100,2009-06-16,3,4.8,mpn/100mL,N,NA
Turtle,62006100,2009-06-09,4.1,5.3,mpn/100mL,N,NA
Turtle,62006100,2009-06-09,4.1,5.3,mpn/100mL,N,NA
Turtle,62006100,2009-06-02,4.3,5.8,mpn/100mL,N,NA
Turtle,62006100,2009-06-02,4.3,5.8,mpn/100mL,N,NA
Turtle,62006100,2009-05-26,22.3,6.7,mpn/100mL,N,NA
Turtle,62006100,2009-05-26,22.3,6.7,mpn/100mL,N,NA
Turtle,62006100,2009-05-19,2,2,mpn/100mL,N,NA
Turtle,62006100,2009-05-19,2,2,mpn/100mL,N,NA
Turtle,62006100,2008-08-26,4.4,6.4,mpn/100mL,N,NA
Turtle,62006100,2008-08-26,4.4,6.4,mpn/100mL,N,NA
Turtle,62006100,2008-08-19,7.4,6.3,mpn/100mL,N,NA
Turtle,62006100,2008-08-19,7.4,6.3,mpn/100mL,N,NA
Turtle,62006100,2008-08-12,12.1,4.7,mpn/100mL,N,NA
Turtle,62006100,2008-08-12,12.1,4.7,mpn/100mL,N,NA
Turtle,62006100,2008-08-05,12.1,6.1,mpn/100mL,N,NA
Turtle,62006100,2008-08-05,12.1,6.1,mpn/100mL,N,NA
Turtle,62006100,2008-07-30,2.3,4.3,mpn/100mL,N,NA
Turtle,62006100,2008-07-30,2.3,4.3,mpn/100mL,N,NA
Turtle,62006100,2008-07-22,4,3.9,mpn/100mL,N,NA
Turtle,62006100,2008-07-22,4,3.9,mpn/100mL,N,NA
Turtle,62006100,2008-07-15,1.7,3.8,mpn/100mL,N,NA
Turtle,62006100,2008-07-15,1.7,3.8,mpn/100mL,N,NA
Turtle,62006100,2008-07-08,43.1,4.1,mpn/100mL,N,NA
Turtle,62006100,2008-07-08,43.1,4.1,mpn/100mL,N,NA
Turtle,62006100,2008-07-01,2.3,2.8,mpn/100mL,N,NA
Turtle,62006100,2008-07-01,2.3,2.8,mpn/100mL,N,NA
Turtle,62006100,2008-06-24,1.4,2.7,mpn/100mL,N,NA
Turtle,62006100,2008-06-24,1.4,2.7,mpn/100mL,N,NA
Turtle,62006100,2008-06-17,3.5,3.2,mpn/100mL,N,NA
Turtle,62006100,2008-06-17,3.5,3.2,mpn/100mL,N,NA
Turtle,62006100,2008-06-10,2.5,3.1,mpn/100mL,N,NA
Turtle,62006100,2008-06-10,2.5,3.1,mpn/100mL,N,NA
Turtle,62006100,2008-06-03,6.2,3.5,mpn/100mL,N,NA
Turtle,62006100,2008-06-03,6.2,3.5,mpn/100mL,N,NA
Turtle,62006100,2008-05-27,2,2,mpn/100mL,N,NA
Turtle,62006100,2008-05-27,2,2,mpn/100mL,N,NA
Turtle,62006100,2007-08-29,59.1,113.5,mpn/100mL,N,NA
Turtle,62006100,2007-08-29,59.1,113.5,mpn/100mL,N,NA
Turtle,62006100,2007-08-28,2419.6,129.3,mpn/100mL,Y,ecoli_30dayGM
Turtle,62006100,2007-08-28,2419.6,129.3,mpn/100mL,Y,ecoli_30dayGM
Turtle,62006100,2007-08-21,944.7,41.8,mpn/100mL,N,NA
Turtle,62006100,2007-08-21,944.7,41.8,mpn/100mL,N,NA
Turtle,62006100,2007-08-14,1126,10.6,mpn/100mL,N,NA
Turtle,62006100,2007-08-14,1126,10.6,mpn/100mL,N,NA
Turtle,62006100,2007-08-06,5.7,4.8,mpn/100mL,N,NA
Turtle,62006100,2007-08-06,5.7,4.8,mpn/100mL,N,NA
Turtle,62006100,2007-07-31,2.4,4,mpn/100mL,N,NA
Turtle,62006100,2007-07-31,2.4,4,mpn/100mL,N,NA
Turtle,62006100,2007-07-24,8.5,3.6,mpn/100mL,N,NA
Turtle,62006100,2007-07-24,8.5,3.6,mpn/100mL,N,NA
Turtle,62006100,2007-07-17,1,3.1,mpn/100mL,N,NA
Turtle,62006100,2007-07-17,1,3.1,mpn/100mL,N,NA
Turtle,62006100,2007-07-09,20.5,3.3,mpn/100mL,N,NA
Turtle,62006100,2007-07-09,20.5,3.3,mpn/100mL,N,NA
Turtle,62006100,2007-07-02,2.4,1.8,mpn/100mL,N,NA
Turtle,62006100,2007-07-02,2.4,1.8,mpn/100mL,N,NA
Turtle,62006100,2007-06-26,1.4,2.2,mpn/100mL,N,NA
Turtle,62006100,2007-06-26,1.4,2.2,mpn/100mL,N,NA
Turtle,62006100,2007-06-19,4.1,2.1,mpn/100mL,N,NA
Turtle,62006100,2007-06-19,4.1,2.1,mpn/100mL,N,NA
Turtle,62006100,2007-06-12,1.4,1.8,mpn/100mL,N,NA
Turtle,62006100,2007-06-12,1.4,1.8,mpn/100mL,N,NA
Turtle,62006100,2007-06-05,1,1.9,mpn/100mL,N,NA
Turtle,62006100,2007-06-05,1,1.9,mpn/100mL,N,NA
Turtle,62006100,2007-05-29,6.8,2.6,mpn/100mL,N,NA
Turtle,62006100,2007-05-29,6.8,2.6,mpn/100mL,N,NA
Turtle,62006100,2007-05-21,1,1,mpn/100mL,N,NA
Turtle,62006100,2007-05-21,1,1,mpn/100mL,N,NA
Turtle,62006100,2006-08-29,12.9,8.2,mpn/100mL,N,NA
Turtle,62006100,2006-08-29,12.9,8.2,mpn/100mL,N,NA
Turtle,62006100,2006-08-22,19.2,7,mpn/100mL,N,NA
Turtle,62006100,2006-08-22,19.2,7,mpn/100mL,N,NA
Turtle,62006100,2006-08-15,5.8,4.5,mpn/100mL,N,NA
Turtle,62006100,2006-08-15,5.8,4.5,mpn/100mL,N,NA
Turtle,62006100,2006-08-08,3.5,5,mpn/100mL,N,NA
Turtle,62006100,2006-08-08,3.5,5,mpn/100mL,N,NA
Turtle,62006100,2006-08-01,7.4,4.2,mpn/100mL,N,NA
Turtle,62006100,2006-08-01,7.4,4.2,mpn/100mL,N,NA
Turtle,62006100,2006-07-25,5.8,3.5,mpn/100mL,N,NA
Turtle,62006100,2006-07-25,5.8,3.5,mpn/100mL,N,NA
Turtle,62006100,2006-07-18,2,4.1,mpn/100mL,N,NA
Turtle,62006100,2006-07-18,2,4.1,mpn/100mL,N,NA
Turtle,62006100,2006-07-11,10.3,4.5,mpn/100mL,N,NA
Turtle,62006100,2006-07-11,10.3,4.5,mpn/100mL,N,NA
Turtle,62006100,2006-07-05,1.4,4.3,mpn/100mL,N,NA
Turtle,62006100,2006-07-05,1.4,4.3,mpn/100mL,N,NA
Turtle,62006100,2006-06-27,3.1,4,mpn/100mL,N,NA
Turtle,62006100,2006-06-27,3.1,4,mpn/100mL,N,NA
Turtle,62006100,2006-06-20,12.6,4.1,mpn/100mL,N,NA
Turtle,62006100,2006-06-20,12.6,4.1,mpn/100mL,N,NA
Turtle,62006100,2006-06-13,3.2,3.1,mpn/100mL,N,NA
Turtle,62006100,2006-06-13,3.2,3.1,mpn/100mL,N,NA
Turtle,62006100,2006-06-06,7.9,3.1,mpn/100mL,N,NA
Turtle,62006100,2006-06-06,7.9,3.1,mpn/100mL,N,NA
Turtle,62006100,2006-05-30,1,1.9,mpn/100mL,N,NA
Turtle,62006100,2006-05-30,1,1.9,mpn/100mL,N,NA
Turtle,62006100,2006-05-23,3.6,3.6,mpn/100mL,N,NA
Turtle,62006100,2006-05-23,3.6,3.6,mpn/100mL,N,NA
Turtle,62006100,2005-08-30,3.8,3.9,mpn/100mL,N,NA
Turtle,62006100,2005-08-30,3.8,3.9,mpn/100mL,N,NA
Turtle,62006100,2005-08-23,3.5,3.6,mpn/100mL,N,NA
Turtle,62006100,2005-08-23,3.5,3.6,mpn/100mL,N,NA
Turtle,62006100,2005-08-16,1.4,2.8,mpn/100mL,N,NA
Turtle,62006100,2005-08-16,1.4,2.8,mpn/100mL,N,NA
Turtle,62006100,2005-08-09,1.8,2.9,mpn/100mL,N,NA
Turtle,62006100,2005-08-09,1.8,2.9,mpn/100mL,N,NA
Turtle,62006100,2005-08-02,25.9,4.3,mpn/100mL,N,NA
Turtle,62006100,2005-08-02,25.9,4.3,mpn/100mL,N,NA
Turtle,62006100,2005-07-26,2.5,5.5,mpn/100mL,N,NA
Turtle,62006100,2005-07-26,2.5,5.5,mpn/100mL,N,NA
Turtle,62006100,2005-07-19,1,4.6,mpn/100mL,N,NA
Turtle,62006100,2005-07-19,1,4.6,mpn/100mL,N,NA
Turtle,62006100,2005-07-12,1.8,9.4,mpn/100mL,N,NA
Turtle,62006100,2005-07-12,1.8,9.4,mpn/100mL,N,NA
Turtle,62006100,2005-07-05,12.4,14.2,mpn/100mL,N,NA
Turtle,62006100,2005-07-05,12.4,14.2,mpn/100mL,N,NA
Turtle,62006100,2005-06-28,91.6,14.8,mpn/100mL,N,NA
Turtle,62006100,2005-06-28,91.6,14.8,mpn/100mL,N,NA
Turtle,62006100,2005-06-21,1,6,mpn/100mL,N,NA
Turtle,62006100,2005-06-21,1,6,mpn/100mL,N,NA
Turtle,62006100,2005-06-14,35.7,35.7,mpn/100mL,N,NA
Turtle,62006100,2005-06-14,35.7,35.7,mpn/100mL,N,NA
Turtle,62006100,2004-08-31,14.8,27.9,mpn/100mL,N,NA
Turtle,62006100,2004-08-31,14.8,27.9,mpn/100mL,N,NA
Turtle,62006100,2004-08-24,67.5,21.9,mpn/100mL,N,NA
Turtle,62006100,2004-08-24,67.5,21.9,mpn/100mL,N,NA
Turtle,62006100,2004-08-17,20.5,12.8,mpn/100mL,N,NA
Turtle,62006100,2004-08-17,20.5,12.8,mpn/100mL,N,NA
Turtle,62006100,2004-08-10,62.1,11.9,mpn/100mL,N,NA
Turtle,62006100,2004-08-10,62.1,11.9,mpn/100mL,N,NA
Turtle,62006100,2004-08-03,13.3,8.2,mpn/100mL,N,NA
Turtle,62006100,2004-08-03,13.3,8.2,mpn/100mL,N,NA
Turtle,62006100,2004-07-27,4.4,6.4,mpn/100mL,N,NA
Turtle,62006100,2004-07-27,4.4,6.4,mpn/100mL,N,NA
Turtle,62006100,2004-07-20,4.6,8.4,mpn/100mL,N,NA
Turtle,62006100,2004-07-20,4.6,8.4,mpn/100mL,N,NA
Turtle,62006100,2004-07-13,14,6.2,mpn/100mL,N,NA
Turtle,62006100,2004-07-13,14,6.2,mpn/100mL,N,NA
Turtle,62006100,2004-07-06,9.7,5.1,mpn/100mL,N,NA
Turtle,62006100,2004-07-06,9.7,5.1,mpn/100mL,N,NA
Turtle,62006100,2004-06-29,4,4.1,mpn/100mL,N,NA
Turtle,62006100,2004-06-29,4,4.1,mpn/100mL,N,NA
Turtle,62006100,2004-06-22,16.9,4.1,mpn/100mL,N,NA
Turtle,62006100,2004-06-22,16.9,4.1,mpn/100mL,N,NA
Turtle,62006100,2004-06-15,1,1,mpn/100mL,N,NA
Turtle,62006100,2004-06-15,1,1,mpn/100mL,N,NA
Phalen,62001300,2024-08-27,12,69.2,mpn/100mL,N,NA
Phalen,62001300,2024-08-27,12,69.2,mpn/100mL,N,NA
Phalen,62001300,2024-08-20,110.5,100.8,mpn/100mL,N,NA
Phalen,62001300,2024-08-20,110.5,100.8,mpn/100mL,N,NA
Phalen,62001300,2024-08-13,116.2,71.9,mpn/100mL,N,NA
Phalen,62001300,2024-08-13,116.2,71.9,mpn/100mL,N,NA
Phalen,62001300,2024-08-06,38.5,94.2,mpn/100mL,N,NA
Phalen,62001300,2024-08-06,38.5,94.2,mpn/100mL,N,NA
Phalen,62001300,2024-07-30,265.9,97.5,mpn/100mL,N,NA
Phalen,62001300,2024-07-30,265.9,97.5,mpn/100mL,N,NA
Phalen,62001300,2024-07-23,79.1,79.9,mpn/100mL,N,NA
Phalen,62001300,2024-07-23,79.1,79.9,mpn/100mL,N,NA
Phalen,62001300,2024-07-16,20.5,73.5,mpn/100mL,N,NA
Phalen,62001300,2024-07-16,20.5,73.5,mpn/100mL,N,NA
Phalen,62001300,2024-07-09,447,63.1,mpn/100mL,N,NA
Phalen,62001300,2024-07-09,447,63.1,mpn/100mL,N,NA
Phalen,62001300,2024-07-02,45.8,36.9,mpn/100mL,N,NA
Phalen,62001300,2024-07-02,45.8,36.9,mpn/100mL,N,NA
Phalen,62001300,2024-06-25,98.3,24.1,mpn/100mL,N,NA
Phalen,62001300,2024-06-25,98.3,24.1,mpn/100mL,N,NA
Phalen,62001300,2024-06-18,52,16.1,mpn/100mL,N,NA
Phalen,62001300,2024-06-18,52,16.1,mpn/100mL,N,NA
Phalen,62001300,2024-06-11,9.6,12,mpn/100mL,N,NA
Phalen,62001300,2024-06-11,9.6,12,mpn/100mL,N,NA
Phalen,62001300,2024-06-04,30.6,13,mpn/100mL,N,NA
Phalen,62001300,2024-06-04,30.6,13,mpn/100mL,N,NA
Phalen,62001300,2024-05-28,5.5,8.5,mpn/100mL,N,NA
Phalen,62001300,2024-05-28,5.5,8.5,mpn/100mL,N,NA
Phalen,62001300,2024-05-21,13.1,13.1,mpn/100mL,N,NA
Phalen,62001300,2024-05-21,13.1,13.1,mpn/100mL,N,NA
Phalen,62001300,2023-08-29,8.4,8.4,mpn/100mL,N,NA
Phalen,62001300,2023-08-29,8.4,8.4,mpn/100mL,N,NA
Phalen,62001300,2023-08-22,65.1,8.5,mpn/100mL,N,NA
Phalen,62001300,2023-08-22,65.1,8.5,mpn/100mL,N,NA
Phalen,62001300,2023-08-15,10.9,3.7,mpn/100mL,N,NA
Phalen,62001300,2023-08-15,10.9,3.7,mpn/100mL,N,NA
Phalen,62001300,2023-08-08,1,2.3,mpn/100mL,N,NA
Phalen,62001300,2023-08-08,1,2.3,mpn/100mL,N,NA
Phalen,62001300,2023-08-01,7,2.7,mpn/100mL,N,NA
Phalen,62001300,2023-08-01,7,2.7,mpn/100mL,N,NA
Phalen,62001300,2023-07-25,8.7,2.8,mpn/100mL,N,NA
Phalen,62001300,2023-07-25,8.7,2.8,mpn/100mL,N,NA
Phalen,62001300,2023-07-18,1,2.8,mpn/100mL,N,NA
Phalen,62001300,2023-07-18,1,2.8,mpn/100mL,N,NA
Phalen,62001300,2023-07-11,1,3.6,mpn/100mL,N,NA
Phalen,62001300,2023-07-11,1,3.6,mpn/100mL,N,NA
Phalen,62001300,2023-07-06,2.3,4.8,mpn/100mL,N,NA
Phalen,62001300,2023-07-06,2.3,4.8,mpn/100mL,N,NA
Phalen,62001300,2023-06-27,8.8,4.3,mpn/100mL,N,NA
Phalen,62001300,2023-06-27,8.8,4.3,mpn/100mL,N,NA
Phalen,62001300,2023-06-20,7.9,3,mpn/100mL,N,NA
Phalen,62001300,2023-06-20,7.9,3,mpn/100mL,N,NA
Phalen,62001300,2023-06-13,3.6,2.4,mpn/100mL,N,NA
Phalen,62001300,2023-06-13,3.6,2.4,mpn/100mL,N,NA
Phalen,62001300,2023-06-06,4.3,2.1,mpn/100mL,N,NA
Phalen,62001300,2023-06-06,4.3,2.1,mpn/100mL,N,NA
Phalen,62001300,2023-05-30,1.4,1.4,mpn/100mL,N,NA
Phalen,62001300,2023-05-30,1.4,1.4,mpn/100mL,N,NA
Phalen,62001300,2023-05-23,1.4,1.4,mpn/100mL,N,NA
Phalen,62001300,2023-05-23,1.4,1.4,mpn/100mL,N,NA
Phalen,62001300,2022-08-30,87.3,14.8,mpn/100mL,N,NA
Phalen,62001300,2022-08-30,87.3,14.8,mpn/100mL,N,NA
Phalen,62001300,2022-08-23,17.2,10.2,mpn/100mL,N,NA
Phalen,62001300,2022-08-23,17.2,10.2,mpn/100mL,N,NA
Phalen,62001300,2022-08-16,7.5,5.8,mpn/100mL,N,NA
Phalen,62001300,2022-08-16,7.5,5.8,mpn/100mL,N,NA
Phalen,62001300,2022-08-09,4,3.9,mpn/100mL,N,NA
Phalen,62001300,2022-08-09,4,3.9,mpn/100mL,N,NA
Phalen,62001300,2022-08-02,15.8,2.9,mpn/100mL,N,NA
Phalen,62001300,2022-08-02,15.8,2.9,mpn/100mL,N,NA
Phalen,62001300,2022-07-26,13.4,2.6,mpn/100mL,N,NA
Phalen,62001300,2022-07-26,13.4,2.6,mpn/100mL,N,NA
Phalen,62001300,2022-07-19,1,2.2,mpn/100mL,N,NA
Phalen,62001300,2022-07-19,1,2.2,mpn/100mL,N,NA
Phalen,62001300,2022-07-12,1,3,mpn/100mL,N,NA
Phalen,62001300,2022-07-12,1,3,mpn/100mL,N,NA
Phalen,62001300,2022-07-05,1,3.6,mpn/100mL,N,NA
Phalen,62001300,2022-07-05,1,3.6,mpn/100mL,N,NA
Phalen,62001300,2022-06-28,9.7,11,mpn/100mL,N,NA
Phalen,62001300,2022-06-28,9.7,11,mpn/100mL,N,NA
Phalen,62001300,2022-06-21,5.1,13.4,mpn/100mL,N,NA
Phalen,62001300,2022-06-21,5.1,13.4,mpn/100mL,N,NA
Phalen,62001300,2022-06-14,5.1,17.1,mpn/100mL,N,NA
Phalen,62001300,2022-06-14,5.1,17.1,mpn/100mL,N,NA
Phalen,62001300,2022-06-07,2.4,25.4,mpn/100mL,N,NA
Phalen,62001300,2022-06-07,2.4,25.4,mpn/100mL,N,NA
Phalen,62001300,2022-05-31,255,81.9,mpn/100mL,N,NA
Phalen,62001300,2022-05-31,255,81.9,mpn/100mL,N,NA
Phalen,62001300,2022-05-24,26.3,26.3,mpn/100mL,N,NA
Phalen,62001300,2022-05-24,26.3,26.3,mpn/100mL,N,NA
Phalen,62001300,2021-08-31,44.9,55.6,mpn/100mL,N,NA
Phalen,62001300,2021-08-31,44.9,55.6,mpn/100mL,N,NA
Phalen,62001300,2021-08-24,278.3,40.4,mpn/100mL,N,NA
Phalen,62001300,2021-08-24,278.3,40.4,mpn/100mL,N,NA
Phalen,62001300,2021-08-17,11.7,25.5,mpn/100mL,N,NA
Phalen,62001300,2021-08-17,11.7,25.5,mpn/100mL,N,NA
Phalen,62001300,2021-08-10,82.7,33.9,mpn/100mL,N,NA
Phalen,62001300,2021-08-10,82.7,33.9,mpn/100mL,N,NA
Phalen,62001300,2021-08-03,43.9,44.1,mpn/100mL,N,NA
Phalen,62001300,2021-08-03,43.9,44.1,mpn/100mL,N,NA
Phalen,62001300,2021-07-27,9.1,73.1,mpn/100mL,N,NA
Phalen,62001300,2021-07-27,9.1,73.1,mpn/100mL,N,NA
Phalen,62001300,2021-07-20,28,58.2,mpn/100mL,N,NA
Phalen,62001300,2021-07-20,28,58.2,mpn/100mL,N,NA
Phalen,62001300,2021-07-13,48.1,42.1,mpn/100mL,N,NA
Phalen,62001300,2021-07-13,48.1,42.1,mpn/100mL,N,NA
Phalen,62001300,2021-07-06,310.6,22.8,mpn/100mL,N,NA
Phalen,62001300,2021-07-06,310.6,22.8,mpn/100mL,N,NA
Phalen,62001300,2021-06-29,547.2,10.3,mpn/100mL,N,NA
Phalen,62001300,2021-06-29,547.2,10.3,mpn/100mL,N,NA
Phalen,62001300,2021-06-22,2.9,6.6,mpn/100mL,N,NA
Phalen,62001300,2021-06-22,2.9,6.6,mpn/100mL,N,NA
Phalen,62001300,2021-06-15,5.6,8.1,mpn/100mL,N,NA
Phalen,62001300,2021-06-15,5.6,8.1,mpn/100mL,N,NA
Phalen,62001300,2021-06-08,2.3,9.2,mpn/100mL,N,NA
Phalen,62001300,2021-06-08,2.3,9.2,mpn/100mL,N,NA
Phalen,62001300,2021-06-01,5.7,18.7,mpn/100mL,N,NA
Phalen,62001300,2021-06-01,5.7,18.7,mpn/100mL,N,NA
Phalen,62001300,2021-05-25,61,61,mpn/100mL,N,NA
Phalen,62001300,2021-05-25,61,61,mpn/100mL,N,NA
Phalen,62001300,2015-09-01,928.7,50,mpn/100mL,N,NA
Phalen,62001300,2015-09-01,928.7,50,mpn/100mL,N,NA
Phalen,62001300,2015-08-25,8.7,27.7,mpn/100mL,N,NA
Phalen,62001300,2015-08-25,8.7,27.7,mpn/100mL,N,NA
Phalen,62001300,2015-08-18,114,24.4,mpn/100mL,N,NA
Phalen,62001300,2015-08-18,114,24.4,mpn/100mL,N,NA
Phalen,62001300,2015-08-11,14.5,21.6,mpn/100mL,N,NA
Phalen,62001300,2015-08-11,14.5,21.6,mpn/100mL,N,NA
Phalen,62001300,2015-08-04,23.5,43.2,mpn/100mL,N,NA
Phalen,62001300,2015-08-04,23.5,43.2,mpn/100mL,N,NA
Phalen,62001300,2015-07-28,48.4,41.7,mpn/100mL,N,NA
Phalen,62001300,2015-07-28,48.4,41.7,mpn/100mL,N,NA
Phalen,62001300,2015-07-21,4.6,29.9,mpn/100mL,N,NA
Phalen,62001300,2015-07-21,4.6,29.9,mpn/100mL,N,NA
Phalen,62001300,2015-07-14,62.4,22,mpn/100mL,N,NA
Phalen,62001300,2015-07-14,62.4,22,mpn/100mL,N,NA
Phalen,62001300,2015-07-07,461,19.6,mpn/100mL,N,NA
Phalen,62001300,2015-07-07,461,19.6,mpn/100mL,N,NA
Phalen,62001300,2015-06-30,19.6,7.5,mpn/100mL,N,NA
Phalen,62001300,2015-06-30,19.6,7.5,mpn/100mL,N,NA
Phalen,62001300,2015-06-23,9.1,9.4,mpn/100mL,N,NA
Phalen,62001300,2015-06-23,9.1,9.4,mpn/100mL,N,NA
Phalen,62001300,2015-06-16,1,10.4,mpn/100mL,N,NA
Phalen,62001300,2015-06-16,1,10.4,mpn/100mL,N,NA
Phalen,62001300,2015-06-09,34.7,18.7,mpn/100mL,N,NA
Phalen,62001300,2015-06-09,34.7,18.7,mpn/100mL,N,NA
Phalen,62001300,2015-06-02,3.9,15.3,mpn/100mL,N,NA
Phalen,62001300,2015-06-02,3.9,15.3,mpn/100mL,N,NA
Phalen,62001300,2015-05-26,58.7,30.1,mpn/100mL,N,NA
Phalen,62001300,2015-05-26,58.7,30.1,mpn/100mL,N,NA
Phalen,62001300,2015-05-19,15.5,15.5,mpn/100mL,N,NA
Phalen,62001300,2015-05-19,15.5,15.5,mpn/100mL,N,NA
Phalen,62001300,2014-08-26,10.3,4.7,mpn/100mL,N,NA
Phalen,62001300,2014-08-26,10.3,4.7,mpn/100mL,N,NA
Phalen,62001300,2014-08-19,10.6,4.6,mpn/100mL,N,NA
Phalen,62001300,2014-08-19,10.6,4.6,mpn/100mL,N,NA
Phalen,62001300,2014-08-12,5.9,3.5,mpn/100mL,N,NA
Phalen,62001300,2014-08-12,5.9,3.5,mpn/100mL,N,NA
Phalen,62001300,2014-08-05,2.5,5.2,mpn/100mL,N,NA
Phalen,62001300,2014-08-05,2.5,5.2,mpn/100mL,N,NA
Phalen,62001300,2014-07-29,1.4,7.7,mpn/100mL,N,NA
Phalen,62001300,2014-07-29,1.4,7.7,mpn/100mL,N,NA
Phalen,62001300,2014-07-22,9.5,14.9,mpn/100mL,N,NA
Phalen,62001300,2014-07-22,9.5,14.9,mpn/100mL,N,NA
Phalen,62001300,2014-07-15,2.5,19.9,mpn/100mL,N,NA
Phalen,62001300,2014-07-15,2.5,19.9,mpn/100mL,N,NA
Phalen,62001300,2014-07-08,47.2,17.8,mpn/100mL,N,NA
Phalen,62001300,2014-07-08,47.2,17.8,mpn/100mL,N,NA
Phalen,62001300,2014-07-01,17,12.8,mpn/100mL,N,NA
Phalen,62001300,2014-07-01,17,12.8,mpn/100mL,N,NA
Phalen,62001300,2014-06-24,38.9,21.7,mpn/100mL,N,NA
Phalen,62001300,2014-06-24,38.9,21.7,mpn/100mL,N,NA
Phalen,62001300,2014-06-17,40.6,19.4,mpn/100mL,N,NA
Phalen,62001300,2014-06-17,40.6,19.4,mpn/100mL,N,NA
Phalen,62001300,2014-06-10,1.4,16.1,mpn/100mL,N,NA
Phalen,62001300,2014-06-10,1.4,16.1,mpn/100mL,N,NA
Phalen,62001300,2014-06-03,9.2,36.2,mpn/100mL,N,NA
Phalen,62001300,2014-06-03,9.2,36.2,mpn/100mL,N,NA
Phalen,62001300,2014-05-27,232.7,71.7,mpn/100mL,N,NA
Phalen,62001300,2014-05-27,232.7,71.7,mpn/100mL,N,NA
Phalen,62001300,2014-05-20,22.1,22.1,mpn/100mL,N,NA
Phalen,62001300,2014-05-20,22.1,22.1,mpn/100mL,N,NA
Phalen,62001300,2013-08-27,27.9,17.9,mpn/100mL,N,NA
Phalen,62001300,2013-08-27,27.9,17.9,mpn/100mL,N,NA
Phalen,62001300,2013-08-20,344.8,13.1,mpn/100mL,N,NA
Phalen,62001300,2013-08-20,344.8,13.1,mpn/100mL,N,NA
Phalen,62001300,2013-08-13,2,5,mpn/100mL,N,NA
Phalen,62001300,2013-08-13,2,5,mpn/100mL,N,NA
Phalen,62001300,2013-08-06,17.1,16.2,mpn/100mL,N,NA
Phalen,62001300,2013-08-06,17.1,16.2,mpn/100mL,N,NA
Phalen,62001300,2013-07-30,5.5,18.3,mpn/100mL,N,NA
Phalen,62001300,2013-07-30,5.5,18.3,mpn/100mL,N,NA
Phalen,62001300,2013-07-23,5.8,28.4,mpn/100mL,N,NA
Phalen,62001300,2013-07-23,5.8,28.4,mpn/100mL,N,NA
Phalen,62001300,2013-07-16,2.9,35.6,mpn/100mL,N,NA
Phalen,62001300,2013-07-16,2.9,35.6,mpn/100mL,N,NA
Phalen,62001300,2013-07-09,710,47.4,mpn/100mL,N,NA
Phalen,62001300,2013-07-09,710,47.4,mpn/100mL,N,NA
Phalen,62001300,2013-07-02,31,19.6,mpn/100mL,N,NA
Phalen,62001300,2013-07-02,31,19.6,mpn/100mL,N,NA
Phalen,62001300,2013-06-25,50.1,14.2,mpn/100mL,N,NA
Phalen,62001300,2013-06-25,50.1,14.2,mpn/100mL,N,NA
Phalen,62001300,2013-06-18,18,10.5,mpn/100mL,N,NA
Phalen,62001300,2013-06-18,18,10.5,mpn/100mL,N,NA
Phalen,62001300,2013-06-11,12,9.2,mpn/100mL,N,NA
Phalen,62001300,2013-06-11,12,9.2,mpn/100mL,N,NA
Phalen,62001300,2013-06-04,8.5,8.4,mpn/100mL,N,NA
Phalen,62001300,2013-06-04,8.5,8.4,mpn/100mL,N,NA
Phalen,62001300,2013-05-28,6.3,8.4,mpn/100mL,N,NA
Phalen,62001300,2013-05-28,6.3,8.4,mpn/100mL,N,NA
Phalen,62001300,2013-05-21,11.1,11.1,mpn/100mL,N,NA
Phalen,62001300,2013-05-21,11.1,11.1,mpn/100mL,N,NA
Phalen,62001300,2012-08-29,172.9,25,mpn/100mL,N,NA
Phalen,62001300,2012-08-29,172.9,25,mpn/100mL,N,NA
Phalen,62001300,2012-08-21,279.3,19,mpn/100mL,N,NA
Phalen,62001300,2012-08-21,279.3,19,mpn/100mL,N,NA
Phalen,62001300,2012-08-14,8.5,12.9,mpn/100mL,N,NA
Phalen,62001300,2012-08-14,8.5,12.9,mpn/100mL,N,NA
Phalen,62001300,2012-08-07,5.9,11.4,mpn/100mL,N,NA
Phalen,62001300,2012-08-07,5.9,11.4,mpn/100mL,N,NA
Phalen,62001300,2012-07-31,4,12.3,mpn/100mL,N,NA
Phalen,62001300,2012-07-31,4,12.3,mpn/100mL,N,NA
Phalen,62001300,2012-07-24,44.2,26,mpn/100mL,N,NA
Phalen,62001300,2012-07-24,44.2,26,mpn/100mL,N,NA
Phalen,62001300,2012-07-17,39.8,33,mpn/100mL,N,NA
Phalen,62001300,2012-07-17,39.8,33,mpn/100mL,N,NA
Phalen,62001300,2012-07-10,4.6,26.5,mpn/100mL,N,NA
Phalen,62001300,2012-07-10,4.6,26.5,mpn/100mL,N,NA
Phalen,62001300,2012-07-05,8.5,23.9,mpn/100mL,N,NA
Phalen,62001300,2012-07-05,8.5,23.9,mpn/100mL,N,NA
Phalen,62001300,2012-06-26,170.1,30.8,mpn/100mL,N,NA
Phalen,62001300,2012-06-26,170.1,30.8,mpn/100mL,N,NA
Phalen,62001300,2012-06-19,145.9,17.5,mpn/100mL,N,NA
Phalen,62001300,2012-06-19,145.9,17.5,mpn/100mL,N,NA
Phalen,62001300,2012-06-12,13.3,6,mpn/100mL,N,NA
Phalen,62001300,2012-06-12,13.3,6,mpn/100mL,N,NA
Phalen,62001300,2012-06-05,2.7,2.7,mpn/100mL,N,NA
Phalen,62001300,2012-06-05,2.7,2.7,mpn/100mL,N,NA
Phalen,62001300,2011-08-30,47.2,54.5,mpn/100mL,N,NA
Phalen,62001300,2011-08-30,47.2,54.5,mpn/100mL,N,NA
Phalen,62001300,2011-08-23,55.6,33.8,mpn/100mL,N,NA
Phalen,62001300,2011-08-23,55.6,33.8,mpn/100mL,N,NA
Phalen,62001300,2011-08-16,218.6,45.8,mpn/100mL,N,NA
Phalen,62001300,2011-08-16,218.6,45.8,mpn/100mL,N,NA
Phalen,62001300,2011-08-09,1,26.4,mpn/100mL,N,NA
Phalen,62001300,2011-08-09,1,26.4,mpn/100mL,N,NA
Phalen,62001300,2011-08-02,841,45.4,mpn/100mL,N,NA
Phalen,62001300,2011-08-02,841,45.4,mpn/100mL,N,NA
Phalen,62001300,2011-07-26,4.3,27.2,mpn/100mL,N,NA
Phalen,62001300,2011-07-26,4.3,27.2,mpn/100mL,N,NA
Phalen,62001300,2011-07-19,253.5,46.9,mpn/100mL,N,NA
Phalen,62001300,2011-07-19,253.5,46.9,mpn/100mL,N,NA
Phalen,62001300,2011-07-12,13.7,24.3,mpn/100mL,N,NA
Phalen,62001300,2011-07-12,13.7,24.3,mpn/100mL,N,NA
Phalen,62001300,2011-07-05,15.2,24.5,mpn/100mL,N,NA
Phalen,62001300,2011-07-05,15.2,24.5,mpn/100mL,N,NA
Phalen,62001300,2011-06-28,65.2,21.4,mpn/100mL,N,NA
Phalen,62001300,2011-06-28,65.2,21.4,mpn/100mL,N,NA
Phalen,62001300,2011-06-21,65.6,13.6,mpn/100mL,N,NA
Phalen,62001300,2011-06-21,65.6,13.6,mpn/100mL,N,NA
Phalen,62001300,2011-06-14,9.6,9.2,mpn/100mL,N,NA
Phalen,62001300,2011-06-14,9.6,9.2,mpn/100mL,N,NA
Phalen,62001300,2011-06-07,14.2,9,mpn/100mL,N,NA
Phalen,62001300,2011-06-07,14.2,9,mpn/100mL,N,NA
Phalen,62001300,2011-05-31,7.8,7.2,mpn/100mL,N,NA
Phalen,62001300,2011-05-31,7.8,7.2,mpn/100mL,N,NA
Phalen,62001300,2011-05-24,6.6,6.6,mpn/100mL,N,NA
Phalen,62001300,2011-05-24,6.6,6.6,mpn/100mL,N,NA
Phalen,62001300,2010-09-07,1492.6,675.1,mpn/100mL,Y,ecoli_30dayGM
Phalen,62001300,2010-09-07,1492.6,675.1,mpn/100mL,Y,ecoli_30dayGM
Phalen,62001300,2010-09-02,455.2,231.8,mpn/100mL,Y,ecoli_30dayGM
Phalen,62001300,2010-09-02,455.2,231.8,mpn/100mL,Y,ecoli_30dayGM
Phalen,62001300,2010-08-31,2419.6,202.6,mpn/100mL,Y,ecoli_30dayGM
Phalen,62001300,2010-08-31,2419.6,202.6,mpn/100mL,Y,ecoli_30dayGM
Phalen,62001300,2010-08-24,28.6,117.7,mpn/100mL,N,NA
Phalen,62001300,2010-08-24,28.6,117.7,mpn/100mL,N,NA
Phalen,62001300,2010-08-17,830.9,73.3,mpn/100mL,N,NA
Phalen,62001300,2010-08-17,830.9,73.3,mpn/100mL,N,NA
Phalen,62001300,2010-08-10,2419.6,34.9,mpn/100mL,N,NA
Phalen,62001300,2010-08-10,2419.6,34.9,mpn/100mL,N,NA
Phalen,62001300,2010-08-03,2.4,15,mpn/100mL,N,NA
Phalen,62001300,2010-08-03,2.4,15,mpn/100mL,N,NA
Phalen,62001300,2010-07-27,160.3,27,mpn/100mL,N,NA
Phalen,62001300,2010-07-27,160.3,27,mpn/100mL,N,NA
Phalen,62001300,2010-07-20,2.7,17.8,mpn/100mL,N,NA
Phalen,62001300,2010-07-20,2.7,17.8,mpn/100mL,N,NA
Phalen,62001300,2010-07-13,20.3,22.2,mpn/100mL,N,NA
Phalen,62001300,2010-07-13,20.3,22.2,mpn/100mL,N,NA
Phalen,62001300,2010-07-06,35.6,32.1,mpn/100mL,N,NA
Phalen,62001300,2010-07-06,35.6,32.1,mpn/100mL,N,NA
Phalen,62001300,2010-06-29,46.5,27.8,mpn/100mL,N,NA
Phalen,62001300,2010-06-29,46.5,27.8,mpn/100mL,N,NA
Phalen,62001300,2010-06-22,19.9,19.5,mpn/100mL,N,NA
Phalen,62001300,2010-06-22,19.9,19.5,mpn/100mL,N,NA
Phalen,62001300,2010-06-15,8,19.4,mpn/100mL,N,NA
Phalen,62001300,2010-06-15,8,19.4,mpn/100mL,N,NA
Phalen,62001300,2010-06-08,128.8,26.1,mpn/100mL,N,NA
Phalen,62001300,2010-06-08,128.8,26.1,mpn/100mL,N,NA
Phalen,62001300,2010-06-02,17.3,11.7,mpn/100mL,N,NA
Phalen,62001300,2010-06-02,17.3,11.7,mpn/100mL,N,NA
Phalen,62001300,2010-05-25,7.9,7.9,mpn/100mL,N,NA
Phalen,62001300,2010-05-25,7.9,7.9,mpn/100mL,N,NA
Phalen,62001300,2009-08-18,99.6,40.8,mpn/100mL,N,NA
Phalen,62001300,2009-08-18,99.6,40.8,mpn/100mL,N,NA
Phalen,62001300,2009-08-11,23.9,22.9,mpn/100mL,N,NA
Phalen,62001300,2009-08-11,23.9,22.9,mpn/100mL,N,NA
Phalen,62001300,2009-08-04,40.1,13,mpn/100mL,N,NA
Phalen,62001300,2009-08-04,40.1,13,mpn/100mL,N,NA
Phalen,62001300,2009-07-28,8.5,6.2,mpn/100mL,N,NA
Phalen,62001300,2009-07-28,8.5,6.2,mpn/100mL,N,NA
Phalen,62001300,2009-07-21,139.8,8.2,mpn/100mL,N,NA
Phalen,62001300,2009-07-21,139.8,8.2,mpn/100mL,N,NA
Phalen,62001300,2009-07-14,5.5,4.3,mpn/100mL,N,NA
Phalen,62001300,2009-07-14,5.5,4.3,mpn/100mL,N,NA
Phalen,62001300,2009-07-07,1.4,3.8,mpn/100mL,N,NA
Phalen,62001300,2009-07-07,1.4,3.8,mpn/100mL,N,NA
Phalen,62001300,2009-06-30,1,8.3,mpn/100mL,N,NA
Phalen,62001300,2009-06-30,1,8.3,mpn/100mL,N,NA
Phalen,62001300,2009-06-23,33.7,9.3,mpn/100mL,N,NA
Phalen,62001300,2009-06-23,33.7,9.3,mpn/100mL,N,NA
Phalen,62001300,2009-06-16,5.5,4.6,mpn/100mL,N,NA
Phalen,62001300,2009-06-16,5.5,4.6,mpn/100mL,N,NA
Phalen,62001300,2009-06-09,3,4.4,mpn/100mL,N,NA
Phalen,62001300,2009-06-09,3,4.4,mpn/100mL,N,NA
Phalen,62001300,2009-06-02,69.5,5,mpn/100mL,N,NA
Phalen,62001300,2009-06-02,69.5,5,mpn/100mL,N,NA
Phalen,62001300,2009-05-26,1.8,1.3,mpn/100mL,N,NA
Phalen,62001300,2009-05-26,1.8,1.3,mpn/100mL,N,NA
Phalen,62001300,2009-05-19,1,1,mpn/100mL,N,NA
Phalen,62001300,2009-05-19,1,1,mpn/100mL,N,NA
Phalen,62001300,2008-08-26,1,5.8,mpn/100mL,N,NA
Phalen,62001300,2008-08-26,1,5.8,mpn/100mL,N,NA
Phalen,62001300,2008-08-19,17.8,5.8,mpn/100mL,N,NA
Phalen,62001300,2008-08-19,17.8,5.8,mpn/100mL,N,NA
Phalen,62001300,2008-08-12,22.7,4.9,mpn/100mL,N,NA
Phalen,62001300,2008-08-12,22.7,4.9,mpn/100mL,N,NA
Phalen,62001300,2008-08-05,2.9,3.3,mpn/100mL,N,NA
Phalen,62001300,2008-08-05,2.9,3.3,mpn/100mL,N,NA
Phalen,62001300,2008-07-29,5.9,3.7,mpn/100mL,N,NA
Phalen,62001300,2008-07-29,5.9,3.7,mpn/100mL,N,NA
Phalen,62001300,2008-07-22,1,2.8,mpn/100mL,N,NA
Phalen,62001300,2008-07-22,1,2.8,mpn/100mL,N,NA
Phalen,62001300,2008-07-15,7.3,5.1,mpn/100mL,N,NA
Phalen,62001300,2008-07-15,7.3,5.1,mpn/100mL,N,NA
Phalen,62001300,2008-07-08,3.1,3.7,mpn/100mL,N,NA
Phalen,62001300,2008-07-08,3.1,3.7,mpn/100mL,N,NA
Phalen,62001300,2008-07-01,5.5,3.3,mpn/100mL,N,NA
Phalen,62001300,2008-07-01,5.5,3.3,mpn/100mL,N,NA
Phalen,62001300,2008-06-24,1.4,2.3,mpn/100mL,N,NA
Phalen,62001300,2008-06-24,1.4,2.3,mpn/100mL,N,NA
Phalen,62001300,2008-06-17,20.3,2.2,mpn/100mL,N,NA
Phalen,62001300,2008-06-17,20.3,2.2,mpn/100mL,N,NA
Phalen,62001300,2008-06-10,1.4,1.3,mpn/100mL,N,NA
Phalen,62001300,2008-06-10,1.4,1.3,mpn/100mL,N,NA
Phalen,62001300,2008-06-03,1.7,1.2,mpn/100mL,N,NA
Phalen,62001300,2008-06-03,1.7,1.2,mpn/100mL,N,NA
Phalen,62001300,2008-05-29,1,1,mpn/100mL,N,NA
Phalen,62001300,2008-05-29,1,1,mpn/100mL,N,NA
Phalen,62001300,2008-05-20,1,1,mpn/100mL,N,NA
Phalen,62001300,2008-05-20,1,1,mpn/100mL,N,NA
Phalen,62001300,2007-08-21,33.1,10.9,mpn/100mL,N,NA
Phalen,62001300,2007-08-21,33.1,10.9,mpn/100mL,N,NA
Phalen,62001300,2007-08-14,68.3,7.9,mpn/100mL,N,NA
Phalen,62001300,2007-08-14,68.3,7.9,mpn/100mL,N,NA
Phalen,62001300,2007-08-07,2.9,4.6,mpn/100mL,N,NA
Phalen,62001300,2007-08-07,2.9,4.6,mpn/100mL,N,NA
Phalen,62001300,2007-07-31,1.7,4.1,mpn/100mL,N,NA
Phalen,62001300,2007-07-31,1.7,4.1,mpn/100mL,N,NA
Phalen,62001300,2007-07-24,13.9,4.3,mpn/100mL,N,NA
Phalen,62001300,2007-07-24,13.9,4.3,mpn/100mL,N,NA
Phalen,62001300,2007-07-17,6.5,3.1,mpn/100mL,N,NA
Phalen,62001300,2007-07-17,6.5,3.1,mpn/100mL,N,NA
Phalen,62001300,2007-07-10,4.4,3.3,mpn/100mL,N,NA
Phalen,62001300,2007-07-10,4.4,3.3,mpn/100mL,N,NA
Phalen,62001300,2007-07-02,1.7,2.6,mpn/100mL,N,NA
Phalen,62001300,2007-07-02,1.7,2.6,mpn/100mL,N,NA
Phalen,62001300,2007-06-26,2,2.8,mpn/100mL,N,NA
Phalen,62001300,2007-06-26,2,2.8,mpn/100mL,N,NA
Phalen,62001300,2007-06-19,3,3.5,mpn/100mL,N,NA
Phalen,62001300,2007-06-19,3,3.5,mpn/100mL,N,NA
Phalen,62001300,2007-06-12,8.1,3.6,mpn/100mL,N,NA
Phalen,62001300,2007-06-12,8.1,3.6,mpn/100mL,N,NA
Phalen,62001300,2007-06-05,1.4,2.8,mpn/100mL,N,NA
Phalen,62001300,2007-06-05,1.4,2.8,mpn/100mL,N,NA
Phalen,62001300,2007-05-29,2.4,3.9,mpn/100mL,N,NA
Phalen,62001300,2007-05-29,2.4,3.9,mpn/100mL,N,NA
Phalen,62001300,2007-05-22,6.2,6.2,mpn/100mL,N,NA
Phalen,62001300,2007-05-22,6.2,6.2,mpn/100mL,N,NA
Phalen,62001300,2006-08-22,2,5.1,mpn/100mL,N,NA
Phalen,62001300,2006-08-22,2,5.1,mpn/100mL,N,NA
Phalen,62001300,2006-08-15,2.4,5.3,mpn/100mL,N,NA
Phalen,62001300,2006-08-15,2.4,5.3,mpn/100mL,N,NA
Phalen,62001300,2006-08-08,5.9,10.1,mpn/100mL,N,NA
Phalen,62001300,2006-08-08,5.9,10.1,mpn/100mL,N,NA
Phalen,62001300,2006-08-01,9.2,8.1,mpn/100mL,N,NA
Phalen,62001300,2006-08-01,9.2,8.1,mpn/100mL,N,NA
Phalen,62001300,2006-07-25,12.5,6.5,mpn/100mL,N,NA
Phalen,62001300,2006-07-25,12.5,6.5,mpn/100mL,N,NA
Phalen,62001300,2006-07-18,2.4,5.7,mpn/100mL,N,NA
Phalen,62001300,2006-07-18,2.4,5.7,mpn/100mL,N,NA
Phalen,62001300,2006-07-11,62.5,6.1,mpn/100mL,N,NA
Phalen,62001300,2006-07-11,62.5,6.1,mpn/100mL,N,NA
Phalen,62001300,2006-07-05,2,5.1,mpn/100mL,N,NA
Phalen,62001300,2006-07-05,2,5.1,mpn/100mL,N,NA
Phalen,62001300,2006-06-27,2.9,19.1,mpn/100mL,N,NA
Phalen,62001300,2006-06-27,2.9,19.1,mpn/100mL,N,NA
Phalen,62001300,2006-06-20,6.9,24.5,mpn/100mL,N,NA
Phalen,62001300,2006-06-20,6.9,24.5,mpn/100mL,N,NA
Phalen,62001300,2006-06-13,3.2,31.5,mpn/100mL,N,NA
Phalen,62001300,2006-06-13,3.2,31.5,mpn/100mL,N,NA
Phalen,62001300,2006-06-06,26.8,55.7,mpn/100mL,N,NA
Phalen,62001300,2006-06-06,26.8,55.7,mpn/100mL,N,NA
Phalen,62001300,2006-06-01,15.8,71,mpn/100mL,N,NA
Phalen,62001300,2006-06-01,15.8,71,mpn/100mL,N,NA
Phalen,62001300,2006-05-30,1732.9,150.7,mpn/100mL,Y,ecoli_30dayGM
Phalen,62001300,2006-05-30,1732.9,150.7,mpn/100mL,Y,ecoli_30dayGM
Phalen,62001300,2006-05-23,13.1,13.1,mpn/100mL,N,NA
Phalen,62001300,2006-05-23,13.1,13.1,mpn/100mL,N,NA
Phalen,62001300,2005-08-16,31.7,121,mpn/100mL,N,NA
Phalen,62001300,2005-08-16,31.7,121,mpn/100mL,N,NA
Phalen,62001300,2005-08-11,3.1,76.3,mpn/100mL,N,NA
Phalen,62001300,2005-08-11,3.1,76.3,mpn/100mL,N,NA
Phalen,62001300,2005-08-09,500.9,144.5,mpn/100mL,Y,ecoli_30dayGM
Phalen,62001300,2005-08-09,500.9,144.5,mpn/100mL,Y,ecoli_30dayGM
Phalen,62001300,2005-08-04,181.7,105.9,mpn/100mL,N,NA
Phalen,62001300,2005-08-04,181.7,105.9,mpn/100mL,N,NA
Phalen,62001300,2005-08-02,1982.9,88.5,mpn/100mL,N,NA
Phalen,62001300,2005-08-02,1982.9,88.5,mpn/100mL,N,NA
Phalen,62001300,2005-07-26,174.7,25.2,mpn/100mL,N,NA
Phalen,62001300,2005-07-26,174.7,25.2,mpn/100mL,N,NA
Phalen,62001300,2005-07-12,2,22.9,mpn/100mL,N,NA
Phalen,62001300,2005-07-12,2,22.9,mpn/100mL,N,NA
Phalen,62001300,2005-06-28,46,77.4,mpn/100mL,N,NA
Phalen,62001300,2005-06-28,46,77.4,mpn/100mL,N,NA
Phalen,62001300,2005-06-21,130.2,130.2,mpn/100mL,Y,ecoli_30dayGM
Phalen,62001300,2005-06-21,130.2,130.2,mpn/100mL,Y,ecoli_30dayGM
Phalen,62001300,2004-08-17,53.1,26.4,mpn/100mL,N,NA
Phalen,62001300,2004-08-17,53.1,26.4,mpn/100mL,N,NA
Phalen,62001300,2004-08-10,12.6,30,mpn/100mL,N,NA
Phalen,62001300,2004-08-10,12.6,30,mpn/100mL,N,NA
Phalen,62001300,2004-08-03,20.5,35.1,mpn/100mL,N,NA
Phalen,62001300,2004-08-03,20.5,35.1,mpn/100mL,N,NA
Phalen,62001300,2004-07-27,14.6,40.2,mpn/100mL,N,NA
Phalen,62001300,2004-07-27,14.6,40.2,mpn/100mL,N,NA
Phalen,62001300,2004-07-20,64.5,56.2,mpn/100mL,N,NA
Phalen,62001300,2004-07-20,64.5,56.2,mpn/100mL,N,NA
Phalen,62001300,2004-07-13,99.1,52.5,mpn/100mL,N,NA
Phalen,62001300,2004-07-13,99.1,52.5,mpn/100mL,N,NA
Phalen,62001300,2004-07-06,27.8,27.8,mpn/100mL,N,NA
Phalen,62001300,2004-07-06,27.8,27.8,mpn/100mL,N,NA
White Bear,82016700,2024-08-27,5.1,27.1,mpn/100mL,N,NA
White Bear,82016700,2024-08-27,5.1,27.1,mpn/100mL,N,NA
White Bear,82016700,2024-08-20,27.2,58.7,mpn/100mL,N,NA
White Bear,82016700,2024-08-20,27.2,58.7,mpn/100mL,N,NA
White Bear,82016700,2024-08-13,1.4,51.8,mpn/100mL,N,NA
White Bear,82016700,2024-08-13,1.4,51.8,mpn/100mL,N,NA
White Bear,82016700,2024-08-06,246,95.3,mpn/100mL,N,NA
White Bear,82016700,2024-08-06,246,95.3,mpn/100mL,N,NA
White Bear,82016700,2024-07-30,306.1,70.4,mpn/100mL,N,NA
White Bear,82016700,2024-07-30,306.1,70.4,mpn/100mL,N,NA
White Bear,82016700,2024-07-23,241.3,25.1,mpn/100mL,N,NA
White Bear,82016700,2024-07-23,241.3,25.1,mpn/100mL,N,NA
White Bear,82016700,2024-07-16,14.6,24.1,mpn/100mL,N,NA
White Bear,82016700,2024-07-16,14.6,24.1,mpn/100mL,N,NA
White Bear,82016700,2024-07-09,29.7,26.6,mpn/100mL,N,NA
White Bear,82016700,2024-07-09,29.7,26.6,mpn/100mL,N,NA
White Bear,82016700,2024-07-02,54.3,14.5,mpn/100mL,N,NA
White Bear,82016700,2024-07-02,54.3,14.5,mpn/100mL,N,NA
White Bear,82016700,2024-06-25,1.8,8.1,mpn/100mL,N,NA
White Bear,82016700,2024-06-25,1.8,8.1,mpn/100mL,N,NA
White Bear,82016700,2024-06-18,196.6,11.7,mpn/100mL,N,NA
White Bear,82016700,2024-06-18,196.6,11.7,mpn/100mL,N,NA
White Bear,82016700,2024-06-11,23.9,5.8,mpn/100mL,N,NA
White Bear,82016700,2024-06-11,23.9,5.8,mpn/100mL,N,NA
White Bear,82016700,2024-06-04,1.4,3.6,mpn/100mL,N,NA
White Bear,82016700,2024-06-04,1.4,3.6,mpn/100mL,N,NA
White Bear,82016700,2024-05-28,3,5.8,mpn/100mL,N,NA
White Bear,82016700,2024-05-28,3,5.8,mpn/100mL,N,NA
White Bear,82016700,2024-05-21,11.1,11.1,mpn/100mL,N,NA
White Bear,82016700,2024-05-21,11.1,11.1,mpn/100mL,N,NA
White Bear,82016700,2023-08-29,109.4,17.2,mpn/100mL,N,NA
White Bear,82016700,2023-08-29,109.4,17.2,mpn/100mL,N,NA
White Bear,82016700,2023-08-22,11.6,7.7,mpn/100mL,N,NA
White Bear,82016700,2023-08-22,11.6,7.7,mpn/100mL,N,NA
White Bear,82016700,2023-08-15,410.4,17.6,mpn/100mL,N,NA
White Bear,82016700,2023-08-15,410.4,17.6,mpn/100mL,N,NA
White Bear,82016700,2023-08-08,2,10.3,mpn/100mL,N,NA
White Bear,82016700,2023-08-08,2,10.3,mpn/100mL,N,NA
White Bear,82016700,2023-08-01,1.4,12,mpn/100mL,N,NA
White Bear,82016700,2023-08-01,1.4,12,mpn/100mL,N,NA
White Bear,82016700,2023-07-25,2,14,mpn/100mL,N,NA
White Bear,82016700,2023-07-25,2,14,mpn/100mL,N,NA
White Bear,82016700,2023-07-18,711.8,12.1,mpn/100mL,N,NA
White Bear,82016700,2023-07-18,711.8,12.1,mpn/100mL,N,NA
White Bear,82016700,2023-07-11,27.9,4.3,mpn/100mL,N,NA
White Bear,82016700,2023-07-11,27.9,4.3,mpn/100mL,N,NA
White Bear,82016700,2023-07-06,4.4,4.8,mpn/100mL,N,NA
White Bear,82016700,2023-07-06,4.4,4.8,mpn/100mL,N,NA
White Bear,82016700,2023-06-27,3,3.8,mpn/100mL,N,NA
White Bear,82016700,2023-06-27,3,3.8,mpn/100mL,N,NA
White Bear,82016700,2023-06-20,1,3.4,mpn/100mL,N,NA
White Bear,82016700,2023-06-20,1,3.4,mpn/100mL,N,NA
White Bear,82016700,2023-06-13,3.9,4.7,mpn/100mL,N,NA
White Bear,82016700,2023-06-13,3.9,4.7,mpn/100mL,N,NA
White Bear,82016700,2023-06-06,48.1,4.9,mpn/100mL,N,NA
White Bear,82016700,2023-06-06,48.1,4.9,mpn/100mL,N,NA
White Bear,82016700,2023-05-30,1.4,1.6,mpn/100mL,N,NA
White Bear,82016700,2023-05-30,1.4,1.6,mpn/100mL,N,NA
White Bear,82016700,2023-05-23,1.8,1.8,mpn/100mL,N,NA
White Bear,82016700,2023-05-23,1.8,1.8,mpn/100mL,N,NA
White Bear,82016700,2022-08-30,83.4,42.4,mpn/100mL,N,NA
White Bear,82016700,2022-08-30,83.4,42.4,mpn/100mL,N,NA
White Bear,82016700,2022-08-23,162.2,33.4,mpn/100mL,N,NA
White Bear,82016700,2022-08-23,162.2,33.4,mpn/100mL,N,NA
White Bear,82016700,2022-08-16,39.7,14.5,mpn/100mL,N,NA
White Bear,82016700,2022-08-16,39.7,14.5,mpn/100mL,N,NA
White Bear,82016700,2022-08-09,55.2,19.1,mpn/100mL,N,NA
White Bear,82016700,2022-08-09,55.2,19.1,mpn/100mL,N,NA
White Bear,82016700,2022-08-02,4.6,16.2,mpn/100mL,N,NA
White Bear,82016700,2022-08-02,4.6,16.2,mpn/100mL,N,NA
White Bear,82016700,2022-07-26,25.5,19.1,mpn/100mL,N,NA
White Bear,82016700,2022-07-26,25.5,19.1,mpn/100mL,N,NA
White Bear,82016700,2022-07-19,2.5,10.7,mpn/100mL,N,NA
White Bear,82016700,2022-07-19,2.5,10.7,mpn/100mL,N,NA
White Bear,82016700,2022-07-12,156.3,15.6,mpn/100mL,N,NA
White Bear,82016700,2022-07-12,156.3,15.6,mpn/100mL,N,NA
White Bear,82016700,2022-07-05,24.6,7.5,mpn/100mL,N,NA
White Bear,82016700,2022-07-05,24.6,7.5,mpn/100mL,N,NA
White Bear,82016700,2022-06-28,10.3,5.2,mpn/100mL,N,NA
White Bear,82016700,2022-06-28,10.3,5.2,mpn/100mL,N,NA
White Bear,82016700,2022-06-21,1.4,3.9,mpn/100mL,N,NA
White Bear,82016700,2022-06-21,1.4,3.9,mpn/100mL,N,NA
White Bear,82016700,2022-06-14,16.3,5.1,mpn/100mL,N,NA
White Bear,82016700,2022-06-14,16.3,5.1,mpn/100mL,N,NA
White Bear,82016700,2022-06-07,4,3.4,mpn/100mL,N,NA
White Bear,82016700,2022-06-07,4,3.4,mpn/100mL,N,NA
White Bear,82016700,2022-05-31,4.1,3.2,mpn/100mL,N,NA
White Bear,82016700,2022-05-31,4.1,3.2,mpn/100mL,N,NA
White Bear,82016700,2022-05-24,2.5,2.5,mpn/100mL,N,NA
White Bear,82016700,2022-05-24,2.5,2.5,mpn/100mL,N,NA
White Bear,82016700,2021-08-31,322,85.2,mpn/100mL,N,NA
White Bear,82016700,2021-08-31,322,85.2,mpn/100mL,N,NA
White Bear,82016700,2021-08-24,346.3,84.3,mpn/100mL,N,NA
White Bear,82016700,2021-08-24,346.3,84.3,mpn/100mL,N,NA
White Bear,82016700,2021-08-17,299.5,49.8,mpn/100mL,N,NA
White Bear,82016700,2021-08-17,299.5,49.8,mpn/100mL,N,NA
White Bear,82016700,2021-08-10,8.5,36.7,mpn/100mL,N,NA
White Bear,82016700,2021-08-10,8.5,36.7,mpn/100mL,N,NA
White Bear,82016700,2021-08-03,15.7,63.7,mpn/100mL,N,NA
White Bear,82016700,2021-08-03,15.7,63.7,mpn/100mL,N,NA
White Bear,82016700,2021-07-27,305.3,91.3,mpn/100mL,N,NA
White Bear,82016700,2021-07-27,305.3,91.3,mpn/100mL,N,NA
White Bear,82016700,2021-07-20,24.9,31.2,mpn/100mL,N,NA
White Bear,82016700,2021-07-20,24.9,31.2,mpn/100mL,N,NA
White Bear,82016700,2021-07-13,65.3,25,mpn/100mL,N,NA
White Bear,82016700,2021-07-13,65.3,25,mpn/100mL,N,NA
White Bear,82016700,2021-07-06,134.4,25.3,mpn/100mL,N,NA
White Bear,82016700,2021-07-06,134.4,25.3,mpn/100mL,N,NA
White Bear,82016700,2021-06-29,95.3,13.7,mpn/100mL,N,NA
White Bear,82016700,2021-06-29,95.3,13.7,mpn/100mL,N,NA
White Bear,82016700,2021-06-22,1.4,6.3,mpn/100mL,N,NA
White Bear,82016700,2021-06-22,1.4,6.3,mpn/100mL,N,NA
White Bear,82016700,2021-06-15,8.3,9.2,mpn/100mL,N,NA
White Bear,82016700,2021-06-15,8.3,9.2,mpn/100mL,N,NA
White Bear,82016700,2021-06-08,69.7,9.5,mpn/100mL,N,NA
White Bear,82016700,2021-06-08,69.7,9.5,mpn/100mL,N,NA
White Bear,82016700,2021-06-01,6.2,3.5,mpn/100mL,N,NA
White Bear,82016700,2021-06-01,6.2,3.5,mpn/100mL,N,NA
White Bear,82016700,2021-05-25,2,2,mpn/100mL,N,NA
White Bear,82016700,2021-05-25,2,2,mpn/100mL,N,NA
White Bear,82016700,2008-08-26,2.9,1.7,mpn/100mL,N,NA
White Bear,82016700,2008-08-26,2.9,1.7,mpn/100mL,N,NA
White Bear,82016700,2008-08-19,1,1.4,mpn/100mL,N,NA
White Bear,82016700,2008-08-19,1,1.4,mpn/100mL,N,NA
White Bear,82016700,2008-08-12,2.3,2.1,mpn/100mL,N,NA
White Bear,82016700,2008-08-12,2.3,2.1,mpn/100mL,N,NA
White Bear,82016700,2008-08-05,1,2.1,mpn/100mL,N,NA
White Bear,82016700,2008-08-05,1,2.1,mpn/100mL,N,NA
White Bear,82016700,2008-07-30,2.4,2.6,mpn/100mL,N,NA
White Bear,82016700,2008-07-30,2.4,2.6,mpn/100mL,N,NA
White Bear,82016700,2008-07-22,1,2.6,mpn/100mL,N,NA
White Bear,82016700,2008-07-22,1,2.6,mpn/100mL,N,NA
White Bear,82016700,2008-07-15,7.8,2.9,mpn/100mL,N,NA
White Bear,82016700,2008-07-15,7.8,2.9,mpn/100mL,N,NA
White Bear,82016700,2008-07-08,2.3,2.2,mpn/100mL,N,NA
White Bear,82016700,2008-07-08,2.3,2.2,mpn/100mL,N,NA
White Bear,82016700,2008-07-01,2.9,3.1,mpn/100mL,N,NA
White Bear,82016700,2008-07-01,2.9,3.1,mpn/100mL,N,NA
White Bear,82016700,2008-06-24,2.4,2.5,mpn/100mL,N,NA
White Bear,82016700,2008-06-24,2.4,2.5,mpn/100mL,N,NA
White Bear,82016700,2008-06-17,1.7,2.5,mpn/100mL,N,NA
White Bear,82016700,2008-06-17,1.7,2.5,mpn/100mL,N,NA
White Bear,82016700,2008-06-10,2,2.8,mpn/100mL,N,NA
White Bear,82016700,2008-06-10,2,2.8,mpn/100mL,N,NA
White Bear,82016700,2008-06-03,11,3.3,mpn/100mL,N,NA
White Bear,82016700,2008-06-03,11,3.3,mpn/100mL,N,NA
White Bear,82016700,2008-05-27,1,1,mpn/100mL,N,NA
White Bear,82016700,2008-05-27,1,1,mpn/100mL,N,NA
White Bear,82016700,2007-08-28,50.9,11.7,mpn/100mL,N,NA
White Bear,82016700,2007-08-28,50.9,11.7,mpn/100mL,N,NA
White Bear,82016700,2007-08-21,3.1,6.3,mpn/100mL,N,NA
White Bear,82016700,2007-08-21,3.1,6.3,mpn/100mL,N,NA
White Bear,82016700,2007-08-14,770.4,6,mpn/100mL,N,NA
White Bear,82016700,2007-08-14,770.4,6,mpn/100mL,N,NA
White Bear,82016700,2007-08-06,1,1.9,mpn/100mL,N,NA
White Bear,82016700,2007-08-06,1,1.9,mpn/100mL,N,NA
White Bear,82016700,2007-07-31,1.8,2.1,mpn/100mL,N,NA
White Bear,82016700,2007-07-31,1.8,2.1,mpn/100mL,N,NA
White Bear,82016700,2007-07-24,2.3,1.9,mpn/100mL,N,NA
White Bear,82016700,2007-07-24,2.3,1.9,mpn/100mL,N,NA
White Bear,82016700,2007-07-17,2.5,1.6,mpn/100mL,N,NA
White Bear,82016700,2007-07-17,2.5,1.6,mpn/100mL,N,NA
White Bear,82016700,2007-07-09,2.5,1.4,mpn/100mL,N,NA
White Bear,82016700,2007-07-09,2.5,1.4,mpn/100mL,N,NA
White Bear,82016700,2007-07-02,1.8,1.2,mpn/100mL,N,NA
White Bear,82016700,2007-07-02,1.8,1.2,mpn/100mL,N,NA
White Bear,82016700,2007-06-26,1,1.4,mpn/100mL,N,NA
White Bear,82016700,2007-06-26,1,1.4,mpn/100mL,N,NA
White Bear,82016700,2007-06-19,1,1.4,mpn/100mL,N,NA
White Bear,82016700,2007-06-19,1,1.4,mpn/100mL,N,NA
White Bear,82016700,2007-06-12,1.4,1.5,mpn/100mL,N,NA
White Bear,82016700,2007-06-12,1.4,1.5,mpn/100mL,N,NA
White Bear,82016700,2007-06-05,1,1.5,mpn/100mL,N,NA
White Bear,82016700,2007-06-05,1,1.5,mpn/100mL,N,NA
White Bear,82016700,2007-05-29,3.6,1.9,mpn/100mL,N,NA
White Bear,82016700,2007-05-29,3.6,1.9,mpn/100mL,N,NA
White Bear,82016700,2007-05-21,1,1,mpn/100mL,N,NA
White Bear,82016700,2007-05-21,1,1,mpn/100mL,N,NA
White Bear,82016700,2006-08-29,13.8,1.7,mpn/100mL,N,NA
White Bear,82016700,2006-08-29,13.8,1.7,mpn/100mL,N,NA
White Bear,82016700,2006-08-22,1,1,mpn/100mL,N,NA
White Bear,82016700,2006-08-22,1,1,mpn/100mL,N,NA
White Bear,82016700,2006-08-15,1,1.3,mpn/100mL,N,NA
White Bear,82016700,2006-08-15,1,1.3,mpn/100mL,N,NA
White Bear,82016700,2006-08-08,1,1.3,mpn/100mL,N,NA
White Bear,82016700,2006-08-08,1,1.3,mpn/100mL,N,NA
White Bear,82016700,2006-08-01,1,1.4,mpn/100mL,N,NA
White Bear,82016700,2006-08-01,1,1.4,mpn/100mL,N,NA
White Bear,82016700,2006-07-25,1,1.4,mpn/100mL,N,NA
White Bear,82016700,2006-07-25,1,1.4,mpn/100mL,N,NA
White Bear,82016700,2006-07-18,3.8,1.7,mpn/100mL,N,NA
White Bear,82016700,2006-07-18,3.8,1.7,mpn/100mL,N,NA
White Bear,82016700,2006-07-11,1,1.3,mpn/100mL,N,NA
White Bear,82016700,2006-07-11,1,1.3,mpn/100mL,N,NA
White Bear,82016700,2006-07-05,1.4,1.3,mpn/100mL,N,NA
White Bear,82016700,2006-07-05,1.4,1.3,mpn/100mL,N,NA
White Bear,82016700,2006-06-27,1,1.4,mpn/100mL,N,NA
White Bear,82016700,2006-06-27,1,1.4,mpn/100mL,N,NA
White Bear,82016700,2006-06-20,2.4,1.4,mpn/100mL,N,NA
White Bear,82016700,2006-06-20,2.4,1.4,mpn/100mL,N,NA
White Bear,82016700,2006-06-13,1,1.2,mpn/100mL,N,NA
White Bear,82016700,2006-06-13,1,1.2,mpn/100mL,N,NA
White Bear,82016700,2006-06-06,1,1.3,mpn/100mL,N,NA
White Bear,82016700,2006-06-06,1,1.3,mpn/100mL,N,NA
White Bear,82016700,2006-05-30,2.3,1.5,mpn/100mL,N,NA
White Bear,82016700,2006-05-30,2.3,1.5,mpn/100mL,N,NA
White Bear,82016700,2006-05-23,1,1,mpn/100mL,N,NA
White Bear,82016700,2006-05-23,1,1,mpn/100mL,N,NA
White Bear,82016700,2005-08-30,176.3,19.5,mpn/100mL,N,NA
White Bear,82016700,2005-08-30,176.3,19.5,mpn/100mL,N,NA
White Bear,82016700,2005-08-23,51.3,12.8,mpn/100mL,N,NA
White Bear,82016700,2005-08-23,51.3,12.8,mpn/100mL,N,NA
White Bear,82016700,2005-08-16,61.8,6.7,mpn/100mL,N,NA
White Bear,82016700,2005-08-16,61.8,6.7,mpn/100mL,N,NA
White Bear,82016700,2005-08-09,1,4.5,mpn/100mL,N,NA
White Bear,82016700,2005-08-09,1,4.5,mpn/100mL,N,NA
White Bear,82016700,2005-08-02,5,5.9,mpn/100mL,N,NA
White Bear,82016700,2005-08-02,5,5.9,mpn/100mL,N,NA
White Bear,82016700,2005-07-26,21.3,5.8,mpn/100mL,N,NA
White Bear,82016700,2005-07-26,21.3,5.8,mpn/100mL,N,NA
White Bear,82016700,2005-07-19,2,4.3,mpn/100mL,N,NA
White Bear,82016700,2005-07-19,2,4.3,mpn/100mL,N,NA
White Bear,82016700,2005-07-12,8.4,6.2,mpn/100mL,N,NA
White Bear,82016700,2005-07-12,8.4,6.2,mpn/100mL,N,NA
White Bear,82016700,2005-07-05,3.9,5.8,mpn/100mL,N,NA
White Bear,82016700,2005-07-05,3.9,5.8,mpn/100mL,N,NA
White Bear,82016700,2005-06-28,4.7,6.6,mpn/100mL,N,NA
White Bear,82016700,2005-06-28,4.7,6.6,mpn/100mL,N,NA
White Bear,82016700,2005-06-21,4.4,7.8,mpn/100mL,N,NA
White Bear,82016700,2005-06-21,4.4,7.8,mpn/100mL,N,NA
White Bear,82016700,2005-06-14,13.7,13.7,mpn/100mL,N,NA
White Bear,82016700,2005-06-14,13.7,13.7,mpn/100mL,N,NA
White Bear,82016700,2004-08-31,3.9,6.8,mpn/100mL,N,NA
White Bear,82016700,2004-08-31,3.9,6.8,mpn/100mL,N,NA
White Bear,82016700,2004-08-24,12.4,6.5,mpn/100mL,N,NA
White Bear,82016700,2004-08-24,12.4,6.5,mpn/100mL,N,NA
White Bear,82016700,2004-08-17,3.8,6,mpn/100mL,N,NA
White Bear,82016700,2004-08-17,3.8,6,mpn/100mL,N,NA
White Bear,82016700,2004-08-10,15,8,mpn/100mL,N,NA
White Bear,82016700,2004-08-10,15,8,mpn/100mL,N,NA
White Bear,82016700,2004-08-03,5.1,6.3,mpn/100mL,N,NA
White Bear,82016700,2004-08-03,5.1,6.3,mpn/100mL,N,NA
White Bear,82016700,2004-07-27,3.2,7.2,mpn/100mL,N,NA
White Bear,82016700,2004-07-27,3.2,7.2,mpn/100mL,N,NA
White Bear,82016700,2004-07-20,8.3,8.6,mpn/100mL,N,NA
White Bear,82016700,2004-07-20,8.3,8.6,mpn/100mL,N,NA
White Bear,82016700,2004-07-13,15.9,6.3,mpn/100mL,N,NA
White Bear,82016700,2004-07-13,15.9,6.3,mpn/100mL,N,NA
White Bear,82016700,2004-07-06,4.6,5,mpn/100mL,N,NA
White Bear,82016700,2004-07-06,4.6,5,mpn/100mL,N,NA
White Bear,82016700,2004-06-29,9.7,5.1,mpn/100mL,N,NA
White Bear,82016700,2004-06-29,9.7,5.1,mpn/100mL,N,NA
White Bear,82016700,2004-06-22,7.8,3.7,mpn/100mL,N,NA
White Bear,82016700,2004-06-22,7.8,3.7,mpn/100mL,N,NA
White Bear,82016700,2004-06-15,1.8,1.8,mpn/100mL,N,NA
White Bear,82016700,2004-06-15,1.8,1.8,mpn/100mL,N,NA
Mahtomedi Beach (White Bear Lake),82016700,2024-08-27,120.5,7.7,mpn/100mL,N,NA
Mahtomedi Beach (White Bear Lake),82016700,2024-08-27,120.5,7.7,mpn/100mL,N,NA
Mahtomedi Beach (White Bear Lake),82016700,2024-08-20,1.7,7.3,mpn/100mL,N,NA
Mahtomedi Beach (White Bear Lake),82016700,2024-08-20,1.7,7.3,mpn/100mL,N,NA
Mahtomedi Beach (White Bear Lake),82016700,2024-08-13,1.4,6.6,mpn/100mL,N,NA
Mahtomedi Beach (White Bear Lake),82016700,2024-08-13,1.4,6.6,mpn/100mL,N,NA
Mahtomedi Beach (White Bear Lake),82016700,2024-08-06,9,6.1,mpn/100mL,N,NA
Mahtomedi Beach (White Bear Lake),82016700,2024-08-06,9,6.1,mpn/100mL,N,NA
Mahtomedi Beach (White Bear Lake),82016700,2024-07-30,10.1,8.3,mpn/100mL,N,NA
Mahtomedi Beach (White Bear Lake),82016700,2024-07-30,10.1,8.3,mpn/100mL,N,NA
Mahtomedi Beach (White Bear Lake),82016700,2024-07-23,93.5,5.6,mpn/100mL,N,NA
Mahtomedi Beach (White Bear Lake),82016700,2024-07-23,93.5,5.6,mpn/100mL,N,NA
Mahtomedi Beach (White Bear Lake),82016700,2024-07-16,1,4.1,mpn/100mL,N,NA
Mahtomedi Beach (White Bear Lake),82016700,2024-07-16,1,4.1,mpn/100mL,N,NA
Mahtomedi Beach (White Bear Lake),82016700,2024-07-09,1,5.1,mpn/100mL,N,NA
Mahtomedi Beach (White Bear Lake),82016700,2024-07-09,1,5.1,mpn/100mL,N,NA
Mahtomedi Beach (White Bear Lake),82016700,2024-07-02,42.2,5.4,mpn/100mL,N,NA
Mahtomedi Beach (White Bear Lake),82016700,2024-07-02,42.2,5.4,mpn/100mL,N,NA
Mahtomedi Beach (White Bear Lake),82016700,2024-06-25,1.4,2.7,mpn/100mL,N,NA
Mahtomedi Beach (White Bear Lake),82016700,2024-06-25,1.4,2.7,mpn/100mL,N,NA
Mahtomedi Beach (White Bear Lake),82016700,2024-06-18,19.4,5.3,mpn/100mL,N,NA
Mahtomedi Beach (White Bear Lake),82016700,2024-06-18,19.4,5.3,mpn/100mL,N,NA
Mahtomedi Beach (White Bear Lake),82016700,2024-06-11,2.9,3.9,mpn/100mL,N,NA
Mahtomedi Beach (White Bear Lake),82016700,2024-06-11,2.9,3.9,mpn/100mL,N,NA
Mahtomedi Beach (White Bear Lake),82016700,2024-06-04,1.4,4.3,mpn/100mL,N,NA
Mahtomedi Beach (White Bear Lake),82016700,2024-06-04,1.4,4.3,mpn/100mL,N,NA
Mahtomedi Beach (White Bear Lake),82016700,2024-05-28,1.4,7.4,mpn/100mL,N,NA
Mahtomedi Beach (White Bear Lake),82016700,2024-05-28,1.4,7.4,mpn/100mL,N,NA
Mahtomedi Beach (White Bear Lake),82016700,2024-05-21,39.2,39.2,mpn/100mL,N,NA
Mahtomedi Beach (White Bear Lake),82016700,2024-05-21,39.2,39.2,mpn/100mL,N,NA
Mahtomedi Beach (White Bear Lake),82016700,2023-08-22,1,1.3,mpn/100mL,N,NA
Mahtomedi Beach (White Bear Lake),82016700,2023-08-22,1,1.3,mpn/100mL,N,NA
Mahtomedi Beach (White Bear Lake),82016700,2023-08-15,1,1.3,mpn/100mL,N,NA
Mahtomedi Beach (White Bear Lake),82016700,2023-08-15,1,1.3,mpn/100mL,N,NA
Mahtomedi Beach (White Bear Lake),82016700,2023-08-08,1,1.3,mpn/100mL,N,NA
Mahtomedi Beach (White Bear Lake),82016700,2023-08-08,1,1.3,mpn/100mL,N,NA
Mahtomedi Beach (White Bear Lake),82016700,2023-08-01,1,1.4,mpn/100mL,N,NA
Mahtomedi Beach (White Bear Lake),82016700,2023-08-01,1,1.4,mpn/100mL,N,NA
Mahtomedi Beach (White Bear Lake),82016700,2023-07-25,4.4,1.6,mpn/100mL,N,NA
Mahtomedi Beach (White Bear Lake),82016700,2023-07-25,4.4,1.6,mpn/100mL,N,NA
Mahtomedi Beach (White Bear Lake),82016700,2023-07-18,1,2.2,mpn/100mL,N,NA
Mahtomedi Beach (White Bear Lake),82016700,2023-07-18,1,2.2,mpn/100mL,N,NA
Mahtomedi Beach (White Bear Lake),82016700,2023-07-11,1,2.2,mpn/100mL,N,NA
Mahtomedi Beach (White Bear Lake),82016700,2023-07-11,1,2.2,mpn/100mL,N,NA
Mahtomedi Beach (White Bear Lake),82016700,2023-06-27,1.4,2.2,mpn/100mL,N,NA
Mahtomedi Beach (White Bear Lake),82016700,2023-06-27,1.4,2.2,mpn/100mL,N,NA
Mahtomedi Beach (White Bear Lake),82016700,2023-06-20,17.4,3.5,mpn/100mL,N,NA
Mahtomedi Beach (White Bear Lake),82016700,2023-06-20,17.4,3.5,mpn/100mL,N,NA
Mahtomedi Beach (White Bear Lake),82016700,2023-06-13,1,2.1,mpn/100mL,N,NA
Mahtomedi Beach (White Bear Lake),82016700,2023-06-13,1,2.1,mpn/100mL,N,NA
Mahtomedi Beach (White Bear Lake),82016700,2023-06-06,1,3,mpn/100mL,N,NA
Mahtomedi Beach (White Bear Lake),82016700,2023-06-06,1,3,mpn/100mL,N,NA
Mahtomedi Beach (White Bear Lake),82016700,2023-05-23,9.1,9.1,mpn/100mL,N,NA
Mahtomedi Beach (White Bear Lake),82016700,2023-05-23,9.1,9.1,mpn/100mL,N,NA
Mahtomedi Beach (White Bear Lake),82016700,2022-08-30,11.1,2.3,mpn/100mL,N,NA
Mahtomedi Beach (White Bear Lake),82016700,2022-08-30,11.1,2.3,mpn/100mL,N,NA
Mahtomedi Beach (White Bear Lake),82016700,2022-08-23,1,1.6,mpn/100mL,N,NA
Mahtomedi Beach (White Bear Lake),82016700,2022-08-23,1,1.6,mpn/100mL,N,NA
Mahtomedi Beach (White Bear Lake),82016700,2022-08-16,1,1.7,mpn/100mL,N,NA
Mahtomedi Beach (White Bear Lake),82016700,2022-08-16,1,1.7,mpn/100mL,N,NA
Mahtomedi Beach (White Bear Lake),82016700,2022-08-09,1.4,1.9,mpn/100mL,N,NA
Mahtomedi Beach (White Bear Lake),82016700,2022-08-09,1.4,1.9,mpn/100mL,N,NA
Mahtomedi Beach (White Bear Lake),82016700,2022-08-02,3.9,1.8,mpn/100mL,N,NA
Mahtomedi Beach (White Bear Lake),82016700,2022-08-02,3.9,1.8,mpn/100mL,N,NA
Mahtomedi Beach (White Bear Lake),82016700,2022-07-26,1.7,1.4,mpn/100mL,N,NA
Mahtomedi Beach (White Bear Lake),82016700,2022-07-26,1.7,1.4,mpn/100mL,N,NA
Mahtomedi Beach (White Bear Lake),82016700,2022-07-19,1.4,1.5,mpn/100mL,N,NA
Mahtomedi Beach (White Bear Lake),82016700,2022-07-19,1.4,1.5,mpn/100mL,N,NA
Mahtomedi Beach (White Bear Lake),82016700,2022-07-12,1.7,1.4,mpn/100mL,N,NA
Mahtomedi Beach (White Bear Lake),82016700,2022-07-12,1.7,1.4,mpn/100mL,N,NA
Mahtomedi Beach (White Bear Lake),82016700,2022-07-05,1,1.3,mpn/100mL,N,NA
Mahtomedi Beach (White Bear Lake),82016700,2022-07-05,1,1.3,mpn/100mL,N,NA
Mahtomedi Beach (White Bear Lake),82016700,2022-06-21,2,3,mpn/100mL,N,NA
Mahtomedi Beach (White Bear Lake),82016700,2022-06-21,2,3,mpn/100mL,N,NA
Mahtomedi Beach (White Bear Lake),82016700,2022-06-14,1,3.4,mpn/100mL,N,NA
Mahtomedi Beach (White Bear Lake),82016700,2022-06-14,1,3.4,mpn/100mL,N,NA
Mahtomedi Beach (White Bear Lake),82016700,2022-05-31,15.9,6.3,mpn/100mL,N,NA
Mahtomedi Beach (White Bear Lake),82016700,2022-05-31,15.9,6.3,mpn/100mL,N,NA
Mahtomedi Beach (White Bear Lake),82016700,2022-05-24,2.5,2.5,mpn/100mL,N,NA
Mahtomedi Beach (White Bear Lake),82016700,2022-05-24,2.5,2.5,mpn/100mL,N,NA
Mahtomedi Beach (White Bear Lake),82016700,2021-08-31,6.1,5.4,mpn/100mL,N,NA
Mahtomedi Beach (White Bear Lake),82016700,2021-08-31,6.1,5.4,mpn/100mL,N,NA
Mahtomedi Beach (White Bear Lake),82016700,2021-08-17,61.8,3.7,mpn/100mL,N,NA
Mahtomedi Beach (White Bear Lake),82016700,2021-08-17,61.8,3.7,mpn/100mL,N,NA
Mahtomedi Beach (White Bear Lake),82016700,2021-08-10,2.3,1.6,mpn/100mL,N,NA
Mahtomedi Beach (White Bear Lake),82016700,2021-08-10,2.3,1.6,mpn/100mL,N,NA
Mahtomedi Beach (White Bear Lake),82016700,2021-08-03,1,1.5,mpn/100mL,N,NA
Mahtomedi Beach (White Bear Lake),82016700,2021-08-03,1,1.5,mpn/100mL,N,NA
Mahtomedi Beach (White Bear Lake),82016700,2021-07-27,1,3.8,mpn/100mL,N,NA
Mahtomedi Beach (White Bear Lake),82016700,2021-07-27,1,3.8,mpn/100mL,N,NA
Mahtomedi Beach (White Bear Lake),82016700,2021-07-20,4.7,4.1,mpn/100mL,N,NA
Mahtomedi Beach (White Bear Lake),82016700,2021-07-20,4.7,4.1,mpn/100mL,N,NA
Mahtomedi Beach (White Bear Lake),82016700,2021-07-13,1,3,mpn/100mL,N,NA
Mahtomedi Beach (White Bear Lake),82016700,2021-07-13,1,3,mpn/100mL,N,NA
Mahtomedi Beach (White Bear Lake),82016700,2021-07-06,1.4,3,mpn/100mL,N,NA
Mahtomedi Beach (White Bear Lake),82016700,2021-07-06,1.4,3,mpn/100mL,N,NA
Mahtomedi Beach (White Bear Lake),82016700,2021-06-29,119.1,2.8,mpn/100mL,N,NA
Mahtomedi Beach (White Bear Lake),82016700,2021-06-29,119.1,2.8,mpn/100mL,N,NA
Mahtomedi Beach (White Bear Lake),82016700,2021-06-22,1.4,1.1,mpn/100mL,N,NA
Mahtomedi Beach (White Bear Lake),82016700,2021-06-22,1.4,1.1,mpn/100mL,N,NA
Mahtomedi Beach (White Bear Lake),82016700,2021-06-15,1,1,mpn/100mL,N,NA
Mahtomedi Beach (White Bear Lake),82016700,2021-06-15,1,1,mpn/100mL,N,NA
Mahtomedi Beach (White Bear Lake),82016700,2021-06-08,1,1,mpn/100mL,N,NA
Mahtomedi Beach (White Bear Lake),82016700,2021-06-08,1,1,mpn/100mL,N,NA
Mahtomedi Beach (White Bear Lake),82016700,2021-06-01,1,1,mpn/100mL,N,NA
Mahtomedi Beach (White Bear Lake),82016700,2021-06-01,1,1,mpn/100mL,N,NA
Mahtomedi Beach (White Bear Lake),82016700,2020-09-01,1,1.4,mpn/100mL,N,NA
Mahtomedi Beach (White Bear Lake),82016700,2020-09-01,1,1.4,mpn/100mL,N,NA
Mahtomedi Beach (White Bear Lake),82016700,2020-08-25,1,1.5,mpn/100mL,N,NA
Mahtomedi Beach (White Bear Lake),82016700,2020-08-25,1,1.5,mpn/100mL,N,NA
Mahtomedi Beach (White Bear Lake),82016700,2020-08-18,1.4,1.9,mpn/100mL,N,NA
Mahtomedi Beach (White Bear Lake),82016700,2020-08-18,1.4,1.9,mpn/100mL,N,NA
Mahtomedi Beach (White Bear Lake),82016700,2020-08-11,1,3.7,mpn/100mL,N,NA
Mahtomedi Beach (White Bear Lake),82016700,2020-08-11,1,3.7,mpn/100mL,N,NA
Mahtomedi Beach (White Bear Lake),82016700,2020-08-04,3.3,6.2,mpn/100mL,N,NA
Mahtomedi Beach (White Bear Lake),82016700,2020-08-04,3.3,6.2,mpn/100mL,N,NA
Mahtomedi Beach (White Bear Lake),82016700,2020-07-28,1.7,4.9,mpn/100mL,N,NA
Mahtomedi Beach (White Bear Lake),82016700,2020-07-28,1.7,4.9,mpn/100mL,N,NA
Mahtomedi Beach (White Bear Lake),82016700,2020-07-21,3.2,5.6,mpn/100mL,N,NA
Mahtomedi Beach (White Bear Lake),82016700,2020-07-21,3.2,5.6,mpn/100mL,N,NA
Mahtomedi Beach (White Bear Lake),82016700,2020-07-14,37.2,4.5,mpn/100mL,N,NA
Mahtomedi Beach (White Bear Lake),82016700,2020-07-14,37.2,4.5,mpn/100mL,N,NA
Mahtomedi Beach (White Bear Lake),82016700,2020-07-07,13.4,2.2,mpn/100mL,N,NA
Mahtomedi Beach (White Bear Lake),82016700,2020-07-07,13.4,2.2,mpn/100mL,N,NA
Mahtomedi Beach (White Bear Lake),82016700,2020-06-30,1,1.3,mpn/100mL,N,NA
Mahtomedi Beach (White Bear Lake),82016700,2020-06-30,1,1.3,mpn/100mL,N,NA
Mahtomedi Beach (White Bear Lake),82016700,2020-06-23,3.5,2.1,mpn/100mL,N,NA
Mahtomedi Beach (White Bear Lake),82016700,2020-06-23,3.5,2.1,mpn/100mL,N,NA
Mahtomedi Beach (White Bear Lake),82016700,2020-06-16,1,1.8,mpn/100mL,N,NA
Mahtomedi Beach (White Bear Lake),82016700,2020-06-16,1,1.8,mpn/100mL,N,NA
Mahtomedi Beach (White Bear Lake),82016700,2020-06-09,1,2,mpn/100mL,N,NA
Mahtomedi Beach (White Bear Lake),82016700,2020-06-09,1,2,mpn/100mL,N,NA
Mahtomedi Beach (White Bear Lake),82016700,2020-06-02,1,2.5,mpn/100mL,N,NA
Mahtomedi Beach (White Bear Lake),82016700,2020-06-02,1,2.5,mpn/100mL,N,NA
Mahtomedi Beach (White Bear Lake),82016700,2020-05-26,11.7,4.1,mpn/100mL,N,NA
Mahtomedi Beach (White Bear Lake),82016700,2020-05-26,11.7,4.1,mpn/100mL,N,NA
Mahtomedi Beach (White Bear Lake),82016700,2020-05-19,1.4,1.4,mpn/100mL,N,NA
Mahtomedi Beach (White Bear Lake),82016700,2020-05-19,1.4,1.4,mpn/100mL,N,NA
Mahtomedi Beach (White Bear Lake),82016700,2019-08-27,63.3,5.7,mpn/100mL,N,NA
Mahtomedi Beach (White Bear Lake),82016700,2019-08-27,63.3,5.7,mpn/100mL,N,NA
Mahtomedi Beach (White Bear Lake),82016700,2019-08-20,1.4,2.5,mpn/100mL,N,NA
Mahtomedi Beach (White Bear Lake),82016700,2019-08-20,1.4,2.5,mpn/100mL,N,NA
Mahtomedi Beach (White Bear Lake),82016700,2019-08-13,1,5.1,mpn/100mL,N,NA
Mahtomedi Beach (White Bear Lake),82016700,2019-08-13,1,5.1,mpn/100mL,N,NA
Mahtomedi Beach (White Bear Lake),82016700,2019-08-06,45.5,9.9,mpn/100mL,N,NA
Mahtomedi Beach (White Bear Lake),82016700,2019-08-06,45.5,9.9,mpn/100mL,N,NA
Mahtomedi Beach (White Bear Lake),82016700,2019-07-30,1.4,8.1,mpn/100mL,N,NA
Mahtomedi Beach (White Bear Lake),82016700,2019-07-30,1.4,8.1,mpn/100mL,N,NA
Mahtomedi Beach (White Bear Lake),82016700,2019-07-23,1,14.9,mpn/100mL,N,NA
Mahtomedi Beach (White Bear Lake),82016700,2019-07-23,1,14.9,mpn/100mL,N,NA
Mahtomedi Beach (White Bear Lake),82016700,2019-07-16,55.3,14.9,mpn/100mL,N,NA
Mahtomedi Beach (White Bear Lake),82016700,2019-07-16,55.3,14.9,mpn/100mL,N,NA
Mahtomedi Beach (White Bear Lake),82016700,2019-07-09,26.9,6.7,mpn/100mL,N,NA
Mahtomedi Beach (White Bear Lake),82016700,2019-07-09,26.9,6.7,mpn/100mL,N,NA
Mahtomedi Beach (White Bear Lake),82016700,2019-07-02,16.5,4.4,mpn/100mL,N,NA
Mahtomedi Beach (White Bear Lake),82016700,2019-07-02,16.5,4.4,mpn/100mL,N,NA
Mahtomedi Beach (White Bear Lake),82016700,2019-06-25,29.5,3.9,mpn/100mL,N,NA
Mahtomedi Beach (White Bear Lake),82016700,2019-06-25,29.5,3.9,mpn/100mL,N,NA
Mahtomedi Beach (White Bear Lake),82016700,2019-06-18,1,2.1,mpn/100mL,N,NA
Mahtomedi Beach (White Bear Lake),82016700,2019-06-18,1,2.1,mpn/100mL,N,NA
Mahtomedi Beach (White Bear Lake),82016700,2019-06-11,1,2.6,mpn/100mL,N,NA
Mahtomedi Beach (White Bear Lake),82016700,2019-06-11,1,2.6,mpn/100mL,N,NA
Mahtomedi Beach (White Bear Lake),82016700,2019-06-04,3.6,3.6,mpn/100mL,N,NA
Mahtomedi Beach (White Bear Lake),82016700,2019-06-04,3.6,3.6,mpn/100mL,N,NA
Mahtomedi Beach (White Bear Lake),82016700,2019-05-28,9.1,3.6,mpn/100mL,N,NA
Mahtomedi Beach (White Bear Lake),82016700,2019-05-28,9.1,3.6,mpn/100mL,N,NA
Mahtomedi Beach (White Bear Lake),82016700,2019-05-21,1.4,1.4,mpn/100mL,N,NA
Mahtomedi Beach (White Bear Lake),82016700,2019-05-21,1.4,1.4,mpn/100mL,N,NA
Mahtomedi Beach (White Bear Lake),82016700,2018-08-21,42.5,2.4,mpn/100mL,N,NA
Mahtomedi Beach (White Bear Lake),82016700,2018-08-21,42.5,2.4,mpn/100mL,N,NA
Mahtomedi Beach (White Bear Lake),82016700,2018-08-14,2,1.1,mpn/100mL,N,NA
Mahtomedi Beach (White Bear Lake),82016700,2018-08-14,2,1.1,mpn/100mL,N,NA
Mahtomedi Beach (White Bear Lake),82016700,2018-08-07,1,1,mpn/100mL,N,NA
Mahtomedi Beach (White Bear Lake),82016700,2018-08-07,1,1,mpn/100mL,N,NA
Mahtomedi Beach (White Bear Lake),82016700,2018-07-31,1,1.5,mpn/100mL,N,NA
Mahtomedi Beach (White Bear Lake),82016700,2018-07-31,1,1.5,mpn/100mL,N,NA
Mahtomedi Beach (White Bear Lake),82016700,2018-07-24,1,2,mpn/100mL,N,NA
Mahtomedi Beach (White Bear Lake),82016700,2018-07-24,1,2,mpn/100mL,N,NA
Mahtomedi Beach (White Bear Lake),82016700,2018-07-17,1,3.1,mpn/100mL,N,NA
Mahtomedi Beach (White Bear Lake),82016700,2018-07-17,1,3.1,mpn/100mL,N,NA
Mahtomedi Beach (White Bear Lake),82016700,2018-07-10,1,4.1,mpn/100mL,N,NA
Mahtomedi Beach (White Bear Lake),82016700,2018-07-10,1,4.1,mpn/100mL,N,NA
Mahtomedi Beach (White Bear Lake),82016700,2018-07-05,6.7,6.5,mpn/100mL,N,NA
Mahtomedi Beach (White Bear Lake),82016700,2018-07-05,6.7,6.5,mpn/100mL,N,NA
Mahtomedi Beach (White Bear Lake),82016700,2018-06-26,4.6,6.3,mpn/100mL,N,NA
Mahtomedi Beach (White Bear Lake),82016700,2018-06-26,4.6,6.3,mpn/100mL,N,NA
Mahtomedi Beach (White Bear Lake),82016700,2018-06-19,8.7,8.7,mpn/100mL,N,NA
Mahtomedi Beach (White Bear Lake),82016700,2018-06-19,8.7,8.7,mpn/100mL,N,NA
Mahtomedi Beach (White Bear Lake),82016700,2017-08-29,1,2.2,mpn/100mL,N,NA
Mahtomedi Beach (White Bear Lake),82016700,2017-08-29,1,2.2,mpn/100mL,N,NA
Mahtomedi Beach (White Bear Lake),82016700,2017-08-22,1.4,2.7,mpn/100mL,N,NA
Mahtomedi Beach (White Bear Lake),82016700,2017-08-22,1.4,2.7,mpn/100mL,N,NA
Mahtomedi Beach (White Bear Lake),82016700,2017-08-15,3.8,5.4,mpn/100mL,N,NA
Mahtomedi Beach (White Bear Lake),82016700,2017-08-15,3.8,5.4,mpn/100mL,N,NA
Mahtomedi Beach (White Bear Lake),82016700,2017-08-08,8.6,5.3,mpn/100mL,N,NA
Mahtomedi Beach (White Bear Lake),82016700,2017-08-08,8.6,5.3,mpn/100mL,N,NA
Mahtomedi Beach (White Bear Lake),82016700,2017-08-01,1,5.1,mpn/100mL,N,NA
Mahtomedi Beach (White Bear Lake),82016700,2017-08-01,1,5.1,mpn/100mL,N,NA
Mahtomedi Beach (White Bear Lake),82016700,2017-07-25,3.2,5.5,mpn/100mL,N,NA
Mahtomedi Beach (White Bear Lake),82016700,2017-07-25,3.2,5.5,mpn/100mL,N,NA
Mahtomedi Beach (White Bear Lake),82016700,2017-07-18,44.9,4.3,mpn/100mL,N,NA
Mahtomedi Beach (White Bear Lake),82016700,2017-07-18,44.9,4.3,mpn/100mL,N,NA
Mahtomedi Beach (White Bear Lake),82016700,2017-07-11,3.5,2.4,mpn/100mL,N,NA
Mahtomedi Beach (White Bear Lake),82016700,2017-07-11,3.5,2.4,mpn/100mL,N,NA
Mahtomedi Beach (White Bear Lake),82016700,2017-07-05,6.7,2.1,mpn/100mL,N,NA
Mahtomedi Beach (White Bear Lake),82016700,2017-07-05,6.7,2.1,mpn/100mL,N,NA
Mahtomedi Beach (White Bear Lake),82016700,2017-06-27,1.4,1.2,mpn/100mL,N,NA
Mahtomedi Beach (White Bear Lake),82016700,2017-06-27,1.4,1.2,mpn/100mL,N,NA
Mahtomedi Beach (White Bear Lake),82016700,2017-06-20,1,1,mpn/100mL,N,NA
Mahtomedi Beach (White Bear Lake),82016700,2017-06-20,1,1,mpn/100mL,N,NA
Mahtomedi Beach (White Bear Lake),82016700,2016-08-30,66.1,3.2,mpn/100mL,N,NA
Mahtomedi Beach (White Bear Lake),82016700,2016-08-30,66.1,3.2,mpn/100mL,N,NA
Mahtomedi Beach (White Bear Lake),82016700,2016-08-23,1,1.6,mpn/100mL,N,NA
Mahtomedi Beach (White Bear Lake),82016700,2016-08-23,1,1.6,mpn/100mL,N,NA
Mahtomedi Beach (White Bear Lake),82016700,2016-08-16,1.8,1.6,mpn/100mL,N,NA
Mahtomedi Beach (White Bear Lake),82016700,2016-08-16,1.8,1.6,mpn/100mL,N,NA
Mahtomedi Beach (White Bear Lake),82016700,2016-08-09,1.4,2,mpn/100mL,N,NA
Mahtomedi Beach (White Bear Lake),82016700,2016-08-09,1.4,2,mpn/100mL,N,NA
Mahtomedi Beach (White Bear Lake),82016700,2016-08-02,2,2,mpn/100mL,N,NA
Mahtomedi Beach (White Bear Lake),82016700,2016-08-02,2,2,mpn/100mL,N,NA
Mahtomedi Beach (White Bear Lake),82016700,2016-07-26,2,1.8,mpn/100mL,N,NA
Mahtomedi Beach (White Bear Lake),82016700,2016-07-26,2,1.8,mpn/100mL,N,NA
Mahtomedi Beach (White Bear Lake),82016700,2016-07-19,1,1.9,mpn/100mL,N,NA
Mahtomedi Beach (White Bear Lake),82016700,2016-07-19,1,1.9,mpn/100mL,N,NA
Mahtomedi Beach (White Bear Lake),82016700,2016-07-12,6.3,3.5,mpn/100mL,N,NA
Mahtomedi Beach (White Bear Lake),82016700,2016-07-12,6.3,3.5,mpn/100mL,N,NA
Mahtomedi Beach (White Bear Lake),82016700,2016-07-05,1.4,2.6,mpn/100mL,N,NA
Mahtomedi Beach (White Bear Lake),82016700,2016-07-05,1.4,2.6,mpn/100mL,N,NA
Mahtomedi Beach (White Bear Lake),82016700,2016-06-28,1,3,mpn/100mL,N,NA
Mahtomedi Beach (White Bear Lake),82016700,2016-06-28,1,3,mpn/100mL,N,NA
Mahtomedi Beach (White Bear Lake),82016700,2016-06-21,2.9,4.4,mpn/100mL,N,NA
Mahtomedi Beach (White Bear Lake),82016700,2016-06-21,2.9,4.4,mpn/100mL,N,NA
Mahtomedi Beach (White Bear Lake),82016700,2016-06-14,20.8,5.4,mpn/100mL,N,NA
Mahtomedi Beach (White Bear Lake),82016700,2016-06-14,20.8,5.4,mpn/100mL,N,NA
Mahtomedi Beach (White Bear Lake),82016700,2016-06-07,1.4,1.4,mpn/100mL,N,NA
Mahtomedi Beach (White Bear Lake),82016700,2016-06-07,1.4,1.4,mpn/100mL,N,NA
Mahtomedi Beach (White Bear Lake),82016700,2015-09-01,8.1,3,mpn/100mL,N,NA
Mahtomedi Beach (White Bear Lake),82016700,2015-09-01,8.1,3,mpn/100mL,N,NA
Mahtomedi Beach (White Bear Lake),82016700,2015-08-25,1,3.6,mpn/100mL,N,NA
Mahtomedi Beach (White Bear Lake),82016700,2015-08-25,1,3.6,mpn/100mL,N,NA
Mahtomedi Beach (White Bear Lake),82016700,2015-08-18,9,4.3,mpn/100mL,N,NA
Mahtomedi Beach (White Bear Lake),82016700,2015-08-18,9,4.3,mpn/100mL,N,NA
Mahtomedi Beach (White Bear Lake),82016700,2015-08-11,2,5.2,mpn/100mL,N,NA
Mahtomedi Beach (White Bear Lake),82016700,2015-08-11,2,5.2,mpn/100mL,N,NA
Mahtomedi Beach (White Bear Lake),82016700,2015-08-04,1.7,6.6,mpn/100mL,N,NA
Mahtomedi Beach (White Bear Lake),82016700,2015-08-04,1.7,6.6,mpn/100mL,N,NA
Mahtomedi Beach (White Bear Lake),82016700,2015-07-28,19.2,10.1,mpn/100mL,N,NA
Mahtomedi Beach (White Bear Lake),82016700,2015-07-28,19.2,10.1,mpn/100mL,N,NA
Mahtomedi Beach (White Bear Lake),82016700,2015-07-21,2.4,5.7,mpn/100mL,N,NA
Mahtomedi Beach (White Bear Lake),82016700,2015-07-21,2.4,5.7,mpn/100mL,N,NA
Mahtomedi Beach (White Bear Lake),82016700,2015-07-14,22.7,4.6,mpn/100mL,N,NA
Mahtomedi Beach (White Bear Lake),82016700,2015-07-14,22.7,4.6,mpn/100mL,N,NA
Mahtomedi Beach (White Bear Lake),82016700,2015-06-30,9.6,2.1,mpn/100mL,N,NA
Mahtomedi Beach (White Bear Lake),82016700,2015-06-30,9.6,2.1,mpn/100mL,N,NA
Mahtomedi Beach (White Bear Lake),82016700,2015-06-23,2,1.6,mpn/100mL,N,NA
Mahtomedi Beach (White Bear Lake),82016700,2015-06-23,2,1.6,mpn/100mL,N,NA
Mahtomedi Beach (White Bear Lake),82016700,2015-06-16,1,2.1,mpn/100mL,N,NA
Mahtomedi Beach (White Bear Lake),82016700,2015-06-16,1,2.1,mpn/100mL,N,NA
Mahtomedi Beach (White Bear Lake),82016700,2015-06-02,1,2.7,mpn/100mL,N,NA
Mahtomedi Beach (White Bear Lake),82016700,2015-06-02,1,2.7,mpn/100mL,N,NA
Mahtomedi Beach (White Bear Lake),82016700,2015-05-26,3.2,4.3,mpn/100mL,N,NA
Mahtomedi Beach (White Bear Lake),82016700,2015-05-26,3.2,4.3,mpn/100mL,N,NA
Mahtomedi Beach (White Bear Lake),82016700,2015-05-19,5.8,5.8,mpn/100mL,N,NA
Mahtomedi Beach (White Bear Lake),82016700,2015-05-19,5.8,5.8,mpn/100mL,N,NA
Mahtomedi Beach (White Bear Lake),82016700,2014-08-26,2,4.2,mpn/100mL,N,NA
Mahtomedi Beach (White Bear Lake),82016700,2014-08-26,2,4.2,mpn/100mL,N,NA
Mahtomedi Beach (White Bear Lake),82016700,2014-08-19,14.6,3.9,mpn/100mL,N,NA
Mahtomedi Beach (White Bear Lake),82016700,2014-08-19,14.6,3.9,mpn/100mL,N,NA
Mahtomedi Beach (White Bear Lake),82016700,2014-08-12,10.7,2.3,mpn/100mL,N,NA
Mahtomedi Beach (White Bear Lake),82016700,2014-08-12,10.7,2.3,mpn/100mL,N,NA
Mahtomedi Beach (White Bear Lake),82016700,2014-08-05,2.9,2.2,mpn/100mL,N,NA
Mahtomedi Beach (White Bear Lake),82016700,2014-08-05,2.9,2.2,mpn/100mL,N,NA
Mahtomedi Beach (White Bear Lake),82016700,2014-07-29,1.4,2.5,mpn/100mL,N,NA
Mahtomedi Beach (White Bear Lake),82016700,2014-07-29,1.4,2.5,mpn/100mL,N,NA
Mahtomedi Beach (White Bear Lake),82016700,2014-07-22,1.4,2.5,mpn/100mL,N,NA
Mahtomedi Beach (White Bear Lake),82016700,2014-07-22,1.4,2.5,mpn/100mL,N,NA
Mahtomedi Beach (White Bear Lake),82016700,2014-07-15,1,3.3,mpn/100mL,N,NA
Mahtomedi Beach (White Bear Lake),82016700,2014-07-15,1,3.3,mpn/100mL,N,NA
Mahtomedi Beach (White Bear Lake),82016700,2014-07-08,8.3,3.3,mpn/100mL,N,NA
Mahtomedi Beach (White Bear Lake),82016700,2014-07-08,8.3,3.3,mpn/100mL,N,NA
Mahtomedi Beach (White Bear Lake),82016700,2014-07-01,6.3,3.8,mpn/100mL,N,NA
Mahtomedi Beach (White Bear Lake),82016700,2014-07-01,6.3,3.8,mpn/100mL,N,NA
Mahtomedi Beach (White Bear Lake),82016700,2014-06-24,1.4,10.8,mpn/100mL,N,NA
Mahtomedi Beach (White Bear Lake),82016700,2014-06-24,1.4,10.8,mpn/100mL,N,NA
Mahtomedi Beach (White Bear Lake),82016700,2014-06-17,5.5,15.4,mpn/100mL,N,NA
Mahtomedi Beach (White Bear Lake),82016700,2014-06-17,5.5,15.4,mpn/100mL,N,NA
Mahtomedi Beach (White Bear Lake),82016700,2014-06-10,1,20,mpn/100mL,N,NA
Mahtomedi Beach (White Bear Lake),82016700,2014-06-10,1,20,mpn/100mL,N,NA
Mahtomedi Beach (White Bear Lake),82016700,2014-06-03,16.8,54.2,mpn/100mL,N,NA
Mahtomedi Beach (White Bear Lake),82016700,2014-06-03,16.8,54.2,mpn/100mL,N,NA
Mahtomedi Beach (White Bear Lake),82016700,2014-05-27,1122.4,97.4,mpn/100mL,N,NA
Mahtomedi Beach (White Bear Lake),82016700,2014-05-27,1122.4,97.4,mpn/100mL,N,NA
Mahtomedi Beach (White Bear Lake),82016700,2014-05-20,8.4,8.4,mpn/100mL,N,NA
Mahtomedi Beach (White Bear Lake),82016700,2014-05-20,8.4,8.4,mpn/100mL,N,NA
Mahtomedi Beach (White Bear Lake),82016700,2013-08-27,5.1,2.2,mpn/100mL,N,NA
Mahtomedi Beach (White Bear Lake),82016700,2013-08-27,5.1,2.2,mpn/100mL,N,NA
Mahtomedi Beach (White Bear Lake),82016700,2013-08-20,1,1.6,mpn/100mL,N,NA
Mahtomedi Beach (White Bear Lake),82016700,2013-08-20,1,1.6,mpn/100mL,N,NA
Mahtomedi Beach (White Bear Lake),82016700,2013-08-13,1,2.9,mpn/100mL,N,NA
Mahtomedi Beach (White Bear Lake),82016700,2013-08-13,1,2.9,mpn/100mL,N,NA
Mahtomedi Beach (White Bear Lake),82016700,2013-08-06,4.4,7.2,mpn/100mL,N,NA
Mahtomedi Beach (White Bear Lake),82016700,2013-08-06,4.4,7.2,mpn/100mL,N,NA
Mahtomedi Beach (White Bear Lake),82016700,2013-07-16,5.7,7,mpn/100mL,N,NA
Mahtomedi Beach (White Bear Lake),82016700,2013-07-16,5.7,7,mpn/100mL,N,NA
Mahtomedi Beach (White Bear Lake),82016700,2013-07-09,14.5,5.3,mpn/100mL,N,NA
Mahtomedi Beach (White Bear Lake),82016700,2013-07-09,14.5,5.3,mpn/100mL,N,NA
Mahtomedi Beach (White Bear Lake),82016700,2013-07-02,2.5,6.5,mpn/100mL,N,NA
Mahtomedi Beach (White Bear Lake),82016700,2013-07-02,2.5,6.5,mpn/100mL,N,NA
Mahtomedi Beach (White Bear Lake),82016700,2013-06-25,5.1,5.4,mpn/100mL,N,NA
Mahtomedi Beach (White Bear Lake),82016700,2013-06-25,5.1,5.4,mpn/100mL,N,NA
Mahtomedi Beach (White Bear Lake),82016700,2013-06-18,16.1,5.8,mpn/100mL,N,NA
Mahtomedi Beach (White Bear Lake),82016700,2013-06-18,16.1,5.8,mpn/100mL,N,NA
Mahtomedi Beach (White Bear Lake),82016700,2013-06-11,1.4,4.5,mpn/100mL,N,NA
Mahtomedi Beach (White Bear Lake),82016700,2013-06-11,1.4,4.5,mpn/100mL,N,NA
Mahtomedi Beach (White Bear Lake),82016700,2013-06-04,40.5,6.7,mpn/100mL,N,NA
Mahtomedi Beach (White Bear Lake),82016700,2013-06-04,40.5,6.7,mpn/100mL,N,NA
Mahtomedi Beach (White Bear Lake),82016700,2013-05-28,1,2.7,mpn/100mL,N,NA
Mahtomedi Beach (White Bear Lake),82016700,2013-05-28,1,2.7,mpn/100mL,N,NA
Mahtomedi Beach (White Bear Lake),82016700,2013-05-21,7.3,7.3,mpn/100mL,N,NA
Mahtomedi Beach (White Bear Lake),82016700,2013-05-21,7.3,7.3,mpn/100mL,N,NA
Mahtomedi Beach (White Bear Lake),82016700,2012-08-21,1,1.7,mpn/100mL,N,NA
Mahtomedi Beach (White Bear Lake),82016700,2012-08-21,1,1.7,mpn/100mL,N,NA
Mahtomedi Beach (White Bear Lake),82016700,2012-08-14,1.4,2.1,mpn/100mL,N,NA
Mahtomedi Beach (White Bear Lake),82016700,2012-08-14,1.4,2.1,mpn/100mL,N,NA
Mahtomedi Beach (White Bear Lake),82016700,2012-08-07,1.4,1.9,mpn/100mL,N,NA
Mahtomedi Beach (White Bear Lake),82016700,2012-08-07,1.4,1.9,mpn/100mL,N,NA
Mahtomedi Beach (White Bear Lake),82016700,2012-07-31,2,2.5,mpn/100mL,N,NA
Mahtomedi Beach (White Bear Lake),82016700,2012-07-31,2,2.5,mpn/100mL,N,NA
Mahtomedi Beach (White Bear Lake),82016700,2012-07-24,3.9,2.2,mpn/100mL,N,NA
Mahtomedi Beach (White Bear Lake),82016700,2012-07-24,3.9,2.2,mpn/100mL,N,NA
Mahtomedi Beach (White Bear Lake),82016700,2012-07-17,2.5,4.4,mpn/100mL,N,NA
Mahtomedi Beach (White Bear Lake),82016700,2012-07-17,2.5,4.4,mpn/100mL,N,NA
Mahtomedi Beach (White Bear Lake),82016700,2012-07-10,1,5.3,mpn/100mL,N,NA
Mahtomedi Beach (White Bear Lake),82016700,2012-07-10,1,5.3,mpn/100mL,N,NA
Mahtomedi Beach (White Bear Lake),82016700,2012-07-05,5.5,5.3,mpn/100mL,N,NA
Mahtomedi Beach (White Bear Lake),82016700,2012-07-05,5.5,5.3,mpn/100mL,N,NA
Mahtomedi Beach (White Bear Lake),82016700,2012-06-26,1,5.3,mpn/100mL,N,NA
Mahtomedi Beach (White Bear Lake),82016700,2012-06-26,1,5.3,mpn/100mL,N,NA
Mahtomedi Beach (White Bear Lake),82016700,2012-06-19,126.5,9.3,mpn/100mL,N,NA
Mahtomedi Beach (White Bear Lake),82016700,2012-06-19,126.5,9.3,mpn/100mL,N,NA
Mahtomedi Beach (White Bear Lake),82016700,2012-06-12,6.3,2.5,mpn/100mL,N,NA
Mahtomedi Beach (White Bear Lake),82016700,2012-06-12,6.3,2.5,mpn/100mL,N,NA
Mahtomedi Beach (White Bear Lake),82016700,2012-06-05,1,1,mpn/100mL,N,NA
Mahtomedi Beach (White Bear Lake),82016700,2012-06-05,1,1,mpn/100mL,N,NA
Mahtomedi Beach (White Bear Lake),82016700,2011-08-30,4.7,6.3,mpn/100mL,N,NA
Mahtomedi Beach (White Bear Lake),82016700,2011-08-30,4.7,6.3,mpn/100mL,N,NA
Mahtomedi Beach (White Bear Lake),82016700,2011-08-23,7.3,5,mpn/100mL,N,NA
Mahtomedi Beach (White Bear Lake),82016700,2011-08-23,7.3,5,mpn/100mL,N,NA
Mahtomedi Beach (White Bear Lake),82016700,2011-08-16,1,3.8,mpn/100mL,N,NA
Mahtomedi Beach (White Bear Lake),82016700,2011-08-16,1,3.8,mpn/100mL,N,NA
Mahtomedi Beach (White Bear Lake),82016700,2011-08-09,5.7,6.9,mpn/100mL,N,NA
Mahtomedi Beach (White Bear Lake),82016700,2011-08-09,5.7,6.9,mpn/100mL,N,NA
Mahtomedi Beach (White Bear Lake),82016700,2011-08-02,50.3,6.1,mpn/100mL,N,NA
Mahtomedi Beach (White Bear Lake),82016700,2011-08-02,50.3,6.1,mpn/100mL,N,NA
Mahtomedi Beach (White Bear Lake),82016700,2011-07-26,1.4,4.9,mpn/100mL,N,NA
Mahtomedi Beach (White Bear Lake),82016700,2011-07-26,1.4,4.9,mpn/100mL,N,NA
Mahtomedi Beach (White Bear Lake),82016700,2011-07-19,2,16.2,mpn/100mL,N,NA
Mahtomedi Beach (White Bear Lake),82016700,2011-07-19,2,16.2,mpn/100mL,N,NA
Mahtomedi Beach (White Bear Lake),82016700,2011-07-12,19.4,27.2,mpn/100mL,N,NA
Mahtomedi Beach (White Bear Lake),82016700,2011-07-12,19.4,27.2,mpn/100mL,N,NA
Mahtomedi Beach (White Bear Lake),82016700,2011-07-05,3,30.4,mpn/100mL,N,NA
Mahtomedi Beach (White Bear Lake),82016700,2011-07-05,3,30.4,mpn/100mL,N,NA
Mahtomedi Beach (White Bear Lake),82016700,2011-06-28,17.3,95.9,mpn/100mL,N,NA
Mahtomedi Beach (White Bear Lake),82016700,2011-06-28,17.3,95.9,mpn/100mL,N,NA
Mahtomedi Beach (White Bear Lake),82016700,2011-06-21,530.5,530.5,mpn/100mL,Y,ecoli_30dayGM
Mahtomedi Beach (White Bear Lake),82016700,2011-06-21,530.5,530.5,mpn/100mL,Y,ecoli_30dayGM
Mahtomedi Beach (White Bear Lake),82016700,2010-08-24,42,5.3,mpn/100mL,N,NA
Mahtomedi Beach (White Bear Lake),82016700,2010-08-24,42,5.3,mpn/100mL,N,NA
Mahtomedi Beach (White Bear Lake),82016700,2010-08-17,1,3.5,mpn/100mL,N,NA
Mahtomedi Beach (White Bear Lake),82016700,2010-08-17,1,3.5,mpn/100mL,N,NA
Mahtomedi Beach (White Bear Lake),82016700,2010-08-10,2.9,3.7,mpn/100mL,N,NA
Mahtomedi Beach (White Bear Lake),82016700,2010-08-10,2.9,3.7,mpn/100mL,N,NA
Mahtomedi Beach (White Bear Lake),82016700,2010-08-03,34.7,4,mpn/100mL,N,NA
Mahtomedi Beach (White Bear Lake),82016700,2010-08-03,34.7,4,mpn/100mL,N,NA
Mahtomedi Beach (White Bear Lake),82016700,2010-07-27,1,1.6,mpn/100mL,N,NA
Mahtomedi Beach (White Bear Lake),82016700,2010-07-27,1,1.6,mpn/100mL,N,NA
Mahtomedi Beach (White Bear Lake),82016700,2010-07-20,5.1,2.3,mpn/100mL,N,NA
Mahtomedi Beach (White Bear Lake),82016700,2010-07-20,5.1,2.3,mpn/100mL,N,NA
Mahtomedi Beach (White Bear Lake),82016700,2010-07-13,1.4,1.7,mpn/100mL,N,NA
Mahtomedi Beach (White Bear Lake),82016700,2010-07-13,1.4,1.7,mpn/100mL,N,NA
Mahtomedi Beach (White Bear Lake),82016700,2010-06-29,1,1.8,mpn/100mL,N,NA
Mahtomedi Beach (White Bear Lake),82016700,2010-06-29,1,1.8,mpn/100mL,N,NA
Mahtomedi Beach (White Bear Lake),82016700,2010-06-22,3.9,2.4,mpn/100mL,N,NA
Mahtomedi Beach (White Bear Lake),82016700,2010-06-22,3.9,2.4,mpn/100mL,N,NA
Mahtomedi Beach (White Bear Lake),82016700,2010-06-15,1.4,1.4,mpn/100mL,N,NA
Mahtomedi Beach (White Bear Lake),82016700,2010-06-15,1.4,1.4,mpn/100mL,N,NA
Mahtomedi Beach (White Bear Lake),82016700,2009-08-25,2419.6,24.5,mpn/100mL,N,NA
Mahtomedi Beach (White Bear Lake),82016700,2009-08-25,2419.6,24.5,mpn/100mL,N,NA
Mahtomedi Beach (White Bear Lake),82016700,2009-08-18,21.9,13.7,mpn/100mL,N,NA
Mahtomedi Beach (White Bear Lake),82016700,2009-08-18,21.9,13.7,mpn/100mL,N,NA
Mahtomedi Beach (White Bear Lake),82016700,2009-08-11,1.7,8.3,mpn/100mL,N,NA
Mahtomedi Beach (White Bear Lake),82016700,2009-08-11,1.7,8.3,mpn/100mL,N,NA
Mahtomedi Beach (White Bear Lake),82016700,2009-08-04,8.4,11.8,mpn/100mL,N,NA
Mahtomedi Beach (White Bear Lake),82016700,2009-08-04,8.4,11.8,mpn/100mL,N,NA
Mahtomedi Beach (White Bear Lake),82016700,2009-07-28,11.3,13.5,mpn/100mL,N,NA
Mahtomedi Beach (White Bear Lake),82016700,2009-07-28,11.3,13.5,mpn/100mL,N,NA
Mahtomedi Beach (White Bear Lake),82016700,2009-07-21,135,11.8,mpn/100mL,N,NA
Mahtomedi Beach (White Bear Lake),82016700,2009-07-21,135,11.8,mpn/100mL,N,NA
Mahtomedi Beach (White Bear Lake),82016700,2009-07-16,1.8,6,mpn/100mL,N,NA
Mahtomedi Beach (White Bear Lake),82016700,2009-07-16,1.8,6,mpn/100mL,N,NA
Mahtomedi Beach (White Bear Lake),82016700,2009-07-07,10,6.5,mpn/100mL,N,NA
Mahtomedi Beach (White Bear Lake),82016700,2009-07-07,10,6.5,mpn/100mL,N,NA
Mahtomedi Beach (White Bear Lake),82016700,2009-07-01,17,5.8,mpn/100mL,N,NA
Mahtomedi Beach (White Bear Lake),82016700,2009-07-01,17,5.8,mpn/100mL,N,NA
Mahtomedi Beach (White Bear Lake),82016700,2009-06-23,5.7,4,mpn/100mL,N,NA
Mahtomedi Beach (White Bear Lake),82016700,2009-06-23,5.7,4,mpn/100mL,N,NA
Mahtomedi Beach (White Bear Lake),82016700,2009-06-16,4.6,3.4,mpn/100mL,N,NA
Mahtomedi Beach (White Bear Lake),82016700,2009-06-16,4.6,3.4,mpn/100mL,N,NA
Mahtomedi Beach (White Bear Lake),82016700,2009-06-09,2.5,2.5,mpn/100mL,N,NA
Mahtomedi Beach (White Bear Lake),82016700,2009-06-09,2.5,2.5,mpn/100mL,N,NA
Mahtomedi Beach (White Bear Lake),82016700,2008-09-02,3.6,4.5,mpn/100mL,N,NA
Mahtomedi Beach (White Bear Lake),82016700,2008-09-02,3.6,4.5,mpn/100mL,N,NA
Mahtomedi Beach (White Bear Lake),82016700,2008-08-19,3.6,5.1,mpn/100mL,N,NA
Mahtomedi Beach (White Bear Lake),82016700,2008-08-19,3.6,5.1,mpn/100mL,N,NA
Mahtomedi Beach (White Bear Lake),82016700,2008-08-12,3.2,4.4,mpn/100mL,N,NA
Mahtomedi Beach (White Bear Lake),82016700,2008-08-12,3.2,4.4,mpn/100mL,N,NA
Mahtomedi Beach (White Bear Lake),82016700,2008-08-05,9.7,13.6,mpn/100mL,N,NA
Mahtomedi Beach (White Bear Lake),82016700,2008-08-05,9.7,13.6,mpn/100mL,N,NA
Mahtomedi Beach (White Bear Lake),82016700,2008-07-29,30.7,11.1,mpn/100mL,N,NA
Mahtomedi Beach (White Bear Lake),82016700,2008-07-29,30.7,11.1,mpn/100mL,N,NA
Mahtomedi Beach (White Bear Lake),82016700,2008-07-22,1,7.3,mpn/100mL,N,NA
Mahtomedi Beach (White Bear Lake),82016700,2008-07-22,1,7.3,mpn/100mL,N,NA
Mahtomedi Beach (White Bear Lake),82016700,2008-07-15,1.7,7.3,mpn/100mL,N,NA
Mahtomedi Beach (White Bear Lake),82016700,2008-07-15,1.7,7.3,mpn/100mL,N,NA
Mahtomedi Beach (White Bear Lake),82016700,2008-07-10,10.9,9,mpn/100mL,N,NA
Mahtomedi Beach (White Bear Lake),82016700,2008-07-10,10.9,9,mpn/100mL,N,NA
Mahtomedi Beach (White Bear Lake),82016700,2008-07-08,1106.7,8.6,mpn/100mL,N,NA
Mahtomedi Beach (White Bear Lake),82016700,2008-07-08,1106.7,8.6,mpn/100mL,N,NA
Mahtomedi Beach (White Bear Lake),82016700,2008-07-01,2.8,2.6,mpn/100mL,N,NA
Mahtomedi Beach (White Bear Lake),82016700,2008-07-01,2.8,2.6,mpn/100mL,N,NA
Mahtomedi Beach (White Bear Lake),82016700,2008-06-24,2.4,2.5,mpn/100mL,N,NA
Mahtomedi Beach (White Bear Lake),82016700,2008-06-24,2.4,2.5,mpn/100mL,N,NA
Mahtomedi Beach (White Bear Lake),82016700,2008-06-17,1,2.5,mpn/100mL,N,NA
Mahtomedi Beach (White Bear Lake),82016700,2008-06-17,1,2.5,mpn/100mL,N,NA
Mahtomedi Beach (White Bear Lake),82016700,2008-06-11,6.2,6.2,mpn/100mL,N,NA
Mahtomedi Beach (White Bear Lake),82016700,2008-06-11,6.2,6.2,mpn/100mL,N,NA
Mahtomedi Beach (White Bear Lake),82016700,2007-09-04,1,43.1,mpn/100mL,N,NA
Mahtomedi Beach (White Bear Lake),82016700,2007-09-04,1,43.1,mpn/100mL,N,NA
Mahtomedi Beach (White Bear Lake),82016700,2007-08-28,909,48.3,mpn/100mL,N,NA
Mahtomedi Beach (White Bear Lake),82016700,2007-08-28,909,48.3,mpn/100mL,N,NA
Mahtomedi Beach (White Bear Lake),82016700,2007-08-21,51.6,14.2,mpn/100mL,N,NA
Mahtomedi Beach (White Bear Lake),82016700,2007-08-21,51.6,14.2,mpn/100mL,N,NA
Mahtomedi Beach (White Bear Lake),82016700,2007-08-14,579,6.5,mpn/100mL,N,NA
Mahtomedi Beach (White Bear Lake),82016700,2007-08-14,579,6.5,mpn/100mL,N,NA
Mahtomedi Beach (White Bear Lake),82016700,2007-08-07,5.5,3.2,mpn/100mL,N,NA
Mahtomedi Beach (White Bear Lake),82016700,2007-08-07,5.5,3.2,mpn/100mL,N,NA
Mahtomedi Beach (White Bear Lake),82016700,2007-07-31,1.8,2.7,mpn/100mL,N,NA
Mahtomedi Beach (White Bear Lake),82016700,2007-07-31,1.8,2.7,mpn/100mL,N,NA
Mahtomedi Beach (White Bear Lake),82016700,2007-07-24,2,2.5,mpn/100mL,N,NA
Mahtomedi Beach (White Bear Lake),82016700,2007-07-24,2,2.5,mpn/100mL,N,NA
Mahtomedi Beach (White Bear Lake),82016700,2007-07-17,1,4.8,mpn/100mL,N,NA
Mahtomedi Beach (White Bear Lake),82016700,2007-07-17,1,4.8,mpn/100mL,N,NA
Mahtomedi Beach (White Bear Lake),82016700,2007-07-10,18.5,8.7,mpn/100mL,N,NA
Mahtomedi Beach (White Bear Lake),82016700,2007-07-10,18.5,8.7,mpn/100mL,N,NA
Mahtomedi Beach (White Bear Lake),82016700,2007-07-02,2,7.2,mpn/100mL,N,NA
Mahtomedi Beach (White Bear Lake),82016700,2007-07-02,2,7.2,mpn/100mL,N,NA
Mahtomedi Beach (White Bear Lake),82016700,2007-06-26,1.4,11.1,mpn/100mL,N,NA
Mahtomedi Beach (White Bear Lake),82016700,2007-06-26,1.4,11.1,mpn/100mL,N,NA
Mahtomedi Beach (White Bear Lake),82016700,2007-06-19,47.4,31,mpn/100mL,N,NA
Mahtomedi Beach (White Bear Lake),82016700,2007-06-19,47.4,31,mpn/100mL,N,NA
Mahtomedi Beach (White Bear Lake),82016700,2007-06-12,20.2,20.2,mpn/100mL,N,NA
Mahtomedi Beach (White Bear Lake),82016700,2007-06-12,20.2,20.2,mpn/100mL,N,NA
Mahtomedi Beach (White Bear Lake),82016700,2006-09-05,5.9,2.6,mpn/100mL,N,NA
Mahtomedi Beach (White Bear Lake),82016700,2006-09-05,5.9,2.6,mpn/100mL,N,NA
Mahtomedi Beach (White Bear Lake),82016700,2006-08-29,2.5,3,mpn/100mL,N,NA
Mahtomedi Beach (White Bear Lake),82016700,2006-08-29,2.5,3,mpn/100mL,N,NA
Mahtomedi Beach (White Bear Lake),82016700,2006-08-22,1,2.5,mpn/100mL,N,NA
Mahtomedi Beach (White Bear Lake),82016700,2006-08-22,1,2.5,mpn/100mL,N,NA
Mahtomedi Beach (White Bear Lake),82016700,2006-08-15,3.5,2.5,mpn/100mL,N,NA
Mahtomedi Beach (White Bear Lake),82016700,2006-08-15,3.5,2.5,mpn/100mL,N,NA
Mahtomedi Beach (White Bear Lake),82016700,2006-08-08,2.4,2.1,mpn/100mL,N,NA
Mahtomedi Beach (White Bear Lake),82016700,2006-08-08,2.4,2.1,mpn/100mL,N,NA
Mahtomedi Beach (White Bear Lake),82016700,2006-08-01,11.2,1.7,mpn/100mL,N,NA
Mahtomedi Beach (White Bear Lake),82016700,2006-08-01,11.2,1.7,mpn/100mL,N,NA
Mahtomedi Beach (White Bear Lake),82016700,2006-07-25,1,1.4,mpn/100mL,N,NA
Mahtomedi Beach (White Bear Lake),82016700,2006-07-25,1,1.4,mpn/100mL,N,NA
Mahtomedi Beach (White Bear Lake),82016700,2006-07-18,1,1.4,mpn/100mL,N,NA
Mahtomedi Beach (White Bear Lake),82016700,2006-07-18,1,1.4,mpn/100mL,N,NA
Mahtomedi Beach (White Bear Lake),82016700,2006-07-11,1.4,1.8,mpn/100mL,N,NA
Mahtomedi Beach (White Bear Lake),82016700,2006-07-11,1.4,1.8,mpn/100mL,N,NA
Mahtomedi Beach (White Bear Lake),82016700,2006-07-05,1,1.9,mpn/100mL,N,NA
Mahtomedi Beach (White Bear Lake),82016700,2006-07-05,1,1.9,mpn/100mL,N,NA
Mahtomedi Beach (White Bear Lake),82016700,2006-06-27,3.9,2.3,mpn/100mL,N,NA
Mahtomedi Beach (White Bear Lake),82016700,2006-06-27,3.9,2.3,mpn/100mL,N,NA
Mahtomedi Beach (White Bear Lake),82016700,2006-06-20,1,1.7,mpn/100mL,N,NA
Mahtomedi Beach (White Bear Lake),82016700,2006-06-20,1,1.7,mpn/100mL,N,NA
Mahtomedi Beach (White Bear Lake),82016700,2006-06-14,3,3,mpn/100mL,N,NA
Mahtomedi Beach (White Bear Lake),82016700,2006-06-14,3,3,mpn/100mL,N,NA
Como,62005500,2024-08-27,59.5,15,mpn/100mL,N,NA
Como,62005500,2024-08-27,59.5,15,mpn/100mL,N,NA
Como,62005500,2024-08-20,6.2,17.6,mpn/100mL,N,NA
Como,62005500,2024-08-20,6.2,17.6,mpn/100mL,N,NA
Como,62005500,2024-08-13,3.2,31.4,mpn/100mL,N,NA
Como,62005500,2024-08-13,3.2,31.4,mpn/100mL,N,NA
Como,62005500,2024-08-06,179.7,58.3,mpn/100mL,N,NA
Como,62005500,2024-08-06,179.7,58.3,mpn/100mL,N,NA
Como,62005500,2024-07-30,3.6,25.5,mpn/100mL,N,NA
Como,62005500,2024-07-30,3.6,25.5,mpn/100mL,N,NA
Como,62005500,2024-07-23,134.4,46.4,mpn/100mL,N,NA
Como,62005500,2024-07-23,134.4,46.4,mpn/100mL,N,NA
Como,62005500,2024-07-16,110.7,24.7,mpn/100mL,N,NA
Como,62005500,2024-07-16,110.7,24.7,mpn/100mL,N,NA
Como,62005500,2024-07-09,70.4,19.3,mpn/100mL,N,NA
Como,62005500,2024-07-09,70.4,19.3,mpn/100mL,N,NA
Como,62005500,2024-07-02,2.9,19.3,mpn/100mL,N,NA
Como,62005500,2024-07-02,2.9,19.3,mpn/100mL,N,NA
Como,62005500,2024-06-25,72.1,23,mpn/100mL,N,NA
Como,62005500,2024-06-25,72.1,23,mpn/100mL,N,NA
Como,62005500,2024-06-18,5.7,37,mpn/100mL,N,NA
Como,62005500,2024-06-18,5.7,37,mpn/100mL,N,NA
Como,62005500,2024-06-11,32.3,59.2,mpn/100mL,N,NA
Como,62005500,2024-06-11,32.3,59.2,mpn/100mL,N,NA
Como,62005500,2024-06-04,70.8,72.4,mpn/100mL,N,NA
Como,62005500,2024-06-04,70.8,72.4,mpn/100mL,N,NA
Como,62005500,2024-05-28,6.8,73.2,mpn/100mL,N,NA
Como,62005500,2024-05-28,6.8,73.2,mpn/100mL,N,NA
Como,62005500,2024-05-21,785.5,785.5,mpn/100mL,Y,ecoli_30dayGM
Como,62005500,2024-05-21,785.5,785.5,mpn/100mL,Y,ecoli_30dayGM
Como,62005500,2023-08-29,17.6,8.4,mpn/100mL,N,NA
Como,62005500,2023-08-29,17.6,8.4,mpn/100mL,N,NA
Como,62005500,2023-08-22,5.7,8.5,mpn/100mL,N,NA
Como,62005500,2023-08-22,5.7,8.5,mpn/100mL,N,NA
Como,62005500,2023-08-15,30.6,9.7,mpn/100mL,N,NA
Como,62005500,2023-08-15,30.6,9.7,mpn/100mL,N,NA
Como,62005500,2023-08-08,2.7,6.9,mpn/100mL,N,NA
Como,62005500,2023-08-08,2.7,6.9,mpn/100mL,N,NA
Como,62005500,2023-08-01,5.1,11.8,mpn/100mL,N,NA
Como,62005500,2023-08-01,5.1,11.8,mpn/100mL,N,NA
Como,62005500,2023-07-25,18.1,11.3,mpn/100mL,N,NA
Como,62005500,2023-07-25,18.1,11.3,mpn/100mL,N,NA
Como,62005500,2023-07-18,11.5,8.7,mpn/100mL,N,NA
Como,62005500,2023-07-18,11.5,8.7,mpn/100mL,N,NA
Como,62005500,2023-07-11,5.5,6.7,mpn/100mL,N,NA
Como,62005500,2023-07-11,5.5,6.7,mpn/100mL,N,NA
Como,62005500,2023-07-06,40.2,5.8,mpn/100mL,N,NA
Como,62005500,2023-07-06,40.2,5.8,mpn/100mL,N,NA
Como,62005500,2023-06-27,4.1,2.9,mpn/100mL,N,NA
Como,62005500,2023-06-27,4.1,2.9,mpn/100mL,N,NA
Como,62005500,2023-06-20,4.9,3,mpn/100mL,N,NA
Como,62005500,2023-06-20,4.9,3,mpn/100mL,N,NA
Como,62005500,2023-06-13,3.1,2.7,mpn/100mL,N,NA
Como,62005500,2023-06-13,3.1,2.7,mpn/100mL,N,NA
Como,62005500,2023-06-06,2.5,2.5,mpn/100mL,N,NA
Como,62005500,2023-06-06,2.5,2.5,mpn/100mL,N,NA
Como,62005500,2023-05-30,1.4,2.6,mpn/100mL,N,NA
Como,62005500,2023-05-30,1.4,2.6,mpn/100mL,N,NA
Como,62005500,2023-05-23,4.6,4.6,mpn/100mL,N,NA
Como,62005500,2023-05-23,4.6,4.6,mpn/100mL,N,NA
Como,62005500,2022-08-30,502.6,33.5,mpn/100mL,N,NA
Como,62005500,2022-08-30,502.6,33.5,mpn/100mL,N,NA
Como,62005500,2022-08-23,21.5,12.4,mpn/100mL,N,NA
Como,62005500,2022-08-23,21.5,12.4,mpn/100mL,N,NA
Como,62005500,2022-08-16,9.4,13.1,mpn/100mL,N,NA
Como,62005500,2022-08-16,9.4,13.1,mpn/100mL,N,NA
Como,62005500,2022-08-09,72.5,14.4,mpn/100mL,N,NA
Como,62005500,2022-08-09,72.5,14.4,mpn/100mL,N,NA
Como,62005500,2022-08-02,5.7,12.5,mpn/100mL,N,NA
Como,62005500,2022-08-02,5.7,12.5,mpn/100mL,N,NA
Como,62005500,2022-07-26,3.5,11.2,mpn/100mL,N,NA
Como,62005500,2022-07-26,3.5,11.2,mpn/100mL,N,NA
Como,62005500,2022-07-19,27.8,15.6,mpn/100mL,N,NA
Como,62005500,2022-07-19,27.8,15.6,mpn/100mL,N,NA
Como,62005500,2022-07-12,15.3,11.9,mpn/100mL,N,NA
Como,62005500,2022-07-12,15.3,11.9,mpn/100mL,N,NA
Como,62005500,2022-07-05,36.1,10.4,mpn/100mL,N,NA
Como,62005500,2022-07-05,36.1,10.4,mpn/100mL,N,NA
Como,62005500,2022-06-28,3.3,14.5,mpn/100mL,N,NA
Como,62005500,2022-06-28,3.3,14.5,mpn/100mL,N,NA
Como,62005500,2022-06-21,18.4,16.8,mpn/100mL,N,NA
Como,62005500,2022-06-21,18.4,16.8,mpn/100mL,N,NA
Como,62005500,2022-06-14,7.1,16.5,mpn/100mL,N,NA
Como,62005500,2022-06-14,7.1,16.5,mpn/100mL,N,NA
Como,62005500,2022-06-07,7.9,21.8,mpn/100mL,N,NA
Como,62005500,2022-06-07,7.9,21.8,mpn/100mL,N,NA
Como,62005500,2022-05-31,191.8,36.3,mpn/100mL,N,NA
Como,62005500,2022-05-31,191.8,36.3,mpn/100mL,N,NA
Como,62005500,2022-05-24,6.9,6.9,mpn/100mL,N,NA
Como,62005500,2022-05-24,6.9,6.9,mpn/100mL,N,NA
Como,62005500,2021-08-31,32.5,44.7,mpn/100mL,N,NA
Como,62005500,2021-08-31,32.5,44.7,mpn/100mL,N,NA
Como,62005500,2021-08-24,406.9,42.3,mpn/100mL,N,NA
Como,62005500,2021-08-24,406.9,42.3,mpn/100mL,N,NA
Como,62005500,2021-08-17,23.5,16.4,mpn/100mL,N,NA
Como,62005500,2021-08-17,23.5,16.4,mpn/100mL,N,NA
Como,62005500,2021-08-10,60.8,14.5,mpn/100mL,N,NA
Como,62005500,2021-08-10,60.8,14.5,mpn/100mL,N,NA
Como,62005500,2021-08-03,9.5,9.8,mpn/100mL,N,NA
Como,62005500,2021-08-03,9.5,9.8,mpn/100mL,N,NA
Como,62005500,2021-07-27,24.7,19.7,mpn/100mL,N,NA
Como,62005500,2021-07-27,24.7,19.7,mpn/100mL,N,NA
Como,62005500,2021-07-20,3.5,25.5,mpn/100mL,N,NA
Como,62005500,2021-07-20,3.5,25.5,mpn/100mL,N,NA
Como,62005500,2021-07-13,12.6,21.2,mpn/100mL,N,NA
Como,62005500,2021-07-13,12.6,21.2,mpn/100mL,N,NA
Como,62005500,2021-07-06,8.4,17.4,mpn/100mL,N,NA
Como,62005500,2021-07-06,8.4,17.4,mpn/100mL,N,NA
Como,62005500,2021-06-29,317,14.9,mpn/100mL,N,NA
Como,62005500,2021-06-29,317,14.9,mpn/100mL,N,NA
Como,62005500,2021-06-22,90.7,13.4,mpn/100mL,N,NA
Como,62005500,2021-06-22,90.7,13.4,mpn/100mL,N,NA
Como,62005500,2021-06-15,1.4,8.3,mpn/100mL,N,NA
Como,62005500,2021-06-15,1.4,8.3,mpn/100mL,N,NA
Como,62005500,2021-06-08,4.6,15.1,mpn/100mL,N,NA
Como,62005500,2021-06-08,4.6,15.1,mpn/100mL,N,NA
Como,62005500,2021-06-01,4,27.2,mpn/100mL,N,NA
Como,62005500,2021-06-01,4,27.2,mpn/100mL,N,NA
Como,62005500,2021-05-25,186.1,186.1,mpn/100mL,Y,ecoli_30dayGM
Como,62005500,2021-05-25,186.1,186.1,mpn/100mL,Y,ecoli_30dayGM
Como,62005500,2020-09-01,10,7.5,mpn/100mL,N,NA
Como,62005500,2020-09-01,10,7.5,mpn/100mL,N,NA
Como,62005500,2020-08-25,4.4,7.6,mpn/100mL,N,NA
Como,62005500,2020-08-25,4.4,7.6,mpn/100mL,N,NA
Como,62005500,2020-08-18,11.6,7,mpn/100mL,N,NA
Como,62005500,2020-08-18,11.6,7,mpn/100mL,N,NA
Como,62005500,2020-08-11,32,7.5,mpn/100mL,N,NA
Como,62005500,2020-08-11,32,7.5,mpn/100mL,N,NA
Como,62005500,2020-08-04,1.4,4.3,mpn/100mL,N,NA
Como,62005500,2020-08-04,1.4,4.3,mpn/100mL,N,NA
Como,62005500,2020-07-28,11.3,6.4,mpn/100mL,N,NA
Como,62005500,2020-07-28,11.3,6.4,mpn/100mL,N,NA
Como,62005500,2020-07-21,2.9,9.7,mpn/100mL,N,NA
Como,62005500,2020-07-21,2.9,9.7,mpn/100mL,N,NA
Como,62005500,2020-07-14,16.2,10.9,mpn/100mL,N,NA
Como,62005500,2020-07-14,16.2,10.9,mpn/100mL,N,NA
Como,62005500,2020-07-07,2,6.9,mpn/100mL,N,NA
Como,62005500,2020-07-07,2,6.9,mpn/100mL,N,NA
Como,62005500,2020-06-30,10,6.5,mpn/100mL,N,NA
Como,62005500,2020-06-30,10,6.5,mpn/100mL,N,NA
Como,62005500,2020-06-23,91.1,7.2,mpn/100mL,N,NA
Como,62005500,2020-06-23,91.1,7.2,mpn/100mL,N,NA
Como,62005500,2020-06-16,5.1,7.7,mpn/100mL,N,NA
Como,62005500,2020-06-16,5.1,7.7,mpn/100mL,N,NA
Como,62005500,2020-06-09,1.7,8.6,mpn/100mL,N,NA
Como,62005500,2020-06-09,1.7,8.6,mpn/100mL,N,NA
Como,62005500,2020-06-02,1.4,14.6,mpn/100mL,N,NA
Como,62005500,2020-06-02,1.4,14.6,mpn/100mL,N,NA
Como,62005500,2020-05-26,17.3,46.8,mpn/100mL,N,NA
Como,62005500,2020-05-26,17.3,46.8,mpn/100mL,N,NA
Como,62005500,2020-05-19,126.3,126.3,mpn/100mL,Y,ecoli_30dayGM
Como,62005500,2020-05-19,126.3,126.3,mpn/100mL,Y,ecoli_30dayGM
Como,62005500,2019-08-27,563.1,51.6,mpn/100mL,N,NA
Como,62005500,2019-08-27,563.1,51.6,mpn/100mL,N,NA
Como,62005500,2019-08-20,228.5,27.5,mpn/100mL,N,NA
Como,62005500,2019-08-20,228.5,27.5,mpn/100mL,N,NA
Como,62005500,2019-08-13,67.9,44,mpn/100mL,N,NA
Como,62005500,2019-08-13,67.9,44,mpn/100mL,N,NA
Como,62005500,2019-08-06,2.5,33.7,mpn/100mL,N,NA
Como,62005500,2019-08-06,2.5,33.7,mpn/100mL,N,NA
Como,62005500,2019-07-30,16.6,50.3,mpn/100mL,N,NA
Como,62005500,2019-07-30,16.6,50.3,mpn/100mL,N,NA
Como,62005500,2019-07-23,24.3,45.8,mpn/100mL,N,NA
Como,62005500,2019-07-23,24.3,45.8,mpn/100mL,N,NA
Como,62005500,2019-07-16,2400,40.4,mpn/100mL,N,NA
Como,62005500,2019-07-16,2400,40.4,mpn/100mL,N,NA
Como,62005500,2019-07-09,17.9,10,mpn/100mL,N,NA
Como,62005500,2019-07-09,17.9,10,mpn/100mL,N,NA
Como,62005500,2019-07-02,18.4,10.9,mpn/100mL,N,NA
Como,62005500,2019-07-02,18.4,10.9,mpn/100mL,N,NA
Como,62005500,2019-06-25,10.4,9.8,mpn/100mL,N,NA
Como,62005500,2019-06-25,10.4,9.8,mpn/100mL,N,NA
Como,62005500,2019-06-18,13,6.1,mpn/100mL,N,NA
Como,62005500,2019-06-18,13,6.1,mpn/100mL,N,NA
Como,62005500,2019-06-11,2.3,5.1,mpn/100mL,N,NA
Como,62005500,2019-06-11,2.3,5.1,mpn/100mL,N,NA
Como,62005500,2019-06-04,27,6.6,mpn/100mL,N,NA
Como,62005500,2019-06-04,27,6.6,mpn/100mL,N,NA
Como,62005500,2019-05-28,10.7,3.3,mpn/100mL,N,NA
Como,62005500,2019-05-28,10.7,3.3,mpn/100mL,N,NA
Como,62005500,2019-05-21,1,1,mpn/100mL,N,NA
Como,62005500,2019-05-21,1,1,mpn/100mL,N,NA
Gervais ,62000700,2020-09-01,8.5,2.1,mpn/100mL,N,NA
Gervais ,62000700,2020-09-01,8.5,2.1,mpn/100mL,N,NA
Gervais ,62000700,2020-08-25,1,1.9,mpn/100mL,N,NA
Gervais ,62000700,2020-08-25,1,1.9,mpn/100mL,N,NA
Gervais ,62000700,2020-08-18,1.4,2.7,mpn/100mL,N,NA
Gervais ,62000700,2020-08-18,1.4,2.7,mpn/100mL,N,NA
Gervais ,62000700,2020-08-11,2.5,8.4,mpn/100mL,N,NA
Gervais ,62000700,2020-08-11,2.5,8.4,mpn/100mL,N,NA
Gervais ,62000700,2020-08-04,1.4,8.1,mpn/100mL,N,NA
Gervais ,62000700,2020-08-04,1.4,8.1,mpn/100mL,N,NA
Gervais ,62000700,2020-07-28,5.5,15.6,mpn/100mL,N,NA
Gervais ,62000700,2020-07-28,5.5,15.6,mpn/100mL,N,NA
Gervais ,62000700,2020-07-21,4.8,17.4,mpn/100mL,N,NA
Gervais ,62000700,2020-07-21,4.8,17.4,mpn/100mL,N,NA
Gervais ,62000700,2020-07-14,455.6,13.6,mpn/100mL,N,NA
Gervais ,62000700,2020-07-14,455.6,13.6,mpn/100mL,N,NA
Gervais ,62000700,2020-07-07,2,7.9,mpn/100mL,N,NA
Gervais ,62000700,2020-07-07,2,7.9,mpn/100mL,N,NA
Gervais ,62000700,2020-06-30,38.6,11,mpn/100mL,N,NA
Gervais ,62000700,2020-06-30,38.6,11,mpn/100mL,N,NA
Gervais ,62000700,2020-06-23,9.5,11.8,mpn/100mL,N,NA
Gervais ,62000700,2020-06-23,9.5,11.8,mpn/100mL,N,NA
Gervais ,62000700,2020-06-16,1.4,16.3,mpn/100mL,N,NA
Gervais ,62000700,2020-06-16,1.4,16.3,mpn/100mL,N,NA
Gervais ,62000700,2020-06-09,29.1,30.1,mpn/100mL,N,NA
Gervais ,62000700,2020-06-09,29.1,30.1,mpn/100mL,N,NA
Gervais ,62000700,2020-06-02,10.7,30.5,mpn/100mL,N,NA
Gervais ,62000700,2020-06-02,10.7,30.5,mpn/100mL,N,NA
Gervais ,62000700,2020-05-26,55.5,51.4,mpn/100mL,N,NA
Gervais ,62000700,2020-05-26,55.5,51.4,mpn/100mL,N,NA
Gervais ,62000700,2020-05-19,47.6,47.6,mpn/100mL,N,NA
Gervais ,62000700,2020-05-19,47.6,47.6,mpn/100mL,N,NA
Gervais ,62000700,2019-08-27,1.7,4.1,mpn/100mL,N,NA
Gervais ,62000700,2019-08-27,1.7,4.1,mpn/100mL,N,NA
Gervais ,62000700,2019-08-20,15,4,mpn/100mL,N,NA
Gervais ,62000700,2019-08-20,15,4,mpn/100mL,N,NA
Gervais ,62000700,2019-08-13,1.4,3.5,mpn/100mL,N,NA
Gervais ,62000700,2019-08-13,1.4,3.5,mpn/100mL,N,NA
Gervais ,62000700,2019-08-06,10.8,3.6,mpn/100mL,N,NA
Gervais ,62000700,2019-08-06,10.8,3.6,mpn/100mL,N,NA
Gervais ,62000700,2019-07-30,3,2.7,mpn/100mL,N,NA
Gervais ,62000700,2019-07-30,3,2.7,mpn/100mL,N,NA
Gervais ,62000700,2019-07-23,1.4,4.2,mpn/100mL,N,NA
Gervais ,62000700,2019-07-23,1.4,4.2,mpn/100mL,N,NA
Gervais ,62000700,2019-07-16,7.8,4.9,mpn/100mL,N,NA
Gervais ,62000700,2019-07-16,7.8,4.9,mpn/100mL,N,NA
Gervais ,62000700,2019-07-09,1.8,4.9,mpn/100mL,N,NA
Gervais ,62000700,2019-07-09,1.8,4.9,mpn/100mL,N,NA
Gervais ,62000700,2019-07-02,2.5,5.5,mpn/100mL,N,NA
Gervais ,62000700,2019-07-02,2.5,5.5,mpn/100mL,N,NA
Gervais ,62000700,2019-06-25,27.5,9.2,mpn/100mL,N,NA
Gervais ,62000700,2019-06-25,27.5,9.2,mpn/100mL,N,NA
Gervais ,62000700,2019-06-18,2.9,4.7,mpn/100mL,N,NA
Gervais ,62000700,2019-06-18,2.9,4.7,mpn/100mL,N,NA
Gervais ,62000700,2019-06-11,7.9,5.4,mpn/100mL,N,NA
Gervais ,62000700,2019-06-11,7.9,5.4,mpn/100mL,N,NA
Gervais ,62000700,2019-06-04,3.2,4.7,mpn/100mL,N,NA
Gervais ,62000700,2019-06-04,3.2,4.7,mpn/100mL,N,NA
Gervais ,62000700,2019-05-28,32.9,5.7,mpn/100mL,N,NA
Gervais ,62000700,2019-05-28,32.9,5.7,mpn/100mL,N,NA
Gervais ,62000700,2019-05-21,1,1,mpn/100mL,N,NA
Gervais ,62000700,2019-05-21,1,1,mpn/100mL,N,NA
Gervais ,62000700,2018-08-28,32,5.5,mpn/100mL,N,NA
Gervais ,62000700,2018-08-28,32,5.5,mpn/100mL,N,NA
Gervais ,62000700,2018-08-21,2.4,3,mpn/100mL,N,NA
Gervais ,62000700,2018-08-21,2.4,3,mpn/100mL,N,NA
Gervais ,62000700,2018-08-14,3.2,2.8,mpn/100mL,N,NA
Gervais ,62000700,2018-08-14,3.2,2.8,mpn/100mL,N,NA
Gervais ,62000700,2018-08-07,6.7,2.2,mpn/100mL,N,NA
Gervais ,62000700,2018-08-07,6.7,2.2,mpn/100mL,N,NA
Gervais ,62000700,2018-07-31,3.1,3,mpn/100mL,N,NA
Gervais ,62000700,2018-07-31,3.1,3,mpn/100mL,N,NA
Gervais ,62000700,2018-07-24,1.4,4.2,mpn/100mL,N,NA
Gervais ,62000700,2018-07-24,1.4,4.2,mpn/100mL,N,NA
Gervais ,62000700,2018-07-17,1.7,6.4,mpn/100mL,N,NA
Gervais ,62000700,2018-07-17,1.7,6.4,mpn/100mL,N,NA
Gervais ,62000700,2018-07-10,1,6.9,mpn/100mL,N,NA
Gervais ,62000700,2018-07-10,1,6.9,mpn/100mL,N,NA
Gervais ,62000700,2018-07-05,31.4,10.5,mpn/100mL,N,NA
Gervais ,62000700,2018-07-05,31.4,10.5,mpn/100mL,N,NA
Gervais ,62000700,2018-06-26,17.9,9,mpn/100mL,N,NA
Gervais ,62000700,2018-06-26,17.9,9,mpn/100mL,N,NA
Gervais ,62000700,2018-06-19,11.4,5.8,mpn/100mL,N,NA
Gervais ,62000700,2018-06-19,11.4,5.8,mpn/100mL,N,NA
Gervais ,62000700,2018-06-12,2.5,4.9,mpn/100mL,N,NA
Gervais ,62000700,2018-06-12,2.5,4.9,mpn/100mL,N,NA
Gervais ,62000700,2018-06-05,8.1,6.2,mpn/100mL,N,NA
Gervais ,62000700,2018-06-05,8.1,6.2,mpn/100mL,N,NA
Gervais ,62000700,2018-05-29,14.5,5.4,mpn/100mL,N,NA
Gervais ,62000700,2018-05-29,14.5,5.4,mpn/100mL,N,NA
Gervais ,62000700,2018-05-22,2,2,mpn/100mL,N,NA
Gervais ,62000700,2018-05-22,2,2,mpn/100mL,N,NA
Gervais ,62000700,2017-08-29,8.6,7.5,mpn/100mL,N,NA
Gervais ,62000700,2017-08-29,8.6,7.5,mpn/100mL,N,NA
Gervais ,62000700,2017-08-22,6.2,4.9,mpn/100mL,N,NA
Gervais ,62000700,2017-08-22,6.2,4.9,mpn/100mL,N,NA
Gervais ,62000700,2017-08-15,1.8,5.9,mpn/100mL,N,NA
Gervais ,62000700,2017-08-15,1.8,5.9,mpn/100mL,N,NA
Gervais ,62000700,2017-08-08,5.1,5.7,mpn/100mL,N,NA
Gervais ,62000700,2017-08-08,5.1,5.7,mpn/100mL,N,NA
Gervais ,62000700,2017-08-01,50.3,6,mpn/100mL,N,NA
Gervais ,62000700,2017-08-01,50.3,6,mpn/100mL,N,NA
Gervais ,62000700,2017-07-25,1,3,mpn/100mL,N,NA
Gervais ,62000700,2017-07-25,1,3,mpn/100mL,N,NA
Gervais ,62000700,2017-07-18,16.4,4,mpn/100mL,N,NA
Gervais ,62000700,2017-07-18,16.4,4,mpn/100mL,N,NA
Gervais ,62000700,2017-07-11,1.4,3.4,mpn/100mL,N,NA
Gervais ,62000700,2017-07-11,1.4,3.4,mpn/100mL,N,NA
Gervais ,62000700,2017-07-05,6.8,4.1,mpn/100mL,N,NA
Gervais ,62000700,2017-07-05,6.8,4.1,mpn/100mL,N,NA
Gervais ,62000700,2017-06-27,1.4,3.1,mpn/100mL,N,NA
Gervais ,62000700,2017-06-27,1.4,3.1,mpn/100mL,N,NA
Gervais ,62000700,2017-06-20,4.4,4.8,mpn/100mL,N,NA
Gervais ,62000700,2017-06-20,4.4,4.8,mpn/100mL,N,NA
Gervais ,62000700,2017-06-13,7.4,5,mpn/100mL,N,NA
Gervais ,62000700,2017-06-13,7.4,5,mpn/100mL,N,NA
Gervais ,62000700,2017-06-06,3.5,4.3,mpn/100mL,N,NA
Gervais ,62000700,2017-06-06,3.5,4.3,mpn/100mL,N,NA
Gervais ,62000700,2017-05-30,1.8,4.8,mpn/100mL,N,NA
Gervais ,62000700,2017-05-30,1.8,4.8,mpn/100mL,N,NA
Gervais ,62000700,2017-05-23,13.1,13.1,mpn/100mL,N,NA
Gervais ,62000700,2017-05-23,13.1,13.1,mpn/100mL,N,NA
Gervais ,62000700,2016-08-30,2.9,7.5,mpn/100mL,N,NA
Gervais ,62000700,2016-08-30,2.9,7.5,mpn/100mL,N,NA
Gervais ,62000700,2016-08-23,7,10.3,mpn/100mL,N,NA
Gervais ,62000700,2016-08-23,7,10.3,mpn/100mL,N,NA
Gervais ,62000700,2016-08-16,6.3,9,mpn/100mL,N,NA
Gervais ,62000700,2016-08-16,6.3,9,mpn/100mL,N,NA
Gervais ,62000700,2016-08-09,14.2,14.3,mpn/100mL,N,NA
Gervais ,62000700,2016-08-09,14.2,14.3,mpn/100mL,N,NA
Gervais ,62000700,2016-08-02,13.5,10.4,mpn/100mL,N,NA
Gervais ,62000700,2016-08-02,13.5,10.4,mpn/100mL,N,NA
Gervais ,62000700,2016-07-26,14.1,8.2,mpn/100mL,N,NA
Gervais ,62000700,2016-07-26,14.1,8.2,mpn/100mL,N,NA
Gervais ,62000700,2016-07-19,3.6,7.3,mpn/100mL,N,NA
Gervais ,62000700,2016-07-19,3.6,7.3,mpn/100mL,N,NA
Gervais ,62000700,2016-07-12,62.2,12.3,mpn/100mL,N,NA
Gervais ,62000700,2016-07-12,62.2,12.3,mpn/100mL,N,NA
Gervais ,62000700,2016-07-05,2.9,9.2,mpn/100mL,N,NA
Gervais ,62000700,2016-07-05,2.9,9.2,mpn/100mL,N,NA
Gervais ,62000700,2016-06-28,4.1,11.5,mpn/100mL,N,NA
Gervais ,62000700,2016-06-28,4.1,11.5,mpn/100mL,N,NA
Gervais ,62000700,2016-06-21,7.9,9.3,mpn/100mL,N,NA
Gervais ,62000700,2016-06-21,7.9,9.3,mpn/100mL,N,NA
Gervais ,62000700,2016-06-14,48,9.6,mpn/100mL,N,NA
Gervais ,62000700,2016-06-14,48,9.6,mpn/100mL,N,NA
Gervais ,62000700,2016-06-07,14.6,5.6,mpn/100mL,N,NA
Gervais ,62000700,2016-06-07,14.6,5.6,mpn/100mL,N,NA
Gervais ,62000700,2016-05-31,8.7,3.5,mpn/100mL,N,NA
Gervais ,62000700,2016-05-31,8.7,3.5,mpn/100mL,N,NA
Gervais ,62000700,2016-05-24,1.4,1.4,mpn/100mL,N,NA
Gervais ,62000700,2016-05-24,1.4,1.4,mpn/100mL,N,NA
Johanna ,62007800,2020-09-01,29.8,21.2,mpn/100mL,N,NA
Johanna ,62007800,2020-09-01,29.8,21.2,mpn/100mL,N,NA
Johanna ,62007800,2020-08-25,28.5,20.3,mpn/100mL,N,NA
Johanna ,62007800,2020-08-25,28.5,20.3,mpn/100mL,N,NA
Johanna ,62007800,2020-08-18,23.8,17.8,mpn/100mL,N,NA
Johanna ,62007800,2020-08-18,23.8,17.8,mpn/100mL,N,NA
Johanna ,62007800,2020-08-11,13.7,15.8,mpn/100mL,N,NA
Johanna ,62007800,2020-08-11,13.7,15.8,mpn/100mL,N,NA
Johanna ,62007800,2020-08-04,15.3,16.6,mpn/100mL,N,NA
Johanna ,62007800,2020-08-04,15.3,16.6,mpn/100mL,N,NA
Johanna ,62007800,2020-07-28,24.3,19.8,mpn/100mL,N,NA
Johanna ,62007800,2020-07-28,24.3,19.8,mpn/100mL,N,NA
Johanna ,62007800,2020-07-21,14.7,19.7,mpn/100mL,N,NA
Johanna ,62007800,2020-07-21,14.7,19.7,mpn/100mL,N,NA
Johanna ,62007800,2020-07-14,13.3,16,mpn/100mL,N,NA
Johanna ,62007800,2020-07-14,13.3,16,mpn/100mL,N,NA
Johanna ,62007800,2020-07-07,17.6,17.4,mpn/100mL,N,NA
Johanna ,62007800,2020-07-07,17.6,17.4,mpn/100mL,N,NA
Johanna ,62007800,2020-06-30,36.7,21.5,mpn/100mL,N,NA
Johanna ,62007800,2020-06-30,36.7,21.5,mpn/100mL,N,NA
Johanna ,62007800,2020-06-23,23.5,22.1,mpn/100mL,N,NA
Johanna ,62007800,2020-06-23,23.5,22.1,mpn/100mL,N,NA
Johanna ,62007800,2020-06-16,5.1,31.1,mpn/100mL,N,NA
Johanna ,62007800,2020-06-16,5.1,31.1,mpn/100mL,N,NA
Johanna ,62007800,2020-06-09,20.6,48.9,mpn/100mL,N,NA
Johanna ,62007800,2020-06-09,20.6,48.9,mpn/100mL,N,NA
Johanna ,62007800,2020-06-02,50.1,65.2,mpn/100mL,N,NA
Johanna ,62007800,2020-06-02,50.1,65.2,mpn/100mL,N,NA
Johanna ,62007800,2020-05-26,42.2,74.4,mpn/100mL,N,NA
Johanna ,62007800,2020-05-26,42.2,74.4,mpn/100mL,N,NA
Johanna ,62007800,2020-05-19,131.1,131.1,mpn/100mL,Y,ecoli_30dayGM
Johanna ,62007800,2020-05-19,131.1,131.1,mpn/100mL,Y,ecoli_30dayGM
Johanna ,62007800,2019-08-27,16.6,11.8,mpn/100mL,N,NA
Johanna ,62007800,2019-08-27,16.6,11.8,mpn/100mL,N,NA
Johanna ,62007800,2019-08-20,72,8.3,mpn/100mL,N,NA
Johanna ,62007800,2019-08-20,72,8.3,mpn/100mL,N,NA
Johanna ,62007800,2019-08-13,3.2,11.2,mpn/100mL,N,NA
Johanna ,62007800,2019-08-13,3.2,11.2,mpn/100mL,N,NA
Johanna ,62007800,2019-08-06,29.7,21.7,mpn/100mL,N,NA
Johanna ,62007800,2019-08-06,29.7,21.7,mpn/100mL,N,NA
Johanna ,62007800,2019-07-30,2,21.9,mpn/100mL,N,NA
Johanna ,62007800,2019-07-30,2,21.9,mpn/100mL,N,NA
Johanna ,62007800,2019-07-23,2.9,53.3,mpn/100mL,N,NA
Johanna ,62007800,2019-07-23,2.9,53.3,mpn/100mL,N,NA
Johanna ,62007800,2019-07-16,316.8,74.7,mpn/100mL,N,NA
Johanna ,62007800,2019-07-16,316.8,74.7,mpn/100mL,N,NA
Johanna ,62007800,2019-07-09,88.8,31.7,mpn/100mL,N,NA
Johanna ,62007800,2019-07-09,88.8,31.7,mpn/100mL,N,NA
Johanna ,62007800,2019-07-02,31.1,19.8,mpn/100mL,N,NA
Johanna ,62007800,2019-07-02,31.1,19.8,mpn/100mL,N,NA
Johanna ,62007800,2019-06-25,172.2,19.7,mpn/100mL,N,NA
Johanna ,62007800,2019-06-25,172.2,19.7,mpn/100mL,N,NA
Johanna ,62007800,2019-06-18,15.4,11.4,mpn/100mL,N,NA
Johanna ,62007800,2019-06-18,15.4,11.4,mpn/100mL,N,NA
Johanna ,62007800,2019-06-11,4.3,10.6,mpn/100mL,N,NA
Johanna ,62007800,2019-06-11,4.3,10.6,mpn/100mL,N,NA
Johanna ,62007800,2019-06-04,8.4,14.2,mpn/100mL,N,NA
Johanna ,62007800,2019-06-04,8.4,14.2,mpn/100mL,N,NA
Johanna ,62007800,2019-05-28,30.5,18.5,mpn/100mL,N,NA
Johanna ,62007800,2019-05-28,30.5,18.5,mpn/100mL,N,NA
Johanna ,62007800,2019-05-21,11.3,11.3,mpn/100mL,N,NA
Johanna ,62007800,2019-05-21,11.3,11.3,mpn/100mL,N,NA
Johanna ,62007800,2018-08-28,86.8,21.9,mpn/100mL,N,NA
Johanna ,62007800,2018-08-28,86.8,21.9,mpn/100mL,N,NA
Johanna ,62007800,2018-08-21,24,12.1,mpn/100mL,N,NA
Johanna ,62007800,2018-08-21,24,12.1,mpn/100mL,N,NA
Johanna ,62007800,2018-08-14,7.5,13.8,mpn/100mL,N,NA
Johanna ,62007800,2018-08-14,7.5,13.8,mpn/100mL,N,NA
Johanna ,62007800,2018-08-07,23.9,11.7,mpn/100mL,N,NA
Johanna ,62007800,2018-08-07,23.9,11.7,mpn/100mL,N,NA
Johanna ,62007800,2018-07-31,13.4,10.7,mpn/100mL,N,NA
Johanna ,62007800,2018-07-31,13.4,10.7,mpn/100mL,N,NA
Johanna ,62007800,2018-07-24,4.4,13.4,mpn/100mL,N,NA
Johanna ,62007800,2018-07-24,4.4,13.4,mpn/100mL,N,NA
Johanna ,62007800,2018-07-17,47.1,31.2,mpn/100mL,N,NA
Johanna ,62007800,2018-07-17,47.1,31.2,mpn/100mL,N,NA
Johanna ,62007800,2018-07-10,3.2,35.1,mpn/100mL,N,NA
Johanna ,62007800,2018-07-10,3.2,35.1,mpn/100mL,N,NA
Johanna ,62007800,2018-07-05,15.2,77.8,mpn/100mL,N,NA
Johanna ,62007800,2018-07-05,15.2,77.8,mpn/100mL,N,NA
Johanna ,62007800,2018-06-26,41.6,94.6,mpn/100mL,N,NA
Johanna ,62007800,2018-06-26,41.6,94.6,mpn/100mL,N,NA
Johanna ,62007800,2018-06-19,307.7,71.6,mpn/100mL,N,NA
Johanna ,62007800,2018-06-19,307.7,71.6,mpn/100mL,N,NA
Johanna ,62007800,2018-06-12,85,49.7,mpn/100mL,N,NA
Johanna ,62007800,2018-06-12,85,49.7,mpn/100mL,N,NA
Johanna ,62007800,2018-06-05,172.4,41.6,mpn/100mL,N,NA
Johanna ,62007800,2018-06-05,172.4,41.6,mpn/100mL,N,NA
Johanna ,62007800,2018-05-29,40.4,20.4,mpn/100mL,N,NA
Johanna ,62007800,2018-05-29,40.4,20.4,mpn/100mL,N,NA
Johanna ,62007800,2018-05-22,10.3,10.3,mpn/100mL,N,NA
Johanna ,62007800,2018-05-22,10.3,10.3,mpn/100mL,N,NA
Johanna ,62007800,2017-08-29,69.2,8.1,mpn/100mL,N,NA
Johanna ,62007800,2017-08-29,69.2,8.1,mpn/100mL,N,NA
Johanna ,62007800,2017-08-22,65.9,3.5,mpn/100mL,N,NA
Johanna ,62007800,2017-08-22,65.9,3.5,mpn/100mL,N,NA
Johanna ,62007800,2017-08-15,1.4,2,mpn/100mL,N,NA
Johanna ,62007800,2017-08-15,1.4,2,mpn/100mL,N,NA
Johanna ,62007800,2017-08-08,1.8,2.1,mpn/100mL,N,NA
Johanna ,62007800,2017-08-08,1.8,2.1,mpn/100mL,N,NA
Johanna ,62007800,2017-08-01,3,3.5,mpn/100mL,N,NA
Johanna ,62007800,2017-08-01,3,3.5,mpn/100mL,N,NA
Johanna ,62007800,2017-07-25,1,9.4,mpn/100mL,N,NA
Johanna ,62007800,2017-07-25,1,9.4,mpn/100mL,N,NA
Johanna ,62007800,2017-07-18,4.4,20.2,mpn/100mL,N,NA
Johanna ,62007800,2017-07-18,4.4,20.2,mpn/100mL,N,NA
Johanna ,62007800,2017-07-11,1.8,37.7,mpn/100mL,N,NA
Johanna ,62007800,2017-07-11,1.8,37.7,mpn/100mL,N,NA
Johanna ,62007800,2017-07-05,20.8,64.6,mpn/100mL,N,NA
Johanna ,62007800,2017-07-05,20.8,64.6,mpn/100mL,N,NA
Johanna ,62007800,2017-06-27,466.4,54.7,mpn/100mL,N,NA
Johanna ,62007800,2017-06-27,466.4,54.7,mpn/100mL,N,NA
Johanna ,62007800,2017-06-20,44.9,24,mpn/100mL,N,NA
Johanna ,62007800,2017-06-20,44.9,24,mpn/100mL,N,NA
Johanna ,62007800,2017-06-13,99.1,20.5,mpn/100mL,N,NA
Johanna ,62007800,2017-06-13,99.1,20.5,mpn/100mL,N,NA
Johanna ,62007800,2017-06-06,26.1,12.1,mpn/100mL,N,NA
Johanna ,62007800,2017-06-06,26.1,12.1,mpn/100mL,N,NA
Johanna ,62007800,2017-05-30,9.1,8.3,mpn/100mL,N,NA
Johanna ,62007800,2017-05-30,9.1,8.3,mpn/100mL,N,NA
Johanna ,62007800,2017-05-23,7.6,7.6,mpn/100mL,N,NA
Johanna ,62007800,2017-05-23,7.6,7.6,mpn/100mL,N,NA
Johanna ,62007800,2016-08-30,179.3,13.6,mpn/100mL,N,NA
Johanna ,62007800,2016-08-30,179.3,13.6,mpn/100mL,N,NA
Johanna ,62007800,2016-08-23,2.4,10.2,mpn/100mL,N,NA
Johanna ,62007800,2016-08-23,2.4,10.2,mpn/100mL,N,NA
Johanna ,62007800,2016-08-16,5.7,8.5,mpn/100mL,N,NA
Johanna ,62007800,2016-08-16,5.7,8.5,mpn/100mL,N,NA
Johanna ,62007800,2016-08-09,3.6,16.1,mpn/100mL,N,NA
Johanna ,62007800,2016-08-09,3.6,16.1,mpn/100mL,N,NA
Johanna ,62007800,2016-08-02,51.6,26.2,mpn/100mL,N,NA
Johanna ,62007800,2016-08-02,51.6,26.2,mpn/100mL,N,NA
Johanna ,62007800,2016-07-26,42.6,25.2,mpn/100mL,N,NA
Johanna ,62007800,2016-07-26,42.6,25.2,mpn/100mL,N,NA
Johanna ,62007800,2016-07-19,1,21.1,mpn/100mL,N,NA
Johanna ,62007800,2016-07-19,1,21.1,mpn/100mL,N,NA
Johanna ,62007800,2016-07-12,138,36.2,mpn/100mL,N,NA
Johanna ,62007800,2016-07-12,138,36.2,mpn/100mL,N,NA
Johanna ,62007800,2016-07-05,40.9,18.2,mpn/100mL,N,NA
Johanna ,62007800,2016-07-05,40.9,18.2,mpn/100mL,N,NA
Johanna ,62007800,2016-06-28,41.9,27,mpn/100mL,N,NA
Johanna ,62007800,2016-06-28,41.9,27,mpn/100mL,N,NA
Johanna ,62007800,2016-06-21,17.8,15.3,mpn/100mL,N,NA
Johanna ,62007800,2016-06-21,17.8,15.3,mpn/100mL,N,NA
Johanna ,62007800,2016-06-14,14.6,14.8,mpn/100mL,N,NA
Johanna ,62007800,2016-06-14,14.6,14.8,mpn/100mL,N,NA
Johanna ,62007800,2016-06-07,4.4,14.8,mpn/100mL,N,NA
Johanna ,62007800,2016-06-07,4.4,14.8,mpn/100mL,N,NA
Johanna ,62007800,2016-05-31,295.3,27.1,mpn/100mL,N,NA
Johanna ,62007800,2016-05-31,295.3,27.1,mpn/100mL,N,NA
Johanna ,62007800,2016-05-24,2.5,2.5,mpn/100mL,N,NA
Johanna ,62007800,2016-05-24,2.5,2.5,mpn/100mL,N,NA
Josephine ,62005700,2020-09-01,1,2.1,mpn/100mL,N,NA
Josephine ,62005700,2020-09-01,1,2.1,mpn/100mL,N,NA
Josephine ,62005700,2020-08-25,1.7,3.4,mpn/100mL,N,NA
Josephine ,62005700,2020-08-25,1.7,3.4,mpn/100mL,N,NA
Josephine ,62005700,2020-08-18,1.4,3.6,mpn/100mL,N,NA
Josephine ,62005700,2020-08-18,1.4,3.6,mpn/100mL,N,NA
Josephine ,62005700,2020-08-11,1.4,3.4,mpn/100mL,N,NA
Josephine ,62005700,2020-08-11,1.4,3.4,mpn/100mL,N,NA
Josephine ,62005700,2020-08-04,10.9,3.7,mpn/100mL,N,NA
Josephine ,62005700,2020-08-04,10.9,3.7,mpn/100mL,N,NA
Josephine ,62005700,2020-07-28,11.8,2.9,mpn/100mL,N,NA
Josephine ,62005700,2020-07-28,11.8,2.9,mpn/100mL,N,NA
Josephine ,62005700,2020-07-21,2.5,2.7,mpn/100mL,N,NA
Josephine ,62005700,2020-07-21,2.5,2.7,mpn/100mL,N,NA
Josephine ,62005700,2020-07-14,1,2.2,mpn/100mL,N,NA
Josephine ,62005700,2020-07-14,1,2.2,mpn/100mL,N,NA
Josephine ,62005700,2020-07-07,2,2.2,mpn/100mL,N,NA
Josephine ,62005700,2020-07-07,2,2.2,mpn/100mL,N,NA
Josephine ,62005700,2020-06-30,3.6,3,mpn/100mL,N,NA
Josephine ,62005700,2020-06-30,3.6,3,mpn/100mL,N,NA
Josephine ,62005700,2020-06-23,7.6,2.9,mpn/100mL,N,NA
Josephine ,62005700,2020-06-23,7.6,2.9,mpn/100mL,N,NA
Josephine ,62005700,2020-06-16,1,2.3,mpn/100mL,N,NA
Josephine ,62005700,2020-06-16,1,2.3,mpn/100mL,N,NA
Josephine ,62005700,2020-06-09,1,2.8,mpn/100mL,N,NA
Josephine ,62005700,2020-06-09,1,2.8,mpn/100mL,N,NA
Josephine ,62005700,2020-06-02,8.7,4,mpn/100mL,N,NA
Josephine ,62005700,2020-06-02,8.7,4,mpn/100mL,N,NA
Josephine ,62005700,2020-05-26,3.2,2.7,mpn/100mL,N,NA
Josephine ,62005700,2020-05-26,3.2,2.7,mpn/100mL,N,NA
Josephine ,62005700,2020-05-19,2.3,2.3,mpn/100mL,N,NA
Josephine ,62005700,2020-05-19,2.3,2.3,mpn/100mL,N,NA
Josephine ,62005700,2019-08-27,22.2,3.2,mpn/100mL,N,NA
Josephine ,62005700,2019-08-27,22.2,3.2,mpn/100mL,N,NA
Josephine ,62005700,2019-08-20,11.1,1.7,mpn/100mL,N,NA
Josephine ,62005700,2019-08-20,11.1,1.7,mpn/100mL,N,NA
Josephine ,62005700,2019-08-13,1,1.6,mpn/100mL,N,NA
Josephine ,62005700,2019-08-13,1,1.6,mpn/100mL,N,NA
Josephine ,62005700,2019-08-06,1.4,1.8,mpn/100mL,N,NA
Josephine ,62005700,2019-08-06,1.4,1.8,mpn/100mL,N,NA
Josephine ,62005700,2019-07-30,1,2.1,mpn/100mL,N,NA
Josephine ,62005700,2019-07-30,1,2.1,mpn/100mL,N,NA
Josephine ,62005700,2019-07-23,1,3.3,mpn/100mL,N,NA
Josephine ,62005700,2019-07-23,1,3.3,mpn/100mL,N,NA
Josephine ,62005700,2019-07-16,7.5,3.3,mpn/100mL,N,NA
Josephine ,62005700,2019-07-16,7.5,3.3,mpn/100mL,N,NA
Josephine ,62005700,2019-07-09,2,2.6,mpn/100mL,N,NA
Josephine ,62005700,2019-07-09,2,2.6,mpn/100mL,N,NA
Josephine ,62005700,2019-07-02,2.9,3.7,mpn/100mL,N,NA
Josephine ,62005700,2019-07-02,2.9,3.7,mpn/100mL,N,NA
Josephine ,62005700,2019-06-25,9.3,4.9,mpn/100mL,N,NA
Josephine ,62005700,2019-06-25,9.3,4.9,mpn/100mL,N,NA
Josephine ,62005700,2019-06-18,1,3.3,mpn/100mL,N,NA
Josephine ,62005700,2019-06-18,1,3.3,mpn/100mL,N,NA
Josephine ,62005700,2019-06-11,2,4.5,mpn/100mL,N,NA
Josephine ,62005700,2019-06-11,2,4.5,mpn/100mL,N,NA
Josephine ,62005700,2019-06-04,12.1,5.9,mpn/100mL,N,NA
Josephine ,62005700,2019-06-04,12.1,5.9,mpn/100mL,N,NA
Josephine ,62005700,2019-05-28,12,4.1,mpn/100mL,N,NA
Josephine ,62005700,2019-05-28,12,4.1,mpn/100mL,N,NA
Josephine ,62005700,2019-05-21,1.4,1.4,mpn/100mL,N,NA
Josephine ,62005700,2019-05-21,1.4,1.4,mpn/100mL,N,NA
Josephine ,62005700,2018-08-28,16.2,8.3,mpn/100mL,N,NA
Josephine ,62005700,2018-08-28,16.2,8.3,mpn/100mL,N,NA
Josephine ,62005700,2018-08-21,7,5.1,mpn/100mL,N,NA
Josephine ,62005700,2018-08-21,7,5.1,mpn/100mL,N,NA
Josephine ,62005700,2018-08-14,1.4,3.9,mpn/100mL,N,NA
Josephine ,62005700,2018-08-14,1.4,3.9,mpn/100mL,N,NA
Josephine ,62005700,2018-08-07,30.6,4.1,mpn/100mL,N,NA
Josephine ,62005700,2018-08-07,30.6,4.1,mpn/100mL,N,NA
Josephine ,62005700,2018-07-31,7.8,3.1,mpn/100mL,N,NA
Josephine ,62005700,2018-07-31,7.8,3.1,mpn/100mL,N,NA
Josephine ,62005700,2018-07-24,1.4,4.4,mpn/100mL,N,NA
Josephine ,62005700,2018-07-24,1.4,4.4,mpn/100mL,N,NA
Josephine ,62005700,2018-07-17,2,6.7,mpn/100mL,N,NA
Josephine ,62005700,2018-07-17,2,6.7,mpn/100mL,N,NA
Josephine ,62005700,2018-07-10,1.8,8,mpn/100mL,N,NA
Josephine ,62005700,2018-07-10,1.8,8,mpn/100mL,N,NA
Josephine ,62005700,2018-07-05,7.3,8.5,mpn/100mL,N,NA
Josephine ,62005700,2018-07-05,7.3,8.5,mpn/100mL,N,NA
Josephine ,62005700,2018-06-26,46.4,8.6,mpn/100mL,N,NA
Josephine ,62005700,2018-06-26,46.4,8.6,mpn/100mL,N,NA
Josephine ,62005700,2018-06-19,11.5,5.3,mpn/100mL,N,NA
Josephine ,62005700,2018-06-19,11.5,5.3,mpn/100mL,N,NA
Josephine ,62005700,2018-06-12,4.8,4.3,mpn/100mL,N,NA
Josephine ,62005700,2018-06-12,4.8,4.3,mpn/100mL,N,NA
Josephine ,62005700,2018-06-05,2.4,4.2,mpn/100mL,N,NA
Josephine ,62005700,2018-06-05,2.4,4.2,mpn/100mL,N,NA
Josephine ,62005700,2018-05-29,7.4,5.5,mpn/100mL,N,NA
Josephine ,62005700,2018-05-29,7.4,5.5,mpn/100mL,N,NA
Josephine ,62005700,2018-05-22,4.1,4.1,mpn/100mL,N,NA
Josephine ,62005700,2018-05-22,4.1,4.1,mpn/100mL,N,NA
Josephine ,62005700,2017-08-29,2,7.8,mpn/100mL,N,NA
Josephine ,62005700,2017-08-29,2,7.8,mpn/100mL,N,NA
Josephine ,62005700,2017-08-22,19.9,11.2,mpn/100mL,N,NA
Josephine ,62005700,2017-08-22,19.9,11.2,mpn/100mL,N,NA
Josephine ,62005700,2017-08-15,8.7,10.7,mpn/100mL,N,NA
Josephine ,62005700,2017-08-15,8.7,10.7,mpn/100mL,N,NA
Josephine ,62005700,2017-08-08,3.6,8.2,mpn/100mL,N,NA
Josephine ,62005700,2017-08-08,3.6,8.2,mpn/100mL,N,NA
Josephine ,62005700,2017-08-01,23.3,8.5,mpn/100mL,N,NA
Josephine ,62005700,2017-08-01,23.3,8.5,mpn/100mL,N,NA
Josephine ,62005700,2017-07-25,12,4.5,mpn/100mL,N,NA
Josephine ,62005700,2017-07-25,12,4.5,mpn/100mL,N,NA
Josephine ,62005700,2017-07-18,15.9,3.6,mpn/100mL,N,NA
Josephine ,62005700,2017-07-18,15.9,3.6,mpn/100mL,N,NA
Josephine ,62005700,2017-07-11,2.3,4,mpn/100mL,N,NA
Josephine ,62005700,2017-07-11,2.3,4,mpn/100mL,N,NA
Josephine ,62005700,2017-07-05,4.4,5.7,mpn/100mL,N,NA
Josephine ,62005700,2017-07-05,4.4,5.7,mpn/100mL,N,NA
Josephine ,62005700,2017-06-27,1,6.7,mpn/100mL,N,NA
Josephine ,62005700,2017-06-27,1,6.7,mpn/100mL,N,NA
Josephine ,62005700,2017-06-20,3.6,10.1,mpn/100mL,N,NA
Josephine ,62005700,2017-06-20,3.6,10.1,mpn/100mL,N,NA
Josephine ,62005700,2017-06-13,27.1,13.1,mpn/100mL,N,NA
Josephine ,62005700,2017-06-13,27.1,13.1,mpn/100mL,N,NA
Josephine ,62005700,2017-06-06,13.5,10.3,mpn/100mL,N,NA
Josephine ,62005700,2017-06-06,13.5,10.3,mpn/100mL,N,NA
Josephine ,62005700,2017-05-30,10.3,9,mpn/100mL,N,NA
Josephine ,62005700,2017-05-30,10.3,9,mpn/100mL,N,NA
Josephine ,62005700,2017-05-23,7.9,7.9,mpn/100mL,N,NA
Josephine ,62005700,2017-05-23,7.9,7.9,mpn/100mL,N,NA
Josephine ,62005700,2016-08-30,27,28.2,mpn/100mL,N,NA
Josephine ,62005700,2016-08-30,27,28.2,mpn/100mL,N,NA
Josephine ,62005700,2016-08-23,5,20.7,mpn/100mL,N,NA
Josephine ,62005700,2016-08-23,5,20.7,mpn/100mL,N,NA
Josephine ,62005700,2016-08-16,3.5,18,mpn/100mL,N,NA
Josephine ,62005700,2016-08-16,3.5,18,mpn/100mL,N,NA
Josephine ,62005700,2016-08-09,300.4,35,mpn/100mL,N,NA
Josephine ,62005700,2016-08-09,300.4,35,mpn/100mL,N,NA
Josephine ,62005700,2016-08-02,124.9,18.6,mpn/100mL,N,NA
Josephine ,62005700,2016-08-02,124.9,18.6,mpn/100mL,N,NA
Josephine ,62005700,2016-07-26,5.8,7.1,mpn/100mL,N,NA
Josephine ,62005700,2016-07-26,5.8,7.1,mpn/100mL,N,NA
Josephine ,62005700,2016-07-19,2.5,7,mpn/100mL,N,NA
Josephine ,62005700,2016-07-19,2.5,7,mpn/100mL,N,NA
Josephine ,62005700,2016-07-12,96.5,6.3,mpn/100mL,N,NA
Josephine ,62005700,2016-07-12,96.5,6.3,mpn/100mL,N,NA
Josephine ,62005700,2016-07-05,12.7,3,mpn/100mL,N,NA
Josephine ,62005700,2016-07-05,12.7,3,mpn/100mL,N,NA
Josephine ,62005700,2016-06-28,1,3.6,mpn/100mL,N,NA
Josephine ,62005700,2016-06-28,1,3.6,mpn/100mL,N,NA
Josephine ,62005700,2016-06-21,5.5,5.4,mpn/100mL,N,NA
Josephine ,62005700,2016-06-21,5.5,5.4,mpn/100mL,N,NA
Josephine ,62005700,2016-06-14,1.4,5.3,mpn/100mL,N,NA
Josephine ,62005700,2016-06-14,1.4,5.3,mpn/100mL,N,NA
Josephine ,62005700,2016-06-07,2.4,8.3,mpn/100mL,N,NA
Josephine ,62005700,2016-06-07,2.4,8.3,mpn/100mL,N,NA
Josephine ,62005700,2016-05-31,29.8,15.2,mpn/100mL,N,NA
Josephine ,62005700,2016-05-31,29.8,15.2,mpn/100mL,N,NA
Josephine ,62005700,2016-05-24,7.7,7.7,mpn/100mL,N,NA
Josephine ,62005700,2016-05-24,7.7,7.7,mpn/100mL,N,NA
Long ,62006700,2020-09-01,3.6,6.8,mpn/100mL,N,NA
Long ,62006700,2020-09-01,3.6,6.8,mpn/100mL,N,NA
Long ,62006700,2020-08-25,1,8.8,mpn/100mL,N,NA
Long ,62006700,2020-08-25,1,8.8,mpn/100mL,N,NA
Long ,62006700,2020-08-18,5.1,27.2,mpn/100mL,N,NA
Long ,62006700,2020-08-18,5.1,27.2,mpn/100mL,N,NA
Long ,62006700,2020-08-11,25.4,30.7,mpn/100mL,N,NA
Long ,62006700,2020-08-11,25.4,30.7,mpn/100mL,N,NA
Long ,62006700,2020-08-04,31.4,58.5,mpn/100mL,N,NA
Long ,62006700,2020-08-04,31.4,58.5,mpn/100mL,N,NA
Long ,62006700,2020-07-28,13.2,70.1,mpn/100mL,N,NA
Long ,62006700,2020-07-28,13.2,70.1,mpn/100mL,N,NA
Long ,62006700,2020-07-21,276.3,69.9,mpn/100mL,N,NA
Long ,62006700,2020-07-21,276.3,69.9,mpn/100mL,N,NA
Long ,62006700,2020-07-14,9.4,25.4,mpn/100mL,N,NA
Long ,62006700,2020-07-14,9.4,25.4,mpn/100mL,N,NA
Long ,62006700,2020-07-07,635.7,17.4,mpn/100mL,N,NA
Long ,62006700,2020-07-07,635.7,17.4,mpn/100mL,N,NA
Long ,62006700,2020-06-30,77.3,8.2,mpn/100mL,N,NA
Long ,62006700,2020-06-30,77.3,8.2,mpn/100mL,N,NA
Long ,62006700,2020-06-23,13.1,4.1,mpn/100mL,N,NA
Long ,62006700,2020-06-23,13.1,4.1,mpn/100mL,N,NA
Long ,62006700,2020-06-16,1.8,3.5,mpn/100mL,N,NA
Long ,62006700,2020-06-16,1.8,3.5,mpn/100mL,N,NA
Long ,62006700,2020-06-09,1.4,4.1,mpn/100mL,N,NA
Long ,62006700,2020-06-09,1.4,4.1,mpn/100mL,N,NA
Long ,62006700,2020-06-02,15.1,5.9,mpn/100mL,N,NA
Long ,62006700,2020-06-02,15.1,5.9,mpn/100mL,N,NA
Long ,62006700,2020-05-26,2.5,3.7,mpn/100mL,N,NA
Long ,62006700,2020-05-26,2.5,3.7,mpn/100mL,N,NA
Long ,62006700,2020-05-19,5.5,5.5,mpn/100mL,N,NA
Long ,62006700,2020-05-19,5.5,5.5,mpn/100mL,N,NA
Long ,62006700,2019-08-27,3.6,18.6,mpn/100mL,N,NA
Long ,62006700,2019-08-27,3.6,18.6,mpn/100mL,N,NA
Long ,62006700,2019-08-20,349.6,18.6,mpn/100mL,N,NA
Long ,62006700,2019-08-20,349.6,18.6,mpn/100mL,N,NA
Long ,62006700,2019-08-13,7.1,16.1,mpn/100mL,N,NA
Long ,62006700,2019-08-13,7.1,16.1,mpn/100mL,N,NA
Long ,62006700,2019-08-06,79,13.8,mpn/100mL,N,NA
Long ,62006700,2019-08-06,79,13.8,mpn/100mL,N,NA
Long ,62006700,2019-07-30,3.2,10.5,mpn/100mL,N,NA
Long ,62006700,2019-07-30,3.2,10.5,mpn/100mL,N,NA
Long ,62006700,2019-07-23,3.5,15.9,mpn/100mL,N,NA
Long ,62006700,2019-07-23,3.5,15.9,mpn/100mL,N,NA
Long ,62006700,2019-07-16,170.8,15.1,mpn/100mL,N,NA
Long ,62006700,2019-07-16,170.8,15.1,mpn/100mL,N,NA
Long ,62006700,2019-07-09,3.2,6.5,mpn/100mL,N,NA
Long ,62006700,2019-07-09,3.2,6.5,mpn/100mL,N,NA
Long ,62006700,2019-07-02,20.5,5.5,mpn/100mL,N,NA
Long ,62006700,2019-07-02,20.5,5.5,mpn/100mL,N,NA
Long ,62006700,2019-06-25,25.4,4.9,mpn/100mL,N,NA
Long ,62006700,2019-06-25,25.4,4.9,mpn/100mL,N,NA
Long ,62006700,2019-06-18,2.7,3.2,mpn/100mL,N,NA
Long ,62006700,2019-06-18,2.7,3.2,mpn/100mL,N,NA
Long ,62006700,2019-06-11,2.5,3.3,mpn/100mL,N,NA
Long ,62006700,2019-06-11,2.5,3.3,mpn/100mL,N,NA
Long ,62006700,2019-06-04,1.4,3.6,mpn/100mL,N,NA
Long ,62006700,2019-06-04,1.4,3.6,mpn/100mL,N,NA
Long ,62006700,2019-05-28,11.8,5.8,mpn/100mL,N,NA
Long ,62006700,2019-05-28,11.8,5.8,mpn/100mL,N,NA
Long ,62006700,2019-05-21,2.9,2.9,mpn/100mL,N,NA
Long ,62006700,2019-05-21,2.9,2.9,mpn/100mL,N,NA
Long ,62006700,2018-08-28,3.3,10.1,mpn/100mL,N,NA
Long ,62006700,2018-08-28,3.3,10.1,mpn/100mL,N,NA
Long ,62006700,2018-08-21,19.1,11.3,mpn/100mL,N,NA
Long ,62006700,2018-08-21,19.1,11.3,mpn/100mL,N,NA
Long ,62006700,2018-08-14,7.7,10.1,mpn/100mL,N,NA
Long ,62006700,2018-08-14,7.7,10.1,mpn/100mL,N,NA
Long ,62006700,2018-08-07,11,9.8,mpn/100mL,N,NA
Long ,62006700,2018-08-07,11,9.8,mpn/100mL,N,NA
Long ,62006700,2018-07-31,20.3,10.7,mpn/100mL,N,NA
Long ,62006700,2018-07-31,20.3,10.7,mpn/100mL,N,NA
Long ,62006700,2018-07-24,5.7,12.2,mpn/100mL,N,NA
Long ,62006700,2018-07-24,5.7,12.2,mpn/100mL,N,NA
Long ,62006700,2018-07-17,10.6,16.4,mpn/100mL,N,NA
Long ,62006700,2018-07-17,10.6,16.4,mpn/100mL,N,NA
Long ,62006700,2018-07-10,6.7,28.7,mpn/100mL,N,NA
Long ,62006700,2018-07-10,6.7,28.7,mpn/100mL,N,NA
Long ,62006700,2018-07-05,17.1,27.8,mpn/100mL,N,NA
Long ,62006700,2018-07-05,17.1,27.8,mpn/100mL,N,NA
Long ,62006700,2018-06-26,38.3,18.2,mpn/100mL,N,NA
Long ,62006700,2018-06-26,38.3,18.2,mpn/100mL,N,NA
Long ,62006700,2018-06-19,25.8,10.3,mpn/100mL,N,NA
Long ,62006700,2018-06-19,25.8,10.3,mpn/100mL,N,NA
Long ,62006700,2018-06-12,172.9,8.2,mpn/100mL,N,NA
Long ,62006700,2018-06-12,172.9,8.2,mpn/100mL,N,NA
Long ,62006700,2018-06-05,5.7,3,mpn/100mL,N,NA
Long ,62006700,2018-06-05,5.7,3,mpn/100mL,N,NA
Long ,62006700,2018-05-29,2,2.1,mpn/100mL,N,NA
Long ,62006700,2018-05-29,2,2.1,mpn/100mL,N,NA
Long ,62006700,2018-05-22,2.3,2.3,mpn/100mL,N,NA
Long ,62006700,2018-05-22,2.3,2.3,mpn/100mL,N,NA
Long ,62006700,2017-08-29,10.7,4.5,mpn/100mL,N,NA
Long ,62006700,2017-08-29,10.7,4.5,mpn/100mL,N,NA
Long ,62006700,2017-08-22,2.7,3.3,mpn/100mL,N,NA
Long ,62006700,2017-08-22,2.7,3.3,mpn/100mL,N,NA
Long ,62006700,2017-08-15,6.8,5.1,mpn/100mL,N,NA
Long ,62006700,2017-08-15,6.8,5.1,mpn/100mL,N,NA
Long ,62006700,2017-08-08,9.1,5.7,mpn/100mL,N,NA
Long ,62006700,2017-08-08,9.1,5.7,mpn/100mL,N,NA
Long ,62006700,2017-08-01,1,4.8,mpn/100mL,N,NA
Long ,62006700,2017-08-01,1,4.8,mpn/100mL,N,NA
Long ,62006700,2017-07-25,2.5,5.4,mpn/100mL,N,NA
Long ,62006700,2017-07-25,2.5,5.4,mpn/100mL,N,NA
Long ,62006700,2017-07-18,23.4,7.6,mpn/100mL,N,NA
Long ,62006700,2017-07-18,23.4,7.6,mpn/100mL,N,NA
Long ,62006700,2017-07-11,11.1,6.4,mpn/100mL,N,NA
Long ,62006700,2017-07-11,11.1,6.4,mpn/100mL,N,NA
Long ,62006700,2017-07-05,4,4.2,mpn/100mL,N,NA
Long ,62006700,2017-07-05,4,4.2,mpn/100mL,N,NA
Long ,62006700,2017-06-27,1.8,3.7,mpn/100mL,N,NA
Long ,62006700,2017-06-27,1.8,3.7,mpn/100mL,N,NA
Long ,62006700,2017-06-20,14.2,5.1,mpn/100mL,N,NA
Long ,62006700,2017-06-20,14.2,5.1,mpn/100mL,N,NA
Long ,62006700,2017-06-13,9.6,4,mpn/100mL,N,NA
Long ,62006700,2017-06-13,9.6,4,mpn/100mL,N,NA
Long ,62006700,2017-06-06,1.4,3,mpn/100mL,N,NA
Long ,62006700,2017-06-06,1.4,3,mpn/100mL,N,NA
Long ,62006700,2017-05-30,2,4.3,mpn/100mL,N,NA
Long ,62006700,2017-05-30,2,4.3,mpn/100mL,N,NA
Long ,62006700,2017-05-23,9.1,9.1,mpn/100mL,N,NA
Long ,62006700,2017-05-23,9.1,9.1,mpn/100mL,N,NA
Long ,62006700,2016-08-30,53.4,49.2,mpn/100mL,N,NA
Long ,62006700,2016-08-30,53.4,49.2,mpn/100mL,N,NA
Long ,62006700,2016-08-23,13.9,37,mpn/100mL,N,NA
Long ,62006700,2016-08-23,13.9,37,mpn/100mL,N,NA
Long ,62006700,2016-08-16,61,42.3,mpn/100mL,N,NA
Long ,62006700,2016-08-16,61,42.3,mpn/100mL,N,NA
Long ,62006700,2016-08-09,214.7,43.7,mpn/100mL,N,NA
Long ,62006700,2016-08-09,214.7,43.7,mpn/100mL,N,NA
Long ,62006700,2016-08-02,29.7,46.1,mpn/100mL,N,NA
Long ,62006700,2016-08-02,29.7,46.1,mpn/100mL,N,NA
Long ,62006700,2016-07-26,12.9,64.2,mpn/100mL,N,NA
Long ,62006700,2016-07-26,12.9,64.2,mpn/100mL,N,NA
Long ,62006700,2016-07-19,26.9,70,mpn/100mL,N,NA
Long ,62006700,2016-07-19,26.9,70,mpn/100mL,N,NA
Long ,62006700,2016-07-12,72.1,110.2,mpn/100mL,N,NA
Long ,62006700,2016-07-12,72.1,110.2,mpn/100mL,N,NA
Long ,62006700,2016-07-05,279.9,52.4,mpn/100mL,N,NA
Long ,62006700,2016-07-05,279.9,52.4,mpn/100mL,N,NA
Long ,62006700,2016-06-28,156,23.8,mpn/100mL,N,NA
Long ,62006700,2016-06-28,156,23.8,mpn/100mL,N,NA
Long ,62006700,2016-06-21,19.8,20.8,mpn/100mL,N,NA
Long ,62006700,2016-06-21,19.8,20.8,mpn/100mL,N,NA
Long ,62006700,2016-06-14,260.1,21.1,mpn/100mL,N,NA
Long ,62006700,2016-06-14,260.1,21.1,mpn/100mL,N,NA
Long ,62006700,2016-06-07,1.8,9.1,mpn/100mL,N,NA
Long ,62006700,2016-06-07,1.8,9.1,mpn/100mL,N,NA
Long ,62006700,2016-05-31,5.4,20.7,mpn/100mL,N,NA
Long ,62006700,2016-05-31,5.4,20.7,mpn/100mL,N,NA
Long ,62006700,2016-05-24,79.4,79.4,mpn/100mL,N,NA
Long ,62006700,2016-05-24,79.4,79.4,mpn/100mL,N,NA
McCarrons ,62005400,2020-09-01,5.1,4.6,mpn/100mL,N,NA
McCarrons ,62005400,2020-09-01,5.1,4.6,mpn/100mL,N,NA
McCarrons ,62005400,2020-08-25,11.4,4.5,mpn/100mL,N,NA
McCarrons ,62005400,2020-08-25,11.4,4.5,mpn/100mL,N,NA
McCarrons ,62005400,2020-08-18,1.4,4.4,mpn/100mL,N,NA
McCarrons ,62005400,2020-08-18,1.4,4.4,mpn/100mL,N,NA
McCarrons ,62005400,2020-08-11,1.4,11.4,mpn/100mL,N,NA
McCarrons ,62005400,2020-08-11,1.4,11.4,mpn/100mL,N,NA
McCarrons ,62005400,2020-08-04,17.4,13.1,mpn/100mL,N,NA
McCarrons ,62005400,2020-08-04,17.4,13.1,mpn/100mL,N,NA
McCarrons ,62005400,2020-07-28,4.9,13.2,mpn/100mL,N,NA
McCarrons ,62005400,2020-07-28,4.9,13.2,mpn/100mL,N,NA
McCarrons ,62005400,2020-07-21,9.6,21.1,mpn/100mL,N,NA
McCarrons ,62005400,2020-07-21,9.6,21.1,mpn/100mL,N,NA
McCarrons ,62005400,2020-07-14,166.9,28.6,mpn/100mL,N,NA
McCarrons ,62005400,2020-07-14,166.9,28.6,mpn/100mL,N,NA
McCarrons ,62005400,2020-07-07,2.9,36.2,mpn/100mL,N,NA
McCarrons ,62005400,2020-07-07,2.9,36.2,mpn/100mL,N,NA
McCarrons ,62005400,2020-07-02,1,57.2,mpn/100mL,N,NA
McCarrons ,62005400,2020-07-02,1,57.2,mpn/100mL,N,NA
McCarrons ,62005400,2020-07-01,20.6,102.1,mpn/100mL,N,NA
McCarrons ,62005400,2020-07-01,20.6,102.1,mpn/100mL,N,NA
McCarrons ,62005400,2020-06-30,148.9,133.3,mpn/100mL,Y,ecoli_30dayGM
McCarrons ,62005400,2020-06-30,148.9,133.3,mpn/100mL,Y,ecoli_30dayGM
McCarrons ,62005400,2020-06-25,7.9,104.8,mpn/100mL,N,NA
McCarrons ,62005400,2020-06-25,7.9,104.8,mpn/100mL,N,NA
McCarrons ,62005400,2020-06-23,346,175.6,mpn/100mL,Y,ecoli_30dayGM
McCarrons ,62005400,2020-06-23,346,175.6,mpn/100mL,Y,ecoli_30dayGM
McCarrons ,62005400,2020-06-16,109.6,99,mpn/100mL,N,NA
McCarrons ,62005400,2020-06-16,109.6,99,mpn/100mL,N,NA
McCarrons ,62005400,2020-06-09,1122,96.5,mpn/100mL,N,NA
McCarrons ,62005400,2020-06-09,1122,96.5,mpn/100mL,N,NA
McCarrons ,62005400,2020-06-02,111.5,42.6,mpn/100mL,N,NA
McCarrons ,62005400,2020-06-02,111.5,42.6,mpn/100mL,N,NA
McCarrons ,62005400,2020-05-26,35.3,26.4,mpn/100mL,N,NA
McCarrons ,62005400,2020-05-26,35.3,26.4,mpn/100mL,N,NA
McCarrons ,62005400,2020-05-19,19.7,19.7,mpn/100mL,N,NA
McCarrons ,62005400,2020-05-19,19.7,19.7,mpn/100mL,N,NA
McCarrons ,62005400,2019-08-27,23.5,16.2,mpn/100mL,N,NA
McCarrons ,62005400,2019-08-27,23.5,16.2,mpn/100mL,N,NA
McCarrons ,62005400,2019-08-20,15,23.5,mpn/100mL,N,NA
McCarrons ,62005400,2019-08-20,15,23.5,mpn/100mL,N,NA
McCarrons ,62005400,2019-08-13,4.7,51.2,mpn/100mL,N,NA
McCarrons ,62005400,2019-08-13,4.7,51.2,mpn/100mL,N,NA
McCarrons ,62005400,2019-08-06,22,115.1,mpn/100mL,N,NA
McCarrons ,62005400,2019-08-06,22,115.1,mpn/100mL,N,NA
McCarrons ,62005400,2019-07-30,30.5,173.2,mpn/100mL,Y,ecoli_30dayGM
McCarrons ,62005400,2019-07-30,30.5,173.2,mpn/100mL,Y,ecoli_30dayGM
McCarrons ,62005400,2019-07-23,153.6,288.8,mpn/100mL,Y,ecoli_30dayGM
McCarrons ,62005400,2019-07-23,153.6,288.8,mpn/100mL,Y,ecoli_30dayGM
McCarrons ,62005400,2019-07-16,727.2,313.7,mpn/100mL,Y,ecoli_30dayGM
McCarrons ,62005400,2019-07-16,727.2,313.7,mpn/100mL,Y,ecoli_30dayGM
McCarrons ,62005400,2019-07-11,205.6,225.3,mpn/100mL,Y,ecoli_30dayGM
McCarrons ,62005400,2019-07-11,205.6,225.3,mpn/100mL,Y,ecoli_30dayGM
McCarrons ,62005400,2019-07-09,150.6,229.4,mpn/100mL,Y,ecoli_30dayGM
McCarrons ,62005400,2019-07-09,150.6,229.4,mpn/100mL,Y,ecoli_30dayGM
McCarrons ,62005400,2019-07-02,256.1,124.8,mpn/100mL,N,NA
McCarrons ,62005400,2019-07-02,256.1,124.8,mpn/100mL,N,NA
McCarrons ,62005400,2019-06-25,655.7,106.4,mpn/100mL,N,NA
McCarrons ,62005400,2019-06-25,655.7,106.4,mpn/100mL,N,NA
McCarrons ,62005400,2019-06-18,252,48.4,mpn/100mL,N,NA
McCarrons ,62005400,2019-06-18,252,48.4,mpn/100mL,N,NA
McCarrons ,62005400,2019-06-11,99.8,32.1,mpn/100mL,N,NA
McCarrons ,62005400,2019-06-11,99.8,32.1,mpn/100mL,N,NA
McCarrons ,62005400,2019-06-04,7.2,22,mpn/100mL,N,NA
McCarrons ,62005400,2019-06-04,7.2,22,mpn/100mL,N,NA
McCarrons ,62005400,2019-05-28,115.2,38.5,mpn/100mL,N,NA
McCarrons ,62005400,2019-05-28,115.2,38.5,mpn/100mL,N,NA
McCarrons ,62005400,2019-05-21,12.8,12.8,mpn/100mL,N,NA
McCarrons ,62005400,2019-05-21,12.8,12.8,mpn/100mL,N,NA
McCarrons ,62005400,2018-08-28,14.2,6,mpn/100mL,N,NA
McCarrons ,62005400,2018-08-28,14.2,6,mpn/100mL,N,NA
McCarrons ,62005400,2018-08-21,3.5,4.1,mpn/100mL,N,NA
McCarrons ,62005400,2018-08-21,3.5,4.1,mpn/100mL,N,NA
McCarrons ,62005400,2018-08-14,2.7,3.2,mpn/100mL,N,NA
McCarrons ,62005400,2018-08-14,2.7,3.2,mpn/100mL,N,NA
McCarrons ,62005400,2018-08-07,6.1,3.5,mpn/100mL,N,NA
McCarrons ,62005400,2018-08-07,6.1,3.5,mpn/100mL,N,NA
McCarrons ,62005400,2018-07-31,9.5,4.8,mpn/100mL,N,NA
McCarrons ,62005400,2018-07-31,9.5,4.8,mpn/100mL,N,NA
McCarrons ,62005400,2018-07-24,2,8.1,mpn/100mL,N,NA
McCarrons ,62005400,2018-07-24,2,8.1,mpn/100mL,N,NA
McCarrons ,62005400,2018-07-17,1,14.4,mpn/100mL,N,NA
McCarrons ,62005400,2018-07-17,1,14.4,mpn/100mL,N,NA
McCarrons ,62005400,2018-07-10,4.6,29.5,mpn/100mL,N,NA
McCarrons ,62005400,2018-07-10,4.6,29.5,mpn/100mL,N,NA
McCarrons ,62005400,2018-07-05,28.3,30.6,mpn/100mL,N,NA
McCarrons ,62005400,2018-07-05,28.3,30.6,mpn/100mL,N,NA
McCarrons ,62005400,2018-06-26,131.8,33.5,mpn/100mL,N,NA
McCarrons ,62005400,2018-06-26,131.8,33.5,mpn/100mL,N,NA
McCarrons ,62005400,2018-06-19,36,29.3,mpn/100mL,N,NA
McCarrons ,62005400,2018-06-19,36,29.3,mpn/100mL,N,NA
McCarrons ,62005400,2018-06-12,36.2,27.9,mpn/100mL,N,NA
McCarrons ,62005400,2018-06-12,36.2,27.9,mpn/100mL,N,NA
McCarrons ,62005400,2018-06-05,5.5,25.5,mpn/100mL,N,NA
McCarrons ,62005400,2018-06-05,5.5,25.5,mpn/100mL,N,NA
McCarrons ,62005400,2018-05-29,44.6,54.8,mpn/100mL,N,NA
McCarrons ,62005400,2018-05-29,44.6,54.8,mpn/100mL,N,NA
McCarrons ,62005400,2018-05-22,67.4,67.4,mpn/100mL,N,NA
McCarrons ,62005400,2018-05-22,67.4,67.4,mpn/100mL,N,NA
McCarrons ,62005400,2017-08-29,76.5,30.7,mpn/100mL,N,NA
McCarrons ,62005400,2017-08-29,76.5,30.7,mpn/100mL,N,NA
McCarrons ,62005400,2017-08-22,47.7,21.7,mpn/100mL,N,NA
McCarrons ,62005400,2017-08-22,47.7,21.7,mpn/100mL,N,NA
McCarrons ,62005400,2017-08-15,9.3,18.8,mpn/100mL,N,NA
McCarrons ,62005400,2017-08-15,9.3,18.8,mpn/100mL,N,NA
McCarrons ,62005400,2017-08-08,41.7,23.3,mpn/100mL,N,NA
McCarrons ,62005400,2017-08-08,41.7,23.3,mpn/100mL,N,NA
McCarrons ,62005400,2017-08-01,19.2,23.1,mpn/100mL,N,NA
McCarrons ,62005400,2017-08-01,19.2,23.1,mpn/100mL,N,NA
McCarrons ,62005400,2017-07-25,13.5,18,mpn/100mL,N,NA
McCarrons ,62005400,2017-07-25,13.5,18,mpn/100mL,N,NA
McCarrons ,62005400,2017-07-18,23.4,29.1,mpn/100mL,N,NA
McCarrons ,62005400,2017-07-18,23.4,29.1,mpn/100mL,N,NA
McCarrons ,62005400,2017-07-11,27.1,48.9,mpn/100mL,N,NA
McCarrons ,62005400,2017-07-11,27.1,48.9,mpn/100mL,N,NA
McCarrons ,62005400,2017-07-05,39.7,32,mpn/100mL,N,NA
McCarrons ,62005400,2017-07-05,39.7,32,mpn/100mL,N,NA
McCarrons ,62005400,2017-06-27,5.5,26.5,mpn/100mL,N,NA
McCarrons ,62005400,2017-06-27,5.5,26.5,mpn/100mL,N,NA
McCarrons ,62005400,2017-06-20,150.4,32.3,mpn/100mL,N,NA
McCarrons ,62005400,2017-06-20,150.4,32.3,mpn/100mL,N,NA
McCarrons ,62005400,2017-06-13,314.3,22,mpn/100mL,N,NA
McCarrons ,62005400,2017-06-13,314.3,22,mpn/100mL,N,NA
McCarrons ,62005400,2017-06-06,3.2,9.1,mpn/100mL,N,NA
McCarrons ,62005400,2017-06-06,3.2,9.1,mpn/100mL,N,NA
McCarrons ,62005400,2017-05-30,15.7,15.2,mpn/100mL,N,NA
McCarrons ,62005400,2017-05-30,15.7,15.2,mpn/100mL,N,NA
McCarrons ,62005400,2017-05-23,14.7,14.7,mpn/100mL,N,NA
McCarrons ,62005400,2017-05-23,14.7,14.7,mpn/100mL,N,NA
McCarrons ,62005400,2016-08-30,18.2,2.9,mpn/100mL,N,NA
McCarrons ,62005400,2016-08-30,18.2,2.9,mpn/100mL,N,NA
McCarrons ,62005400,2016-08-23,2,2.8,mpn/100mL,N,NA
McCarrons ,62005400,2016-08-23,2,2.8,mpn/100mL,N,NA
McCarrons ,62005400,2016-08-16,2,7.2,mpn/100mL,N,NA
McCarrons ,62005400,2016-08-16,2,7.2,mpn/100mL,N,NA
McCarrons ,62005400,2016-08-09,1,14.4,mpn/100mL,N,NA
McCarrons ,62005400,2016-08-09,1,14.4,mpn/100mL,N,NA
McCarrons ,62005400,2016-08-02,2.9,24.6,mpn/100mL,N,NA
McCarrons ,62005400,2016-08-02,2.9,24.6,mpn/100mL,N,NA
McCarrons ,62005400,2016-07-26,15.2,19.9,mpn/100mL,N,NA
McCarrons ,62005400,2016-07-26,15.2,19.9,mpn/100mL,N,NA
McCarrons ,62005400,2016-07-19,224.6,23.4,mpn/100mL,N,NA
McCarrons ,62005400,2016-07-19,224.6,23.4,mpn/100mL,N,NA
McCarrons ,62005400,2016-07-12,62.6,25.2,mpn/100mL,N,NA
McCarrons ,62005400,2016-07-12,62.6,25.2,mpn/100mL,N,NA
McCarrons ,62005400,2016-07-05,14.7,30.3,mpn/100mL,N,NA
McCarrons ,62005400,2016-07-05,14.7,30.3,mpn/100mL,N,NA
McCarrons ,62005400,2016-06-28,1,38.7,mpn/100mL,N,NA
McCarrons ,62005400,2016-06-28,1,38.7,mpn/100mL,N,NA
McCarrons ,62005400,2016-06-21,33.8,92.8,mpn/100mL,N,NA
McCarrons ,62005400,2016-06-21,33.8,92.8,mpn/100mL,N,NA
McCarrons ,62005400,2016-06-14,326.8,119.4,mpn/100mL,N,NA
McCarrons ,62005400,2016-06-14,326.8,119.4,mpn/100mL,N,NA
McCarrons ,62005400,2016-06-07,157.7,85.4,mpn/100mL,N,NA
McCarrons ,62005400,2016-06-07,157.7,85.4,mpn/100mL,N,NA
McCarrons ,62005400,2016-05-31,49.9,62.8,mpn/100mL,N,NA
McCarrons ,62005400,2016-05-31,49.9,62.8,mpn/100mL,N,NA
McCarrons ,62005400,2016-05-24,79.1,79.1,mpn/100mL,N,NA
McCarrons ,62005400,2016-05-24,79.1,79.1,mpn/100mL,N,NA
Turtle ,62006100,2020-09-01,32.6,3.5,mpn/100mL,N,NA
Turtle ,62006100,2020-09-01,32.6,3.5,mpn/100mL,N,NA
Turtle ,62006100,2020-08-25,5.5,4.8,mpn/100mL,N,NA
Turtle ,62006100,2020-08-25,5.5,4.8,mpn/100mL,N,NA
Turtle ,62006100,2020-08-18,1,5.4,mpn/100mL,N,NA
Turtle ,62006100,2020-08-18,1,5.4,mpn/100mL,N,NA
Turtle ,62006100,2020-08-11,1.4,13.2,mpn/100mL,N,NA
Turtle ,62006100,2020-08-11,1.4,13.2,mpn/100mL,N,NA
Turtle ,62006100,2020-08-04,2,22.4,mpn/100mL,N,NA
Turtle ,62006100,2020-08-04,2,22.4,mpn/100mL,N,NA
Turtle ,62006100,2020-07-28,171,52.7,mpn/100mL,N,NA
Turtle ,62006100,2020-07-28,171,52.7,mpn/100mL,N,NA
Turtle ,62006100,2020-07-21,9.6,26.7,mpn/100mL,N,NA
Turtle ,62006100,2020-07-21,9.6,26.7,mpn/100mL,N,NA
Turtle ,62006100,2020-07-14,86.4,31.8,mpn/100mL,N,NA
Turtle ,62006100,2020-07-14,86.4,31.8,mpn/100mL,N,NA
Turtle ,62006100,2020-07-07,20,22.7,mpn/100mL,N,NA
Turtle ,62006100,2020-07-07,20,22.7,mpn/100mL,N,NA
Turtle ,62006100,2020-06-30,143.8,17.7,mpn/100mL,N,NA
Turtle ,62006100,2020-06-30,143.8,17.7,mpn/100mL,N,NA
Turtle ,62006100,2020-06-23,5.7,8.8,mpn/100mL,N,NA
Turtle ,62006100,2020-06-23,5.7,8.8,mpn/100mL,N,NA
Turtle ,62006100,2020-06-16,23.2,8.8,mpn/100mL,N,NA
Turtle ,62006100,2020-06-16,23.2,8.8,mpn/100mL,N,NA
Turtle ,62006100,2020-06-09,16,6.9,mpn/100mL,N,NA
Turtle ,62006100,2020-06-09,16,6.9,mpn/100mL,N,NA
Turtle ,62006100,2020-06-02,5.8,5.2,mpn/100mL,N,NA
Turtle ,62006100,2020-06-02,5.8,5.2,mpn/100mL,N,NA
Turtle ,62006100,2020-05-26,4.3,5,mpn/100mL,N,NA
Turtle ,62006100,2020-05-26,4.3,5,mpn/100mL,N,NA
Turtle ,62006100,2020-05-19,5.7,5.7,mpn/100mL,N,NA
Turtle ,62006100,2020-05-19,5.7,5.7,mpn/100mL,N,NA
Turtle ,62006100,2019-08-27,44.4,9.8,mpn/100mL,N,NA
Turtle ,62006100,2019-08-27,44.4,9.8,mpn/100mL,N,NA
Turtle ,62006100,2019-08-20,152.7,8.8,mpn/100mL,N,NA
Turtle ,62006100,2019-08-20,152.7,8.8,mpn/100mL,N,NA
Turtle ,62006100,2019-08-13,1.4,6.3,mpn/100mL,N,NA
Turtle ,62006100,2019-08-13,1.4,6.3,mpn/100mL,N,NA
Turtle ,62006100,2019-08-06,3.2,10,mpn/100mL,N,NA
Turtle ,62006100,2019-08-06,3.2,10,mpn/100mL,N,NA
Turtle ,62006100,2019-07-30,2.9,14.5,mpn/100mL,N,NA
Turtle ,62006100,2019-07-30,2.9,14.5,mpn/100mL,N,NA
Turtle ,62006100,2019-07-23,27.1,15.5,mpn/100mL,N,NA
Turtle ,62006100,2019-07-23,27.1,15.5,mpn/100mL,N,NA
Turtle ,62006100,2019-07-16,28.3,8.6,mpn/100mL,N,NA
Turtle ,62006100,2019-07-16,28.3,8.6,mpn/100mL,N,NA
Turtle ,62006100,2019-07-09,14.3,4.4,mpn/100mL,N,NA
Turtle ,62006100,2019-07-09,14.3,4.4,mpn/100mL,N,NA
Turtle ,62006100,2019-07-02,20.1,4,mpn/100mL,N,NA
Turtle ,62006100,2019-07-02,20.1,4,mpn/100mL,N,NA
Turtle ,62006100,2019-06-25,4.1,4.8,mpn/100mL,N,NA
Turtle ,62006100,2019-06-25,4.1,4.8,mpn/100mL,N,NA
Turtle ,62006100,2019-06-18,1.4,3.9,mpn/100mL,N,NA
Turtle ,62006100,2019-06-18,1.4,3.9,mpn/100mL,N,NA
Turtle ,62006100,2019-06-11,1,5,mpn/100mL,N,NA
Turtle ,62006100,2019-06-11,1,5,mpn/100mL,N,NA
Turtle ,62006100,2019-06-04,8.3,8.5,mpn/100mL,N,NA
Turtle ,62006100,2019-06-04,8.3,8.5,mpn/100mL,N,NA
Turtle ,62006100,2019-05-28,52.5,8.6,mpn/100mL,N,NA
Turtle ,62006100,2019-05-28,52.5,8.6,mpn/100mL,N,NA
Turtle ,62006100,2019-05-21,1.4,1.4,mpn/100mL,N,NA
Turtle ,62006100,2019-05-21,1.4,1.4,mpn/100mL,N,NA
Turtle ,62006100,2018-08-28,17.7,3.5,mpn/100mL,N,NA
Turtle ,62006100,2018-08-28,17.7,3.5,mpn/100mL,N,NA
Turtle ,62006100,2018-08-21,1,2.6,mpn/100mL,N,NA
Turtle ,62006100,2018-08-21,1,2.6,mpn/100mL,N,NA
Turtle ,62006100,2018-08-14,6.6,2.9,mpn/100mL,N,NA
Turtle ,62006100,2018-08-14,6.6,2.9,mpn/100mL,N,NA
Turtle ,62006100,2018-08-07,4.4,3,mpn/100mL,N,NA
Turtle ,62006100,2018-08-07,4.4,3,mpn/100mL,N,NA
Turtle ,62006100,2018-07-31,1,3.2,mpn/100mL,N,NA
Turtle ,62006100,2018-07-31,1,3.2,mpn/100mL,N,NA
Turtle ,62006100,2018-07-24,4,8.1,mpn/100mL,N,NA
Turtle ,62006100,2018-07-24,4,8.1,mpn/100mL,N,NA
Turtle ,62006100,2018-07-17,1.8,13.4,mpn/100mL,N,NA
Turtle ,62006100,2018-07-17,1.8,13.4,mpn/100mL,N,NA
Turtle ,62006100,2018-07-10,8.3,20.2,mpn/100mL,N,NA
Turtle ,62006100,2018-07-10,8.3,20.2,mpn/100mL,N,NA
Turtle ,62006100,2018-07-05,5.7,15.9,mpn/100mL,N,NA
Turtle ,62006100,2018-07-05,5.7,15.9,mpn/100mL,N,NA
Turtle ,62006100,2018-06-26,107,18,mpn/100mL,N,NA
Turtle ,62006100,2018-06-26,107,18,mpn/100mL,N,NA
Turtle ,62006100,2018-06-19,49.2,8.5,mpn/100mL,N,NA
Turtle ,62006100,2018-06-19,49.2,8.5,mpn/100mL,N,NA
Turtle ,62006100,2018-06-12,13.7,5.5,mpn/100mL,N,NA
Turtle ,62006100,2018-06-12,13.7,5.5,mpn/100mL,N,NA
Turtle ,62006100,2018-06-05,2.5,4,mpn/100mL,N,NA
Turtle ,62006100,2018-06-05,2.5,4,mpn/100mL,N,NA
Turtle ,62006100,2018-05-29,10.5,5.1,mpn/100mL,N,NA
Turtle ,62006100,2018-05-29,10.5,5.1,mpn/100mL,N,NA
Turtle ,62006100,2018-05-22,2.5,2.5,mpn/100mL,N,NA
Turtle ,62006100,2018-05-22,2.5,2.5,mpn/100mL,N,NA
Turtle ,62006100,2017-08-29,7,5.2,mpn/100mL,N,NA
Turtle ,62006100,2017-08-29,7,5.2,mpn/100mL,N,NA
Turtle ,62006100,2017-08-22,12.1,4.2,mpn/100mL,N,NA
Turtle ,62006100,2017-08-22,12.1,4.2,mpn/100mL,N,NA
Turtle ,62006100,2017-08-15,15.1,5,mpn/100mL,N,NA
Turtle ,62006100,2017-08-15,15.1,5,mpn/100mL,N,NA
Turtle ,62006100,2017-08-08,2.9,3.1,mpn/100mL,N,NA
Turtle ,62006100,2017-08-08,2.9,3.1,mpn/100mL,N,NA
Turtle ,62006100,2017-08-01,1,5.7,mpn/100mL,N,NA
Turtle ,62006100,2017-08-01,1,5.7,mpn/100mL,N,NA
Turtle ,62006100,2017-07-25,2.4,6.5,mpn/100mL,N,NA
Turtle ,62006100,2017-07-25,2.4,6.5,mpn/100mL,N,NA
Turtle ,62006100,2017-07-18,28.6,7.7,mpn/100mL,N,NA
Turtle ,62006100,2017-07-18,28.6,7.7,mpn/100mL,N,NA
Turtle ,62006100,2017-07-11,1.4,5.8,mpn/100mL,N,NA
Turtle ,62006100,2017-07-11,1.4,5.8,mpn/100mL,N,NA
Turtle ,62006100,2017-07-05,58.3,6.1,mpn/100mL,N,NA
Turtle ,62006100,2017-07-05,58.3,6.1,mpn/100mL,N,NA
Turtle ,62006100,2017-06-27,2,3.1,mpn/100mL,N,NA
Turtle ,62006100,2017-06-27,2,3.1,mpn/100mL,N,NA
Turtle ,62006100,2017-06-20,5.7,3.6,mpn/100mL,N,NA
Turtle ,62006100,2017-06-20,5.7,3.6,mpn/100mL,N,NA
Turtle ,62006100,2017-06-13,7,3.2,mpn/100mL,N,NA
Turtle ,62006100,2017-06-13,7,3.2,mpn/100mL,N,NA
Turtle ,62006100,2017-06-06,1.8,2.4,mpn/100mL,N,NA
Turtle ,62006100,2017-06-06,1.8,2.4,mpn/100mL,N,NA
Turtle ,62006100,2017-05-30,2,2.9,mpn/100mL,N,NA
Turtle ,62006100,2017-05-30,2,2.9,mpn/100mL,N,NA
Turtle ,62006100,2017-05-23,4.1,4.1,mpn/100mL,N,NA
Turtle ,62006100,2017-05-23,4.1,4.1,mpn/100mL,N,NA
Turtle ,62006100,2016-08-30,59,20.8,mpn/100mL,N,NA
Turtle ,62006100,2016-08-30,59,20.8,mpn/100mL,N,NA
Turtle ,62006100,2016-08-23,29.3,15.6,mpn/100mL,N,NA
Turtle ,62006100,2016-08-23,29.3,15.6,mpn/100mL,N,NA
Turtle ,62006100,2016-08-16,9.7,12,mpn/100mL,N,NA
Turtle ,62006100,2016-08-16,9.7,12,mpn/100mL,N,NA
Turtle ,62006100,2016-08-09,27.7,19.1,mpn/100mL,N,NA
Turtle ,62006100,2016-08-09,27.7,19.1,mpn/100mL,N,NA
Turtle ,62006100,2016-08-02,8.4,13,mpn/100mL,N,NA
Turtle ,62006100,2016-08-02,8.4,13,mpn/100mL,N,NA
Turtle ,62006100,2016-07-26,13.9,9.1,mpn/100mL,N,NA
Turtle ,62006100,2016-07-26,13.9,9.1,mpn/100mL,N,NA
Turtle ,62006100,2016-07-19,8,9.3,mpn/100mL,N,NA
Turtle ,62006100,2016-07-19,8,9.3,mpn/100mL,N,NA
Turtle ,62006100,2016-07-12,98.1,13.9,mpn/100mL,N,NA
Turtle ,62006100,2016-07-12,98.1,13.9,mpn/100mL,N,NA
Turtle ,62006100,2016-07-05,4.1,6.5,mpn/100mL,N,NA
Turtle ,62006100,2016-07-05,4.1,6.5,mpn/100mL,N,NA
Turtle ,62006100,2016-06-28,1.4,8.5,mpn/100mL,N,NA
Turtle ,62006100,2016-06-28,1.4,8.5,mpn/100mL,N,NA
Turtle ,62006100,2016-06-21,15.3,18.1,mpn/100mL,N,NA
Turtle ,62006100,2016-06-21,15.3,18.1,mpn/100mL,N,NA
Turtle ,62006100,2016-06-14,59.5,18.9,mpn/100mL,N,NA
Turtle ,62006100,2016-06-14,59.5,18.9,mpn/100mL,N,NA
Turtle ,62006100,2016-06-07,2.3,12.9,mpn/100mL,N,NA
Turtle ,62006100,2016-06-07,2.3,12.9,mpn/100mL,N,NA
Turtle ,62006100,2016-05-31,15.4,30.6,mpn/100mL,N,NA
Turtle ,62006100,2016-05-31,15.4,30.6,mpn/100mL,N,NA
Turtle ,62006100,2016-05-24,61,61,mpn/100mL,N,NA
Turtle ,62006100,2016-05-24,61,61,mpn/100mL,N,NA
Phalen ,62001300,2020-09-01,68.1,101.3,mpn/100mL,N,NA
Phalen ,62001300,2020-09-01,68.1,101.3,mpn/100mL,N,NA
Phalen ,62001300,2020-08-25,87.6,98.9,mpn/100mL,N,NA
Phalen ,62001300,2020-08-25,87.6,98.9,mpn/100mL,N,NA
Phalen ,62001300,2020-08-18,23.9,40.4,mpn/100mL,N,NA
Phalen ,62001300,2020-08-18,23.9,40.4,mpn/100mL,N,NA
Phalen ,62001300,2020-08-11,222.3,51.9,mpn/100mL,N,NA
Phalen ,62001300,2020-08-11,222.3,51.9,mpn/100mL,N,NA
Phalen ,62001300,2020-08-04,337.6,37.1,mpn/100mL,N,NA
Phalen ,62001300,2020-08-04,337.6,37.1,mpn/100mL,N,NA
Phalen ,62001300,2020-07-28,60.3,30.7,mpn/100mL,N,NA
Phalen ,62001300,2020-07-28,60.3,30.7,mpn/100mL,N,NA
Phalen ,62001300,2020-07-21,1,20.2,mpn/100mL,N,NA
Phalen ,62001300,2020-07-21,1,20.2,mpn/100mL,N,NA
Phalen ,62001300,2020-07-14,83.5,34.3,mpn/100mL,N,NA
Phalen ,62001300,2020-07-14,83.5,34.3,mpn/100mL,N,NA
Phalen ,62001300,2020-07-07,41.5,19.4,mpn/100mL,N,NA
Phalen ,62001300,2020-07-07,41.5,19.4,mpn/100mL,N,NA
Phalen ,62001300,2020-06-30,130.4,11.1,mpn/100mL,N,NA
Phalen ,62001300,2020-06-30,130.4,11.1,mpn/100mL,N,NA
Phalen ,62001300,2020-06-23,7.5,7.7,mpn/100mL,N,NA
Phalen ,62001300,2020-06-23,7.5,7.7,mpn/100mL,N,NA
Phalen ,62001300,2020-06-16,14,8.3,mpn/100mL,N,NA
Phalen ,62001300,2020-06-16,14,8.3,mpn/100mL,N,NA
Phalen ,62001300,2020-06-09,4.9,7.2,mpn/100mL,N,NA
Phalen ,62001300,2020-06-09,4.9,7.2,mpn/100mL,N,NA
Phalen ,62001300,2020-06-02,2.5,8.2,mpn/100mL,N,NA
Phalen ,62001300,2020-06-02,2.5,8.2,mpn/100mL,N,NA
Phalen ,62001300,2020-05-26,20.6,15,mpn/100mL,N,NA
Phalen ,62001300,2020-05-26,20.6,15,mpn/100mL,N,NA
Phalen ,62001300,2020-05-19,10.9,10.9,mpn/100mL,N,NA
Phalen ,62001300,2020-05-19,10.9,10.9,mpn/100mL,N,NA
Phalen ,62001300,2019-08-27,128.2,6.7,mpn/100mL,N,NA
Phalen ,62001300,2019-08-27,128.2,6.7,mpn/100mL,N,NA
Phalen ,62001300,2019-08-20,6.7,2.6,mpn/100mL,N,NA
Phalen ,62001300,2019-08-20,6.7,2.6,mpn/100mL,N,NA
Phalen ,62001300,2019-08-13,3.9,4,mpn/100mL,N,NA
Phalen ,62001300,2019-08-13,3.9,4,mpn/100mL,N,NA
Phalen ,62001300,2019-08-06,4.1,4,mpn/100mL,N,NA
Phalen ,62001300,2019-08-06,4.1,4,mpn/100mL,N,NA
Phalen ,62001300,2019-07-30,1,5.1,mpn/100mL,N,NA
Phalen ,62001300,2019-07-30,1,5.1,mpn/100mL,N,NA
Phalen ,62001300,2019-07-23,1,10.3,mpn/100mL,N,NA
Phalen ,62001300,2019-07-23,1,10.3,mpn/100mL,N,NA
Phalen ,62001300,2019-07-16,61.6,10.3,mpn/100mL,N,NA
Phalen ,62001300,2019-07-16,61.6,10.3,mpn/100mL,N,NA
Phalen ,62001300,2019-07-09,3.9,4.5,mpn/100mL,N,NA
Phalen ,62001300,2019-07-09,3.9,4.5,mpn/100mL,N,NA
Phalen ,62001300,2019-07-02,14.3,3.8,mpn/100mL,N,NA
Phalen ,62001300,2019-07-02,14.3,3.8,mpn/100mL,N,NA
Phalen ,62001300,2019-06-25,33.1,4.8,mpn/100mL,N,NA
Phalen ,62001300,2019-06-25,33.1,4.8,mpn/100mL,N,NA
Phalen ,62001300,2019-06-18,1,3.2,mpn/100mL,N,NA
Phalen ,62001300,2019-06-18,1,3.2,mpn/100mL,N,NA
Phalen ,62001300,2019-06-11,1,4.3,mpn/100mL,N,NA
Phalen ,62001300,2019-06-11,1,4.3,mpn/100mL,N,NA
Phalen ,62001300,2019-06-04,1.7,7,mpn/100mL,N,NA
Phalen ,62001300,2019-06-04,1.7,7,mpn/100mL,N,NA
Phalen ,62001300,2019-05-28,45,14.1,mpn/100mL,N,NA
Phalen ,62001300,2019-05-28,45,14.1,mpn/100mL,N,NA
Phalen ,62001300,2019-05-21,4.4,4.4,mpn/100mL,N,NA
Phalen ,62001300,2019-05-21,4.4,4.4,mpn/100mL,N,NA
Phalen ,62001300,2018-08-28,95.8,25.8,mpn/100mL,N,NA
Phalen ,62001300,2018-08-28,95.8,25.8,mpn/100mL,N,NA
Phalen ,62001300,2018-08-21,1,12.8,mpn/100mL,N,NA
Phalen ,62001300,2018-08-21,1,12.8,mpn/100mL,N,NA
Phalen ,62001300,2018-08-14,133.4,44.6,mpn/100mL,N,NA
Phalen ,62001300,2018-08-14,133.4,44.6,mpn/100mL,N,NA
Phalen ,62001300,2018-08-07,40.7,19.3,mpn/100mL,N,NA
Phalen ,62001300,2018-08-07,40.7,19.3,mpn/100mL,N,NA
Phalen ,62001300,2018-07-31,21.9,19.2,mpn/100mL,N,NA
Phalen ,62001300,2018-07-31,21.9,19.2,mpn/100mL,N,NA
Phalen ,62001300,2018-07-24,2.9,20.8,mpn/100mL,N,NA
Phalen ,62001300,2018-07-24,2.9,20.8,mpn/100mL,N,NA
Phalen ,62001300,2018-07-17,508.7,30.6,mpn/100mL,N,NA
Phalen ,62001300,2018-07-17,508.7,30.6,mpn/100mL,N,NA
Phalen ,62001300,2018-07-10,2,20,mpn/100mL,N,NA
Phalen ,62001300,2018-07-10,2,20,mpn/100mL,N,NA
Phalen ,62001300,2018-07-05,40,23.3,mpn/100mL,N,NA
Phalen ,62001300,2018-07-05,40,23.3,mpn/100mL,N,NA
Phalen ,62001300,2018-06-26,32.8,15.9,mpn/100mL,N,NA
Phalen ,62001300,2018-06-26,32.8,15.9,mpn/100mL,N,NA
Phalen ,62001300,2018-06-19,20,8.5,mpn/100mL,N,NA
Phalen ,62001300,2018-06-19,20,8.5,mpn/100mL,N,NA
Phalen ,62001300,2018-06-12,59.7,6.8,mpn/100mL,N,NA
Phalen ,62001300,2018-06-12,59.7,6.8,mpn/100mL,N,NA
Phalen ,62001300,2018-06-05,4.4,3.3,mpn/100mL,N,NA
Phalen ,62001300,2018-06-05,4.4,3.3,mpn/100mL,N,NA
Phalen ,62001300,2018-05-29,5.9,2.9,mpn/100mL,N,NA
Phalen ,62001300,2018-05-29,5.9,2.9,mpn/100mL,N,NA
Phalen ,62001300,2018-05-22,1.4,1.4,mpn/100mL,N,NA
Phalen ,62001300,2018-05-22,1.4,1.4,mpn/100mL,N,NA
Phalen ,62001300,2017-08-22,44.6,26.8,mpn/100mL,N,NA
Phalen ,62001300,2017-08-22,44.6,26.8,mpn/100mL,N,NA
Phalen ,62001300,2017-08-15,10.6,40.1,mpn/100mL,N,NA
Phalen ,62001300,2017-08-15,10.6,40.1,mpn/100mL,N,NA
Phalen ,62001300,2017-08-08,14,45.7,mpn/100mL,N,NA
Phalen ,62001300,2017-08-08,14,45.7,mpn/100mL,N,NA
Phalen ,62001300,2017-08-01,42.5,46.7,mpn/100mL,N,NA
Phalen ,62001300,2017-08-01,42.5,46.7,mpn/100mL,N,NA
Phalen ,62001300,2017-07-25,49,23.6,mpn/100mL,N,NA
Phalen ,62001300,2017-07-25,49,23.6,mpn/100mL,N,NA
Phalen ,62001300,2017-07-18,332.8,12.5,mpn/100mL,N,NA
Phalen ,62001300,2017-07-18,332.8,12.5,mpn/100mL,N,NA
Phalen ,62001300,2017-07-11,20.4,6.9,mpn/100mL,N,NA
Phalen ,62001300,2017-07-11,20.4,6.9,mpn/100mL,N,NA
Phalen ,62001300,2017-07-05,15.7,4.9,mpn/100mL,N,NA
Phalen ,62001300,2017-07-05,15.7,4.9,mpn/100mL,N,NA
Phalen ,62001300,2017-06-27,1.4,4.4,mpn/100mL,N,NA
Phalen ,62001300,2017-06-27,1.4,4.4,mpn/100mL,N,NA
Phalen ,62001300,2017-06-20,2,5.9,mpn/100mL,N,NA
Phalen ,62001300,2017-06-20,2,5.9,mpn/100mL,N,NA
Phalen ,62001300,2017-06-13,16.8,7.7,mpn/100mL,N,NA
Phalen ,62001300,2017-06-13,16.8,7.7,mpn/100mL,N,NA
Phalen ,62001300,2017-06-06,3.6,5.9,mpn/100mL,N,NA
Phalen ,62001300,2017-06-06,3.6,5.9,mpn/100mL,N,NA
Phalen ,62001300,2017-05-30,9.9,7.6,mpn/100mL,N,NA
Phalen ,62001300,2017-05-30,9.9,7.6,mpn/100mL,N,NA
Phalen ,62001300,2017-05-23,5.9,5.9,mpn/100mL,N,NA
Phalen ,62001300,2017-05-23,5.9,5.9,mpn/100mL,N,NA
Phalen ,62001300,2016-08-30,79,13.3,mpn/100mL,N,NA
Phalen ,62001300,2016-08-30,79,13.3,mpn/100mL,N,NA
Phalen ,62001300,2016-08-23,29.3,5.9,mpn/100mL,N,NA
Phalen ,62001300,2016-08-23,29.3,5.9,mpn/100mL,N,NA
Phalen ,62001300,2016-08-16,2,8.6,mpn/100mL,N,NA
Phalen ,62001300,2016-08-16,2,8.6,mpn/100mL,N,NA
Phalen ,62001300,2016-08-09,6.6,12.9,mpn/100mL,N,NA
Phalen ,62001300,2016-08-09,6.6,12.9,mpn/100mL,N,NA
Phalen ,62001300,2016-08-02,13.5,9.9,mpn/100mL,N,NA
Phalen ,62001300,2016-08-02,13.5,9.9,mpn/100mL,N,NA
Phalen ,62001300,2016-07-26,1.4,6.3,mpn/100mL,N,NA
Phalen ,62001300,2016-07-26,1.4,6.3,mpn/100mL,N,NA
Phalen ,62001300,2016-07-19,188,8.7,mpn/100mL,N,NA
Phalen ,62001300,2016-07-19,188,8.7,mpn/100mL,N,NA
Phalen ,62001300,2016-07-12,15,8.2,mpn/100mL,N,NA
Phalen ,62001300,2016-07-12,15,8.2,mpn/100mL,N,NA
Phalen ,62001300,2016-07-05,1.8,6.4,mpn/100mL,N,NA
Phalen ,62001300,2016-07-05,1.8,6.4,mpn/100mL,N,NA
Phalen ,62001300,2016-06-28,1.4,12.8,mpn/100mL,N,NA
Phalen ,62001300,2016-06-28,1.4,12.8,mpn/100mL,N,NA
Phalen ,62001300,2016-06-21,7.3,29.2,mpn/100mL,N,NA
Phalen ,62001300,2016-06-21,7.3,29.2,mpn/100mL,N,NA
Phalen ,62001300,2016-06-14,133.9,41.3,mpn/100mL,N,NA
Phalen ,62001300,2016-06-14,133.9,41.3,mpn/100mL,N,NA
Phalen ,62001300,2016-06-07,4.3,27.9,mpn/100mL,N,NA
Phalen ,62001300,2016-06-07,4.3,27.9,mpn/100mL,N,NA
Phalen ,62001300,2016-05-31,56.4,70.6,mpn/100mL,N,NA
Phalen ,62001300,2016-05-31,56.4,70.6,mpn/100mL,N,NA
Phalen ,62001300,2016-05-24,88.3,88.3,mpn/100mL,N,NA
Phalen ,62001300,2016-05-24,88.3,88.3,mpn/100mL,N,NA
White Bear ,82016700,2020-09-01,46.8,26.4,mpn/100mL,N,NA
White Bear ,82016700,2020-09-01,46.8,26.4,mpn/100mL,N,NA
White Bear ,82016700,2020-08-25,2.9,20,mpn/100mL,N,NA
White Bear ,82016700,2020-08-25,2.9,20,mpn/100mL,N,NA
White Bear ,82016700,2020-08-18,2.5,34.1,mpn/100mL,N,NA
White Bear ,82016700,2020-08-18,2.5,34.1,mpn/100mL,N,NA
White Bear ,82016700,2020-08-11,73.7,47.2,mpn/100mL,N,NA
White Bear ,82016700,2020-08-11,73.7,47.2,mpn/100mL,N,NA
White Bear ,82016700,2020-08-04,517.1,29.2,mpn/100mL,N,NA
White Bear ,82016700,2020-08-04,517.1,29.2,mpn/100mL,N,NA
White Bear ,82016700,2020-07-28,11.6,13.2,mpn/100mL,N,NA
White Bear ,82016700,2020-07-28,11.6,13.2,mpn/100mL,N,NA
White Bear ,82016700,2020-07-21,41.9,31.5,mpn/100mL,N,NA
White Bear ,82016700,2020-07-21,41.9,31.5,mpn/100mL,N,NA
White Bear ,82016700,2020-07-14,12.6,14.9,mpn/100mL,N,NA
White Bear ,82016700,2020-07-14,12.6,14.9,mpn/100mL,N,NA
White Bear ,82016700,2020-07-07,6.7,11.5,mpn/100mL,N,NA
White Bear ,82016700,2020-07-07,6.7,11.5,mpn/100mL,N,NA
White Bear ,82016700,2020-06-30,9.6,8.5,mpn/100mL,N,NA
White Bear ,82016700,2020-06-30,9.6,8.5,mpn/100mL,N,NA
White Bear ,82016700,2020-06-23,909,8.5,mpn/100mL,N,NA
White Bear ,82016700,2020-06-23,909,8.5,mpn/100mL,N,NA
White Bear ,82016700,2020-06-16,1,3.1,mpn/100mL,N,NA
White Bear ,82016700,2020-06-16,1,3.1,mpn/100mL,N,NA
White Bear ,82016700,2020-06-09,3.5,4.1,mpn/100mL,N,NA
White Bear ,82016700,2020-06-09,3.5,4.1,mpn/100mL,N,NA
White Bear ,82016700,2020-06-02,1.4,4.3,mpn/100mL,N,NA
White Bear ,82016700,2020-06-02,1.4,4.3,mpn/100mL,N,NA
White Bear ,82016700,2020-05-26,9.6,7.4,mpn/100mL,N,NA
White Bear ,82016700,2020-05-26,9.6,7.4,mpn/100mL,N,NA
White Bear ,82016700,2020-05-19,5.7,5.7,mpn/100mL,N,NA
White Bear ,82016700,2020-05-19,5.7,5.7,mpn/100mL,N,NA
White Bear ,82016700,2019-08-27,18.5,21.8,mpn/100mL,N,NA
White Bear ,82016700,2019-08-27,18.5,21.8,mpn/100mL,N,NA
White Bear ,82016700,2019-08-20,62.2,42.2,mpn/100mL,N,NA
White Bear ,82016700,2019-08-20,62.2,42.2,mpn/100mL,N,NA
White Bear ,82016700,2019-08-13,8,59.2,mpn/100mL,N,NA
White Bear ,82016700,2019-08-13,8,59.2,mpn/100mL,N,NA
White Bear ,82016700,2019-08-06,104.1,48.1,mpn/100mL,N,NA
White Bear ,82016700,2019-08-06,104.1,48.1,mpn/100mL,N,NA
White Bear ,82016700,2019-07-30,5.1,43.2,mpn/100mL,N,NA
White Bear ,82016700,2019-07-30,5.1,43.2,mpn/100mL,N,NA
White Bear ,82016700,2019-07-23,501.1,37.3,mpn/100mL,N,NA
White Bear ,82016700,2019-07-23,501.1,37.3,mpn/100mL,N,NA
White Bear ,82016700,2019-07-16,338.5,12,mpn/100mL,N,NA
White Bear ,82016700,2019-07-16,338.5,12,mpn/100mL,N,NA
White Bear ,82016700,2019-07-09,2.9,5.7,mpn/100mL,N,NA
White Bear ,82016700,2019-07-09,2.9,5.7,mpn/100mL,N,NA
White Bear ,82016700,2019-07-02,60.7,4.6,mpn/100mL,N,NA
White Bear ,82016700,2019-07-02,60.7,4.6,mpn/100mL,N,NA
White Bear ,82016700,2019-06-25,2.4,2.8,mpn/100mL,N,NA
White Bear ,82016700,2019-06-25,2.4,2.8,mpn/100mL,N,NA
White Bear ,82016700,2019-06-18,1.7,2.3,mpn/100mL,N,NA
White Bear ,82016700,2019-06-18,1.7,2.3,mpn/100mL,N,NA
White Bear ,82016700,2019-06-11,8.4,2.5,mpn/100mL,N,NA
White Bear ,82016700,2019-06-11,8.4,2.5,mpn/100mL,N,NA
White Bear ,82016700,2019-06-04,1,1.7,mpn/100mL,N,NA
White Bear ,82016700,2019-06-04,1,1.7,mpn/100mL,N,NA
White Bear ,82016700,2019-05-28,4.6,2.1,mpn/100mL,N,NA
White Bear ,82016700,2019-05-28,4.6,2.1,mpn/100mL,N,NA
White Bear ,82016700,2019-05-21,1,1,mpn/100mL,N,NA
White Bear ,82016700,2019-05-21,1,1,mpn/100mL,N,NA
White Bear ,82016700,2018-08-28,139.4,115.7,mpn/100mL,N,NA
White Bear ,82016700,2018-08-28,139.4,115.7,mpn/100mL,N,NA
White Bear ,82016700,2018-08-21,57.9,104.9,mpn/100mL,N,NA
White Bear ,82016700,2018-08-21,57.9,104.9,mpn/100mL,N,NA
White Bear ,82016700,2018-08-14,325.7,94.2,mpn/100mL,N,NA
White Bear ,82016700,2018-08-14,325.7,94.2,mpn/100mL,N,NA
White Bear ,82016700,2018-08-07,91,57.8,mpn/100mL,N,NA
White Bear ,82016700,2018-08-07,91,57.8,mpn/100mL,N,NA
White Bear ,82016700,2018-07-31,86.6,49.5,mpn/100mL,N,NA
White Bear ,82016700,2018-07-31,86.6,49.5,mpn/100mL,N,NA
White Bear ,82016700,2018-07-24,85.4,43.1,mpn/100mL,N,NA
White Bear ,82016700,2018-07-24,85.4,43.1,mpn/100mL,N,NA
White Bear ,82016700,2018-07-17,33.8,98.1,mpn/100mL,N,NA
White Bear ,82016700,2018-07-17,33.8,98.1,mpn/100mL,N,NA
White Bear ,82016700,2018-07-10,28.3,106.6,mpn/100mL,N,NA
White Bear ,82016700,2018-07-10,28.3,106.6,mpn/100mL,N,NA
White Bear ,82016700,2018-07-05,41.9,119.4,mpn/100mL,N,NA
White Bear ,82016700,2018-07-05,41.9,119.4,mpn/100mL,N,NA
White Bear ,82016700,2018-06-26,43.4,71.9,mpn/100mL,N,NA
White Bear ,82016700,2018-06-26,43.4,71.9,mpn/100mL,N,NA
White Bear ,82016700,2018-06-20,234.5,46.6,mpn/100mL,N,NA
White Bear ,82016700,2018-06-20,234.5,46.6,mpn/100mL,N,NA
White Bear ,82016700,2018-06-19,2183.4,33.8,mpn/100mL,N,NA
White Bear ,82016700,2018-06-19,2183.4,33.8,mpn/100mL,N,NA
White Bear ,82016700,2018-06-12,55.5,11.9,mpn/100mL,N,NA
White Bear ,82016700,2018-06-12,55.5,11.9,mpn/100mL,N,NA
White Bear ,82016700,2018-06-05,56.2,7.1,mpn/100mL,N,NA
White Bear ,82016700,2018-06-05,56.2,7.1,mpn/100mL,N,NA
White Bear ,82016700,2018-05-29,2,2.5,mpn/100mL,N,NA
White Bear ,82016700,2018-05-29,2,2.5,mpn/100mL,N,NA
White Bear ,82016700,2018-05-22,3.2,3.2,mpn/100mL,N,NA
White Bear ,82016700,2018-05-22,3.2,3.2,mpn/100mL,N,NA
White Bear ,82016700,2017-08-29,5.1,6.5,mpn/100mL,N,NA
White Bear ,82016700,2017-08-29,5.1,6.5,mpn/100mL,N,NA
White Bear ,82016700,2017-08-22,16.1,5.2,mpn/100mL,N,NA
White Bear ,82016700,2017-08-22,16.1,5.2,mpn/100mL,N,NA
White Bear ,82016700,2017-08-15,4.8,4.2,mpn/100mL,N,NA
White Bear ,82016700,2017-08-15,4.8,4.2,mpn/100mL,N,NA
White Bear ,82016700,2017-08-08,6.7,4.1,mpn/100mL,N,NA
White Bear ,82016700,2017-08-08,6.7,4.1,mpn/100mL,N,NA
White Bear ,82016700,2017-08-01,4.3,9,mpn/100mL,N,NA
White Bear ,82016700,2017-08-01,4.3,9,mpn/100mL,N,NA
White Bear ,82016700,2017-07-25,1.8,13.2,mpn/100mL,N,NA
White Bear ,82016700,2017-07-25,1.8,13.2,mpn/100mL,N,NA
White Bear ,82016700,2017-07-18,5.2,28.4,mpn/100mL,N,NA
White Bear ,82016700,2017-07-18,5.2,28.4,mpn/100mL,N,NA
White Bear ,82016700,2017-07-11,4.3,63.7,mpn/100mL,N,NA
White Bear ,82016700,2017-07-11,4.3,63.7,mpn/100mL,N,NA
White Bear ,82016700,2017-07-05,344.5,57,mpn/100mL,N,NA
White Bear ,82016700,2017-07-05,344.5,57,mpn/100mL,N,NA
White Bear ,82016700,2017-06-27,29,22.8,mpn/100mL,N,NA
White Bear ,82016700,2017-06-27,29,22.8,mpn/100mL,N,NA
White Bear ,82016700,2017-06-20,82,13,mpn/100mL,N,NA
White Bear ,82016700,2017-06-20,82,13,mpn/100mL,N,NA
White Bear ,82016700,2017-06-13,293.5,8.2,mpn/100mL,N,NA
White Bear ,82016700,2017-06-13,293.5,8.2,mpn/100mL,N,NA
White Bear ,82016700,2017-06-06,2.5,2.5,mpn/100mL,N,NA
White Bear ,82016700,2017-06-06,2.5,2.5,mpn/100mL,N,NA
White Bear ,82016700,2017-05-30,3.5,2.5,mpn/100mL,N,NA
White Bear ,82016700,2017-05-30,3.5,2.5,mpn/100mL,N,NA
White Bear ,82016700,2017-05-23,1.8,1.8,mpn/100mL,N,NA
White Bear ,82016700,2017-05-23,1.8,1.8,mpn/100mL,N,NA
Owasso ,62005600,2020-05-26,18.4,5.6,mpn/100mL,N,NA
Owasso ,62005600,2020-05-26,18.4,5.6,mpn/100mL,N,NA
Owasso ,62005600,2020-05-19,1.7,1.7,mpn/100mL,N,NA
Owasso ,62005600,2020-05-19,1.7,1.7,mpn/100mL,N,NA
Owasso ,62005600,2019-08-27,15.5,12.7,mpn/100mL,N,NA
Owasso ,62005600,2019-08-27,15.5,12.7,mpn/100mL,N,NA
Owasso ,62005600,2019-08-20,239.3,7.9,mpn/100mL,N,NA
Owasso ,62005600,2019-08-20,239.3,7.9,mpn/100mL,N,NA
Owasso ,62005600,2019-08-13,7.6,4.1,mpn/100mL,N,NA
Owasso ,62005600,2019-08-13,7.6,4.1,mpn/100mL,N,NA
Owasso ,62005600,2019-08-06,4.1,3.1,mpn/100mL,N,NA
Owasso ,62005600,2019-08-06,4.1,3.1,mpn/100mL,N,NA
Owasso ,62005600,2019-07-30,2.9,2.8,mpn/100mL,N,NA
Owasso ,62005600,2019-07-30,2.9,2.8,mpn/100mL,N,NA
Owasso ,62005600,2019-07-23,1.4,4.2,mpn/100mL,N,NA
Owasso ,62005600,2019-07-23,1.4,4.2,mpn/100mL,N,NA
Owasso ,62005600,2019-07-16,9.1,5.5,mpn/100mL,N,NA
Owasso ,62005600,2019-07-16,9.1,5.5,mpn/100mL,N,NA
Owasso ,62005600,2019-07-09,1.8,4.6,mpn/100mL,N,NA
Owasso ,62005600,2019-07-09,1.8,4.6,mpn/100mL,N,NA
Owasso ,62005600,2019-07-02,2.9,5.8,mpn/100mL,N,NA
Owasso ,62005600,2019-07-02,2.9,5.8,mpn/100mL,N,NA
Owasso ,62005600,2019-06-25,20.8,9.2,mpn/100mL,N,NA
Owasso ,62005600,2019-06-25,20.8,9.2,mpn/100mL,N,NA
Owasso ,62005600,2019-06-18,5.1,6.5,mpn/100mL,N,NA
Owasso ,62005600,2019-06-18,5.1,6.5,mpn/100mL,N,NA
Owasso ,62005600,2019-06-11,4,6.9,mpn/100mL,N,NA
Owasso ,62005600,2019-06-11,4,6.9,mpn/100mL,N,NA
Owasso ,62005600,2019-06-04,5.5,8.2,mpn/100mL,N,NA
Owasso ,62005600,2019-06-04,5.5,8.2,mpn/100mL,N,NA
Owasso ,62005600,2019-05-28,28.4,10.1,mpn/100mL,N,NA
Owasso ,62005600,2019-05-28,28.4,10.1,mpn/100mL,N,NA
Owasso ,62005600,2019-05-21,3.6,3.6,mpn/100mL,N,NA
Owasso ,62005600,2019-05-21,3.6,3.6,mpn/100mL,N,NA
Owasso ,62005600,2018-08-28,61.8,5.3,mpn/100mL,N,NA
Owasso ,62005600,2018-08-28,61.8,5.3,mpn/100mL,N,NA
Owasso ,62005600,2018-08-21,1.4,2.3,mpn/100mL,N,NA
Owasso ,62005600,2018-08-21,1.4,2.3,mpn/100mL,N,NA
Owasso ,62005600,2018-08-14,3.2,2.2,mpn/100mL,N,NA
Owasso ,62005600,2018-08-14,3.2,2.2,mpn/100mL,N,NA
Owasso ,62005600,2018-08-07,1,2.9,mpn/100mL,N,NA
Owasso ,62005600,2018-08-07,1,2.9,mpn/100mL,N,NA
Owasso ,62005600,2018-07-31,15.2,3.1,mpn/100mL,N,NA
Owasso ,62005600,2018-07-31,15.2,3.1,mpn/100mL,N,NA
Owasso ,62005600,2018-07-24,1,4.8,mpn/100mL,N,NA
Owasso ,62005600,2018-07-24,1,4.8,mpn/100mL,N,NA
Owasso ,62005600,2018-07-17,1,7.1,mpn/100mL,N,NA
Owasso ,62005600,2018-07-17,1,7.1,mpn/100mL,N,NA
Owasso ,62005600,2018-07-10,13.5,12,mpn/100mL,N,NA
Owasso ,62005600,2018-07-10,13.5,12,mpn/100mL,N,NA
Owasso ,62005600,2018-07-05,1.4,7.1,mpn/100mL,N,NA
Owasso ,62005600,2018-07-05,1.4,7.1,mpn/100mL,N,NA
Owasso ,62005600,2018-06-26,128.3,9.1,mpn/100mL,N,NA
Owasso ,62005600,2018-06-26,128.3,9.1,mpn/100mL,N,NA
Owasso ,62005600,2018-06-19,7.4,5,mpn/100mL,N,NA
Owasso ,62005600,2018-06-19,7.4,5,mpn/100mL,N,NA
Owasso ,62005600,2018-06-12,13.4,4.6,mpn/100mL,N,NA
Owasso ,62005600,2018-06-12,13.4,4.6,mpn/100mL,N,NA
Owasso ,62005600,2018-06-05,1,3.2,mpn/100mL,N,NA
Owasso ,62005600,2018-06-05,1,3.2,mpn/100mL,N,NA
Owasso ,62005600,2018-05-29,4.8,5.7,mpn/100mL,N,NA
Owasso ,62005600,2018-05-29,4.8,5.7,mpn/100mL,N,NA
Owasso ,62005600,2018-05-22,6.8,6.8,mpn/100mL,N,NA
Owasso ,62005600,2018-05-22,6.8,6.8,mpn/100mL,N,NA
Owasso ,62005600,2017-08-29,9.6,8.5,mpn/100mL,N,NA
Owasso ,62005600,2017-08-29,9.6,8.5,mpn/100mL,N,NA
Owasso ,62005600,2017-08-22,3.9,6.8,mpn/100mL,N,NA
Owasso ,62005600,2017-08-22,3.9,6.8,mpn/100mL,N,NA
Owasso ,62005600,2017-08-15,5.1,7.3,mpn/100mL,N,NA
Owasso ,62005600,2017-08-15,5.1,7.3,mpn/100mL,N,NA
Owasso ,62005600,2017-08-08,1.8,6.3,mpn/100mL,N,NA
Owasso ,62005600,2017-08-08,1.8,6.3,mpn/100mL,N,NA
Owasso ,62005600,2017-08-01,134.5,6.7,mpn/100mL,N,NA
Owasso ,62005600,2017-08-01,134.5,6.7,mpn/100mL,N,NA
Owasso ,62005600,2017-07-25,3.1,2.8,mpn/100mL,N,NA
Owasso ,62005600,2017-07-25,3.1,2.8,mpn/100mL,N,NA
Owasso ,62005600,2017-07-18,5.4,2.4,mpn/100mL,N,NA
Owasso ,62005600,2017-07-18,5.4,2.4,mpn/100mL,N,NA
Owasso ,62005600,2017-07-11,2.4,2.3,mpn/100mL,N,NA
Owasso ,62005600,2017-07-11,2.4,2.3,mpn/100mL,N,NA
Owasso ,62005600,2017-07-05,2.4,2,mpn/100mL,N,NA
Owasso ,62005600,2017-07-05,2.4,2,mpn/100mL,N,NA
Owasso ,62005600,2017-06-27,1.8,1.9,mpn/100mL,N,NA
Owasso ,62005600,2017-06-27,1.8,1.9,mpn/100mL,N,NA
Owasso ,62005600,2017-06-20,1.4,2.7,mpn/100mL,N,NA
Owasso ,62005600,2017-06-20,1.4,2.7,mpn/100mL,N,NA
Owasso ,62005600,2017-06-13,3.9,3.1,mpn/100mL,N,NA
Owasso ,62005600,2017-06-13,3.9,3.1,mpn/100mL,N,NA
Owasso ,62005600,2017-06-06,1.4,2.9,mpn/100mL,N,NA
Owasso ,62005600,2017-06-06,1.4,2.9,mpn/100mL,N,NA
Owasso ,62005600,2017-05-30,2,4.2,mpn/100mL,N,NA
Owasso ,62005600,2017-05-30,2,4.2,mpn/100mL,N,NA
Owasso ,62005600,2017-05-23,8.7,8.7,mpn/100mL,N,NA
Owasso ,62005600,2017-05-23,8.7,8.7,mpn/100mL,N,NA
Owasso ,62005600,2016-08-30,2.5,1.7,mpn/100mL,N,NA
Owasso ,62005600,2016-08-30,2.5,1.7,mpn/100mL,N,NA
Owasso ,62005600,2016-08-23,1,1.6,mpn/100mL,N,NA
Owasso ,62005600,2016-08-23,1,1.6,mpn/100mL,N,NA
Owasso ,62005600,2016-08-16,3.2,4.1,mpn/100mL,N,NA
Owasso ,62005600,2016-08-16,3.2,4.1,mpn/100mL,N,NA
Owasso ,62005600,2016-08-09,2,4.5,mpn/100mL,N,NA
Owasso ,62005600,2016-08-09,2,4.5,mpn/100mL,N,NA
Owasso ,62005600,2016-08-02,1,4.2,mpn/100mL,N,NA
Owasso ,62005600,2016-08-02,1,4.2,mpn/100mL,N,NA
Owasso ,62005600,2016-07-26,1.7,5.4,mpn/100mL,N,NA
Owasso ,62005600,2016-07-26,1.7,5.4,mpn/100mL,N,NA
Owasso ,62005600,2016-07-19,106.9,7.9,mpn/100mL,N,NA
Owasso ,62005600,2016-07-19,106.9,7.9,mpn/100mL,N,NA
Owasso ,62005600,2016-07-12,5.1,5,mpn/100mL,N,NA
Owasso ,62005600,2016-07-12,5.1,5,mpn/100mL,N,NA
Owasso ,62005600,2016-07-05,1.4,3.6,mpn/100mL,N,NA
Owasso ,62005600,2016-07-05,1.4,3.6,mpn/100mL,N,NA
Owasso ,62005600,2016-06-28,3.5,4.6,mpn/100mL,N,NA
Owasso ,62005600,2016-06-28,3.5,4.6,mpn/100mL,N,NA
Owasso ,62005600,2016-06-21,11.4,5.1,mpn/100mL,N,NA
Owasso ,62005600,2016-06-21,11.4,5.1,mpn/100mL,N,NA
Owasso ,62005600,2016-06-14,10.6,4.1,mpn/100mL,N,NA
Owasso ,62005600,2016-06-14,10.6,4.1,mpn/100mL,N,NA
Owasso ,62005600,2016-06-07,1,3,mpn/100mL,N,NA
Owasso ,62005600,2016-06-07,1,3,mpn/100mL,N,NA
Owasso ,62005600,2016-05-31,4.9,5.3,mpn/100mL,N,NA
Owasso ,62005600,2016-05-31,4.9,5.3,mpn/100mL,N,NA
Owasso ,62005600,2016-05-24,5.7,5.7,mpn/100mL,N,NA
Owasso ,62005600,2016-05-24,5.7,5.7,mpn/100mL,N,NA
Snail ,62007300,2016-08-30,5.7,12.9,mpn/100mL,N,NA
Snail ,62007300,2016-08-30,5.7,12.9,mpn/100mL,N,NA
Snail ,62007300,2016-08-23,22,20.5,mpn/100mL,N,NA
Snail ,62007300,2016-08-23,22,20.5,mpn/100mL,N,NA
Snail ,62007300,2016-08-16,7,34.8,mpn/100mL,N,NA
Snail ,62007300,2016-08-16,7,34.8,mpn/100mL,N,NA
Snail ,62007300,2016-08-09,125.5,28.2,mpn/100mL,N,NA
Snail ,62007300,2016-08-09,125.5,28.2,mpn/100mL,N,NA
Snail ,62007300,2016-08-02,3.3,17.4,mpn/100mL,N,NA
Snail ,62007300,2016-08-02,3.3,17.4,mpn/100mL,N,NA
Snail ,62007300,2016-07-26,57,13.7,mpn/100mL,N,NA
Snail ,62007300,2016-07-26,57,13.7,mpn/100mL,N,NA
Snail ,62007300,2016-07-19,310.2,9.6,mpn/100mL,N,NA
Snail ,62007300,2016-07-19,310.2,9.6,mpn/100mL,N,NA
Snail ,62007300,2016-07-12,2.5,8.6,mpn/100mL,N,NA
Snail ,62007300,2016-07-12,2.5,8.6,mpn/100mL,N,NA
Snail ,62007300,2016-07-05,11,12.1,mpn/100mL,N,NA
Snail ,62007300,2016-07-05,11,12.1,mpn/100mL,N,NA
Snail ,62007300,2016-06-28,1,13.9,mpn/100mL,N,NA
Snail ,62007300,2016-06-28,1,13.9,mpn/100mL,N,NA
Snail ,62007300,2016-06-21,9.7,21,mpn/100mL,N,NA
Snail ,62007300,2016-06-21,9.7,21,mpn/100mL,N,NA
Snail ,62007300,2016-06-14,181,25.5,mpn/100mL,N,NA
Snail ,62007300,2016-06-14,181,25.5,mpn/100mL,N,NA
Snail ,62007300,2016-06-07,13.3,13.3,mpn/100mL,N,NA
Snail ,62007300,2016-06-07,13.3,13.3,mpn/100mL,N,NA
Snail ,62007300,2016-05-31,22.1,13.3,mpn/100mL,N,NA
Snail ,62007300,2016-05-31,22.1,13.3,mpn/100mL,N,NA
Snail ,62007300,2016-05-24,8,8,mpn/100mL,N,NA
Snail ,62007300,2016-05-24,8,8,mpn/100mL,N,NA
Pleasant,00,2015-08-04,5.7,6.4,mpn/100mL,N,NA
Pleasant,00,2015-08-04,5.7,6.4,mpn/100mL,N,NA
Pleasant,00,2015-07-28,208.4,6.5,mpn/100mL,N,NA
Pleasant,00,2015-07-28,208.4,6.5,mpn/100mL,N,NA
Pleasant,00,2015-07-21,1,3.8,mpn/100mL,N,NA
Pleasant,00,2015-07-21,1,3.8,mpn/100mL,N,NA
Pleasant,00,2015-07-14,6.3,4.4,mpn/100mL,N,NA
Pleasant,00,2015-07-14,6.3,4.4,mpn/100mL,N,NA
Pleasant,00,2015-07-07,1.4,5.3,mpn/100mL,N,NA
Pleasant,00,2015-07-07,1.4,5.3,mpn/100mL,N,NA
Pleasant,00,2015-06-30,6.3,7.4,mpn/100mL,N,NA
Pleasant,00,2015-06-30,6.3,7.4,mpn/100mL,N,NA
Pleasant,00,2015-06-23,14.8,7.8,mpn/100mL,N,NA
Pleasant,00,2015-06-23,14.8,7.8,mpn/100mL,N,NA
Pleasant,00,2015-06-16,2,5.7,mpn/100mL,N,NA
Pleasant,00,2015-06-16,2,5.7,mpn/100mL,N,NA
Pleasant,00,2015-06-09,16,16,mpn/100mL,N,NA
Pleasant,00,2015-06-09,16,16,mpn/100mL,N,NA
Pleasant,00,2014-08-19,34.7,5,mpn/100mL,N,NA
Pleasant,00,2014-08-19,34.7,5,mpn/100mL,N,NA
Pleasant,00,2014-08-12,2.5,1.9,mpn/100mL,N,NA
Pleasant,00,2014-08-12,2.5,1.9,mpn/100mL,N,NA
Pleasant,00,2014-07-22,1.4,5,mpn/100mL,N,NA
Pleasant,00,2014-07-22,1.4,5,mpn/100mL,N,NA
Pleasant,00,2014-07-08,17.6,5,mpn/100mL,N,NA
Pleasant,00,2014-07-08,17.6,5,mpn/100mL,N,NA
Pleasant,00,2014-06-17,4.2,2.7,mpn/100mL,N,NA
Pleasant,00,2014-06-17,4.2,2.7,mpn/100mL,N,NA
Pleasant,00,2014-06-10,1.7,1.7,mpn/100mL,N,NA
Pleasant,00,2014-06-10,1.7,1.7,mpn/100mL,N,NA
Pleasant,00,2013-08-20,38.9,6.5,mpn/100mL,N,NA
Pleasant,00,2013-08-20,38.9,6.5,mpn/100mL,N,NA
Pleasant,00,2013-08-13,1,4.4,mpn/100mL,N,NA
Pleasant,00,2013-08-13,1,4.4,mpn/100mL,N,NA
Pleasant,00,2013-08-06,1,9.2,mpn/100mL,N,NA
Pleasant,00,2013-08-06,1,9.2,mpn/100mL,N,NA
Pleasant,00,2013-07-30,14,11.3,mpn/100mL,N,NA
Pleasant,00,2013-07-30,14,11.3,mpn/100mL,N,NA
Pleasant,00,2013-07-23,21.5,9.6,mpn/100mL,N,NA
Pleasant,00,2013-07-23,21.5,9.6,mpn/100mL,N,NA
Pleasant,00,2013-07-16,5.5,7.2,mpn/100mL,N,NA
Pleasant,00,2013-07-16,5.5,7.2,mpn/100mL,N,NA
Pleasant,00,2013-07-09,38.6,7.7,mpn/100mL,N,NA
Pleasant,00,2013-07-09,38.6,7.7,mpn/100mL,N,NA
Pleasant,00,2013-07-02,2.9,4.5,mpn/100mL,N,NA
Pleasant,00,2013-07-02,2.9,4.5,mpn/100mL,N,NA
Pleasant,00,2013-06-25,6.3,5.7,mpn/100mL,N,NA
Pleasant,00,2013-06-25,6.3,5.7,mpn/100mL,N,NA
Pleasant,00,2013-06-18,5.1,5.1,mpn/100mL,N,NA
Pleasant,00,2013-06-18,5.1,5.1,mpn/100mL,N,NA
Pleasant,62004600,2010-08-17,4.4,15.5,mpn/100mL,N,NA
Pleasant,62004600,2010-08-17,4.4,15.5,mpn/100mL,N,NA
Pleasant,62004600,2010-08-10,168.5,21.6,mpn/100mL,N,NA
Pleasant,62004600,2010-08-10,168.5,21.6,mpn/100mL,N,NA
Pleasant,62004600,2010-08-03,7.3,28.5,mpn/100mL,N,NA
Pleasant,62004600,2010-08-03,7.3,28.5,mpn/100mL,N,NA
Pleasant,62004600,2010-07-27,1,50.7,mpn/100mL,N,NA
Pleasant,62004600,2010-07-27,1,50.7,mpn/100mL,N,NA
Pleasant,62004600,2010-07-20,162.8,98.7,mpn/100mL,N,NA
Pleasant,62004600,2010-07-20,162.8,98.7,mpn/100mL,N,NA
Pleasant,62004600,2010-07-13,23.4,79.6,mpn/100mL,N,NA
Pleasant,62004600,2010-07-13,23.4,79.6,mpn/100mL,N,NA
Pleasant,62004600,2010-07-06,667.6,78.5,mpn/100mL,N,NA
Pleasant,62004600,2010-07-06,667.6,78.5,mpn/100mL,N,NA
Pleasant,62004600,2010-06-29,131.8,46,mpn/100mL,N,NA
Pleasant,62004600,2010-06-29,131.8,46,mpn/100mL,N,NA
Pleasant,62004600,2010-06-22,27.9,32.4,mpn/100mL,N,NA
Pleasant,62004600,2010-06-22,27.9,32.4,mpn/100mL,N,NA
Pleasant,62004600,2010-06-15,55.5,34.9,mpn/100mL,N,NA
Pleasant,62004600,2010-06-15,55.5,34.9,mpn/100mL,N,NA
Pleasant,62004600,2010-06-08,21.9,21.9,mpn/100mL,N,NA
Pleasant,62004600,2010-06-08,21.9,21.9,mpn/100mL,N,NA
Pleasant,62004600,2006-06-13,34.3,34.3,mpn/100mL,N,NA
Pleasant,62004600,2006-06-13,34.3,34.3,mpn/100mL,N,NA
